6110023,Waterstone,11/17/2006,,,,2,0,Notice of Violation,11/22/2006
6110025,Waterstone,11/22/2006,,,,0,0,,
5060001,Wal-Mart Shopping CTR,6/14/2005,,,,0,0,,
6100037,Walgreen's,10/5/2006,,,,1,0,Notice of Violation,10/5/2006
6090027,W Lake VW,9/15/2006,,,,1,0,Notice of Violation,9/15/2006
6080017,Villas @ Riverstone,8/15/2006,,,,1,0,Notice of Violation,8/15/2006
6100062,Villas @ Riverstone,10/24/2006,,,,0,0,,
7110006,Towne ML,11/16/2007,,,,0,0,,
6060079,Town ML,6/23/2006,,,,1,0,Notice of Violation,6/23/2006
6110022,Town ML,11/17/2006,,,,0,0,,
6040033,Town Mill (Front Se),4/26/2006,,,,1,0,Notice of Violation,4/26/2006
6040003,Town Mill (Back of Site),4/4/2006,,,,1,0,Notice of Violation,4/4/2006
6080023,The Villas @ Riverstone,8/21/2006,,,,1,0,Notice of Violation,8/21/2006
6050019,The Station (Rear Sec),5/9/2006,,,,1,0,Notice of Violation,5/9/2006
6040004,The Station (Open Site),4/5/2006,,,,1,0,Notice of Violation,4/5/2006
6040023,The Station (Ne Back),4/21/2006,,,,1,0,Notice of Violation,4/21/2006
6070020,The Sta,7/12/2006,,,,1,0,Notice of Violation,7/12/2006
7080010,The Preserve's @ Puckett Cree,8/22/2007,,,,0,0,,
6060076,The Preserve @ Holly Spgs,6/22/2006,,,,1,0,Notice of Violation,6/22/2006
6040026,Site Behind Sears,4/26/2006,,,,1,0,Notice of Violation,4/26/2006
5020002,Sales Office Hidden Lakes Sub,2/21/2005,,,,0,0,,
6060050,Riverstone VLG,6/7/2006,,,,1,0,Notice of Violation,6/7/2006
6080024,Riverstone VLG,8/21/2006,,,,1,0,Notice of Violation,8/21/2006
6110021,Riverstone VLG,11/13/2006,,,,2,0,Notice of Violation,11/21/2006
7010040,Riverstone VLG,1/10/2007,,,,1,0,Notice of Violation,1/10/2007
6040030,Riverstone Village (Se Back),4/26/2006,,,,1,0,Notice of Violation,4/26/2006
7080011,Riverstone Pkwy,8/29/2007,,,,0,0,,
6040029,Riverstone Commins,4/26/2006,,,,1,0,Notice of Violation,4/26/2006
5030001,Ridge Rd,3/30/2005,,,,0,0,,
6040006,Reynolds Park,4/6/2006,,,,2,0,Notice of Violation,5/11/2006
6040007,Reynalds Park (In Road),4/6/2006,,,,1,0,Notice of Violation,4/6/2006
6060081,Puckett Crk,6/26/2006,,,,1,0,Notice of Violation,6/27/2006
6040011,Prominence Pond,4/12/2006,,,,1,0,Notice of Violation,4/12/2006
6040012,Prominence Pond,4/12/2006,,,,1,0,Notice of Violation,4/12/2006
6040005,Prominence,4/5/2006,,,,1,0,Notice of Violation,4/5/2006
6060077,Pettit St (Apt),6/23/2006,,,,2,0,Notice of Violation,6/27/2006
6030036,Norton LK,3/21/2006,,,,1,0,Notice of Violation,3/21/2006
6070016,Norton LK,7/11/2006,,,,2,0,Notice of Violation,10/5/2006
6090006,Norton LK,9/13/2006,,,,0,0,Citation / Ticket,9/13/2006
6040021,Norton Lake (Front),4/19/2006,,,,1,0,Notice of Violation,4/19/2006
6040020,Norton Lake (Back),4/19/2006,,,,1,0,Notice of Violation,4/19/2006
6050018,Norton Lake (Back Lot),5/9/2006,,,,1,0,Notice of Violation,5/9/2006
6080028,New Site Across/Riverstone Com,8/23/2006,,,,0,0,,
6100044,New Site Across/Riverstone Com,10/9/2006,,,,0,0,,
6030025,New Sec Southern Lgts,3/15/2006,,,,1,0,Notice of Violation,3/16/2006
6110020,New McDonalds Mareitta Hwy,11/9/2006,,,,1,0,Notice of Violation,11/9/2006
6110026,New McDonalds @ Mareitta Hwy,11/22/2006,,,,0,0,,
6040008,New House Behind The Sta,4/7/2006,,,,0,0,,
6080013,New Canton Elem,8/11/2006,,,,0,0,,
202012001,Near 471 Marietta St A&B,12/16/2020,,12/16/2020,,1,0,Notice of Violation,3/30/2021
6070015,Morning Mist,7/10/2006,,,,1,0,Notice of Violation,7/10/2006
7120010,Microtel Hotel,12/21/2007,,,,0,0,,
7120005,Microtel,12/13/2007,",",,,0,0,,
6060075,Meridian St (Apt),6/21/2006,,,,0,0,Citation / Ticket,6/21/2006
6110002,Meridian St,11/1/2006,,,,0,0,,
6040031,Medical Ln/Condo's 2000,4/26/2006,,,,1,0,Notice of Violation,4/26/2006
7070001,Lot(S) 34&35,7/12/2007,",",,,0,0,,
6060082,Longleaf Laurel Cyn,6/27/2006,,,,0,0,,
5050001,Liberty Blvd,5/12/2005,,,,0,0,,
5050002,Liberty Blvd,5/12/2005,,,,0,0,,
6110013,Laurel Canyon Golf Crse,11/6/2006,,,,0,0,,
6050013,Laural Cyn,5/4/2006,,,,2,0,Notice of Violation,5/9/2006
6080018,Laural Cyn,8/15/2006,,,,1,0,Notice of Violation,8/15/2006
6050016,Laural Canyon/Golf Crse,5/8/2006,,,,1,0,Notice of Violation,5/8/2006
6050017,Laural Canyon/Golf Crse,5/8/2006,,,,1,0,Notice of Violation,5/8/2006
6080026,Lake View New Home,8/21/2006,,,,1,0,Notice of Violation,8/21/2006
6020005,Iris Park,1/23/2006,,,,1,0,Notice of Violation,2/3/2006
6020006,Iris Park,1/23/2006,,,,1,0,Notice of Violation,2/3/2006
6020007,Iris Park,1/23/2006,,,,1,0,Notice of Violation,2/3/2006
7090004,Iris Park,9/21/2007,,,,0,0,,
6030037,Hidden Lake (Open Lake),3/22/2006,,,,1,0,Notice of Violation,3/22/2006
7120002,Hidden Crk,12/12/2007,,,,0,0,,
8030004,Hidden Crk,3/3/2008,,,,1,0,Notice of Violation,3/3/2008
6040022,Hidden Creek (Front),4/20/2006,,,,1,0,Notice of Violation,4/20/2006
6040032,GA Ind (W Rear/N Side),4/26/2006,,,,1,0,Notice of Violation,4/26/2006
6040027,Franklin Park/River Bend Way,4/26/2006,,,,0,0,Citation / Ticket,4/26/2006
6060056,Franklin Park,6/12/2006,,,,1,0,Notice of Violation,6/12/2006
6060080,Franklin Park,6/23/2006,,,,1,0,Notice of Violation,6/23/2006
6070022,Eagle VW,7/21/2006,,,,1,0,Notice of Violation,7/21/2006
6040034,Eagle View (Front),4/26/2006,,,,1,0,Notice of Violation,4/26/2006
6080027,Day Care Riverstone Pkwy,8/22/2006,,,,1,0,Notice of Violation,8/22/2006
6080029,Day Care Riverstone Pkwy,8/24/2006,,,,1,0,Notice of Violation,8/24/2006
6080030,Crisler St,8/24/2006,,,,1,0,Notice of Violation,8/24/2006
6080025,Crescent Bank,8/21/2006,,,,1,0,Notice of Violation,8/21/2006
6060047,Creek Crossing (Pkwy),6/6/2006,,,,1,0,Notice of Violation,6/6/2006
7120013,Corner of Hwy 5 and A,12/13/2007,,,,0,0,Citation / Ticket,39429
7110007,Canton HTS,11/29/2007,,,,0,0,,
6090026,Canton Elementary,9/26/2006,,,,1,0,Notice of Violation,9/26/2006
7010007,Canton Elementary,1/5/2007,,,,0,0,Citation / Ticket,1/5/2007
7010039,Bluff's Pkwy,1/10/2007,,,,1,0,Notice of Violation,1/10/2007
6060049,Best Western,6/7/2006,,,,1,0,Notice of Violation,6/7/2006
6060078,Best Western,6/23/2006,,,,1,0,Notice of Violation,6/23/2006
6080002,Best Western,8/2/2006,,,,1,0,Notice of Violation,8/2/2006
6080004,Best Western,8/4/2006,,,,1,0,Notice of Violation,8/4/2006
6080016,Bank of Canton,8/16/2006,,,,1,0,Notice of Violation,8/14/2006
7110002,8 Riverdale Crk,11/15/2007,",",,,0,0,,
202103012,8 Riverdale CR,3/23/2021,,4/19/2021,,0,0,Citation / Ticket,3/23/2021
6110037,72S Chestnut Glen/Rivergreen,11/29/2006,,,,1,0,Notice of Violation,11/29/2006
2020041,653 Ocean AV,11/24/2020,,11/24/2020,,1,0,Notice of Violation,11/24/2020
2020038,638 Ocean Ave,11/24/2020,,11/24/2020,,1,0,Notice of Violation,3/30/2021
2020037,636 Ocean AV,11/24/2020,,11/24/2020,,1,0,Notice of Violation,11/24/2020
5110038,604 Elmwood St,11/22/2005,,,,0,0,,
202104006,6017 Governors Walk Dr,4/12/2021,,4/12/2021,,0,0,,
5110024,6 Riverdale Crk,11/17/2005,,,,0,0,,
5110026,591 Marietta Rd,11/12/2005,,,,0,0,,
202104007,540 Riverstone Pkwy,4/16/2021,,4/16/2021,,0,0,Citation / Ticket,4/16/2021
2020027,528 Matthew Dr,11/19/2020,302.8,12/21/2020,,1,0,Notice of Violation,3/30/2021
5100039,509 Dogwood St,10/17/2005,,,,0,0,,
7060008,5021 Rebel's Run,6/26/2007,,,,0,0,,
7070002,5021 Rebel's Run,7/18/2007,,,,0,0,,
7080001,5021 Rebel's Run,3/25/2008,,,,0,0,,
202104008,49 Field CR,4/16/2021,,4/16/2021,,1,0,Notice of Violation,4/16/2021
202104011,49 Field CR,4/21/2021,,4/21/2021,,1,0,Notice of Violation,4/21/2021
5100087,471 Hospital Rd,10/18/2005,,,,0,0,,
7070005,451 Hospital Rd,7/6/2007,,,,0,0,,
5110006,451 Center St,11/9/2005,,,,0,0,,
6070010,445 Center St,7/5/2006,,,,1,0,Notice of Violation,7/12/2006
5100024,442 Center St,10/17/2005,,,,0,0,,
5120003,441 Center St,12/5/2005,,,,0,0,,
5120002,438 Center St,12/5/2005,,,,0,0,,
8100001,4369 Tanners Church Rd,10/14/2008,,,,0,0,Citation / Ticket,10/14/2008
8100002,4369 Tanners Church Rd,10/14/2008,,,,0,0,Citation / Ticket,10/14/2008
5100089,430 Hospital Rd,10/18/2005,,,,0,0,,
5120001,429 Center St,12/5/2005,,,,0,0,,
202102001,421 Main St,2/3/2021,,2/3/2021,,1,0,Notice of Violation,2/3/2021
2020036,412 Trail Finders Way,11/24/2020,,11/24/2020,,1,0,Notice of Violation,11/24/2020
2020034,407 Parkbrook Way,11/24/2020,,11/24/2020,,1,0,Notice of Violation,11/24/2020
5100032,402 Erica Ct,10/17/2005,,,,0,0,,
7010038,397 McClure St,1/10/2007,,,,1,0,Notice of Violation,1/10/2007
5110041,390 Hospital Rd,11/28/2005,,,,0,0,,
5120004,3780 Cherokee Overlook Dr,12/5/2005,,,,0,0,,
5100079,3745 Cherokee Overlook Dr,10/18/2005,,,,0,0,,
202103018,360 Cherokee St,3/29/2021,,3/29/2021,,1,0,Notice of Violation,3/29/2021
202102003,351 Scott Mill Rd,2/8/2021,,2/8/2021,,0,0,,
5100071,351 Scott Mill Rd,11/29/2005,,,,0,0,,
3100030,350 Teasley St,9/24/2003,,10/16/2003,,0,0,Citation / Ticket,10/28/2003
7020004,350 Teasley St,2/2/2007,,,,0,0,,
5100060,331 McClain St,10/18/2005,,,,0,0,,
5100010,327 Birch St,10/17/2005,,,,0,0,,
202102009,326 Heights Pl,2/22/2021,,2/22/2021,,0,0,,
8030008,321 Archer St,3/10/2008,",",,,0,0,,
5110017,320 Birch St,11/15/2005,,,,0,0,,
202104012,318 Birch St,4/29/2021,,4/29/2021,,1,0,Notice of Violation,4/29/2021
2020033,314 Tupelo Trl,11/24/2020,,11/24/2020,,1,0,Notice of Violation,11/24/2020
5110040,314 Birch St,11/28/2005,,,,0,0,,
6060032,311 Birch St,6/2/2006,,,,1,0,Notice of Violation,6/2/2006
8030007,311 Archer St,3/10/2008,",",,,0,0,,
5100070,281 E Killian St,10/18/2005,,,,0,0,,
2020009,280 Hickory Ridge Rd,10/1/2020,,10/1/2020,,0,0,,
5100097,278 Academy St,10/18/2005,,,,0,0,,
2020003,269 Marietta Hwy,9/28/2020,307.1,10/12/2020,,1,0,Notice of Violation,10/14/2020
5070035,2649 Marietta Hywy,7/12/2005,,,,0,0,Citation / Ticket,7/12/2005
5110043,251 Teasley St,11/29/2005,,,,0,0,,
5100069,251 E Killian St,10/18/2005,,,,0,0,,
5100061,243 McLain St,10/18/2005,,,,0,0,,
7120012,243 Hillcrest RDG,12/12/2007,,,,0,0,,
6080011,242 Creekside,8/9/2006,,,,1,0,Notice of Violation,8/9/2006
2020042,241 Hillcrest Ridge,12/2/2020,108.1.3,12/2/2020,,1,0,Notice of Violation,12/2/2020
2021001,241 Hillcrest Ridge,1/8/2021,,1/8/2021,,0,0,,
5100068,241 E Killian St,10/18/2005,,,,0,0,,
5100120,240 Dr John T Pettit St,10/31/2005,,,,0,0,,
202103011,230 Hospital Rd,3/22/2021,,3/29/2021,,1,1,Final Notice of Violation,3/29/2021
6060009,2294 Town ML,6/1/2006,,,,1,0,Notice of Violation,6/1/2006
6060011,2290 Town ML,6/1/2006,,,,1,0,Notice of Violation,6/1/2006
7010046,2284 Town ML,1/22/2007,,,,1,0,Notice of Violation,1/22/2007
8020019,226 W Marrietta,2/27/2008,,,,1,0,Notice of Violation,2/27/2008
8020020,226 W Marrietta,2/27/2008,,,,0,0,Citation / Ticket,2/27/2008
2020008,226 Hidden Creek Pt,10/1/2020,,11/2/2020,,1,0,Notice of Violation,11/2/2020
7010047,2238 Town ML,1/22/2007,,,,1,0,Notice of Violation,1/22/2007
17120002,2200 Riverstone BV,12/4/2017,,,,0,0,,
8020011,220 Edwards St,2/7/2008,,,,1,0,Notice of Violation,2/7/2008
5100096,22 Riverdale Crk,10/18/2005,,,,0,0,,
5100029,22 Highland St,10/17/2005,,,,0,0,,
2020022,2191 Marietta Hwy,10/28/2020,,10/28/2020,,1,0,Notice of Violation,10/28/2020
17120005,211 Crisler St,12/7/2017,,,,0,0,,
5110031,211 Cartersville St,11/22/2005,,,,0,0,,
202103016,210 Roy St,3/29/2021,,3/29/2021,,1,0,Notice of Violation,3/29/2021
202103021,208 Alpine St,3/30/2021,,3/30/2021,,0,0,,
6090141,208 Alpine St,9/25/2006,,,,0,0,,
2020029,207 Lauren Ln,11/24/2020,,11/24/2020,,1,0,Notice of Violation,11/24/2020
202101002,205 Westbury Ct,1/21/2021,,1/21/2021,,0,0,,
6100039,205 Norton LK,10/5/2006,,,,1,0,Notice of Violation,10/5/2006
202104003,203 Westbury Ct,4/5/2021,,4/5/2021,,1,0,Notice of Violation,4/5/2021
202103007,203 Marietta Rd,3/12/2021,,3/12/2021,,1,0,Notice of Violation,3/12/2021
202101003,202 Westbury Ct,1/21/2021,,1/21/2021,,0,0,,
202104002,202 Westbury Ct,4/5/2021,,4/5/2021,,1,0,Notice of Violation,4/5/2021
202103001,2017 Marietta Hwy,3/2/2021,,3/2/2021,,1,0,Notice of Violation,3/2/2021
5110029,190 Killian St,11/21/2005,,,,0,0,,
202102004,190 Etowah Industrial Ct,2/12/2021,,2/12/2021,,1,0,Notice of Violation,2/12/2021
202102012,190 Etowah Industrial Ct,2/25/2021,,3/8/2021,,0,0,Citation / Ticket,2/25/2021
202103010,1883 Hickory Flat Hwy,3/19/2021,,3/26/2021,,1,0,Notice of Violation,3/19/2021
7040003,185 Shoal Creek Rd,4/3/2007,,,,1,0,Notice of Violation,8/20/2007
202104001,1820 River Pointe Pkwy,4/2/2021,,4/2/2021,,0,0,,
5110030,181 Killian St,11/21/2005,,,,0,0,,
5020001,1750 Marietta Hwy,2/21/2005,,,,0,0,,
5020003,1750 Marietta Hwy,2/24/2005,,,,0,0,,
5100064,171 Killian St,10/18/2005,,,,0,0,,
5100075,170 Scott Mill Rd,10/18/2005,,,,0,0,,
202103002,1625 Ball Ground Hwy,3/3/2021,,3/10/2021,,0,0,,
202103017,161 Cherokee St,3/29/2021,,3/29/2021,,1,0,Notice of Violation,3/29/2021
202103019,1546 Riverstone Pkwy,3/30/2021,,3/30/2021,,0,1,Final Notice of Violation,3/30/2021
5100084,151 Teasley St,10/18/2005,,,,0,0,,
17120001,151 Elizabeth St,12/4/2017,,,,0,0,Citation / Ticket,12/4/2017
17120004,151 Elizabeth St,12/4/2017,,,,0,0,,
202101009,151 Elizabeth St,1/25/2021,,,,0,0,,
7010004,150 Hickory Flat HW,1/3/2007,,,,0,0,,
8030009,15 Hill St Cir,3/10/2008,",",,,0,0,,
2020002,1494 Riverstone Pkwy,9/28/2020,107.09.02?(B)(3),9/28/2020,,2,0,Notice of Violation,10/28/2020
7010018,143 Hidden LK,1/10/2007,,,,1,0,Notice of Violation,1/10/2007
202104010,141 Jarvis St,4/16/2021,,4/16/2021,,1,0,Notice of Violation,4/16/2021
202103014,135 Stargaze RDG,3/24/2021,,3/24/2021,,1,0,Notice of Violation,3/24/2021
202104009,134 Hidden Lake Cir,4/16/2021,,4/16/2021,,1,0,Notice of Violation,4/16/2021
202103013,130 Stargaze RDG,3/24/2021,,3/24/2021,,1,0,Notice of Violation,3/24/2021
6060010,1298 Town ML,6/1/2006,,,,2,0,Notice of Violation,6/13/2006
202103005,125 Riverstone Ter,3/4/2021,,3/4/2021,,1,0,Notice of Violation,3/4/2021
202102007,124 Mashburn Pl,2/17/2021,,2/17/2021,,0,0,,
5100082,1227 Lightfoot Dr,10/18/2005,,,,0,0,,
5100063,121 Edwards St,10/18/2005,,,,0,0,,
2020011,120 Marietta Hwy,10/6/2020,"302.1, 302.4",10/13/2020,,1,0,Notice of Violation,10/6/2020
5100091,12 Riverdale Crk,10/18/2005,,,,0,0,,
2020035,113 Stargaze RDG,11/24/2020,,11/24/2020,,1,0,Notice of Violation,11/24/2020
7010019,112 Hidden LK,1/10/2007,,,,0,0,,
202103008,111 Daisy Cir,3/15/2021,,3/16/2021,,1,0,Notice of Violation,3/15/2021
202101004,110 Academy St,1/25/2021,,,,0,0,,
202101005,110 Academy St,1/25/2021,,,,0,0,,
202101006,110 Academy St,1/25/2021,,,,0,0,,
202101007,110 Academy St,1/25/2021,,,,0,0,,
202101008,110 Academy St,1/25/2021,,,,0,0,,
202103015,11 Lakeview Dr,3/29/2021,,3/29/2021,,1,0,Notice of Violation,3/29/2021
202104005,11 Lakeview Dr,4/8/2021,,4/8/2021,,1,0,Notice of Violation,4/8/2021
2020010,104 Mashburn Pl,10/5/2020,"304.13.2, 307.3",10/5/2020,,1,0,Notice of Violation,10/5/2020
202103004,104 Alexander Dr Bldg 1000,3/4/2021,,4/5/2021,,1,0,Notice of Violation,3/4/2021
2020030,103 Pine Sandy Bank Dr,11/24/2020,,11/24/2020,,1,0,Notice of Violation,11/24/2020
8010009,1019 Marietta Rd,1/15/2008,,,,1,0,Notice of Violation,1/15/2008
202103003,101 Riverstone Pkwy,3/3/2021,,3/10/2021,,1,0,Notice of Violation,3/3/2021
5100055,1007 Whispering Woods Dr,10/17/2005,,,,0,0,,
202103020,100 River Pointe Pkwy,3/30/2021,,3/30/2021,,0,0,,
5110019,100 Hillcrest Dr,11/17/2005,,,,0,0,,
202104004,100 Hearthstone Lndg,4/7/2021,,4/14/2021,,1,0,Notice of Violation,4/7/2021
6030026,#D17 Reynolds Park,3/15/2006,,,,1,0,Notice of Violation,3/16/2006
6110045,#9T New Point/Rivergreen,11/29/2006,,,,1,0,Notice of Violation,11/29/2006
6060016,#99 Stoney Holw,6/2/2006,,,,1,0,Notice of Violation,6/2/2006
7010026,#96 Hidden Crk,1/10/2007,,,,1,0,Notice of Violation,1/10/2007
6060014,#93D Woodbury,6/1/2006,,,,1,0,Notice of Violation,6/1/2006
6060013,#92D Woodbury,6/1/2006,,,,1,0,Notice of Violation,6/1/2006
6060018,#92 Stoney Holw,6/2/2006,,,,1,0,Notice of Violation,6/2/2006
6090030,#92 Great Sky/Thundering HLS,9/27/2006,,,,1,0,Notice of Violation,9/27/2006
6080001,#92 Day Brack Rush,8/1/2006,,,,1,0,Notice of Violation,8/1/2006
6060017,#91 Stoney Holw,6/2/2006,,,,1,0,Notice of Violation,6/2/2006
6060007,#90 Stoney Hollow Rd,6/1/2006,,,,1,0,Notice of Violation,6/1/2006
6060068,#90 Mountain VW,6/13/2006,,,,1,0,Notice of Violation,6/13/2006
7010028,#90 Hidden Crk,1/10/2007,,,,1,0,Notice of Violation,1/10/2007
6040025,#9 Hidden LK,4/25/2006,,,,1,0,Notice of Violation,4/25/2006
7010016,#9 Hidden LK,1/10/2007,,,,1,0,Notice of Violation,1/10/2007
6060004,#89 Stoney Hollow Rd,6/1/2006,,,,2,0,Notice of Violation,6/13/2006
7010027,#89 Hidden Crk,1/10/2007,,,,1,0,Notice of Violation,1/10/2007
6090032,#89 Great Sky/Thundering HLS,9/27/2006,,,,1,0,Notice of Violation,9/27/2006
6030024,#88 Tupelo Trl,3/15/2006,,,,1,0,Notice of Violation,3/15/2006
6060003,#88 Stoney Hollow Rd,6/1/2006,,,,1,0,Notice of Violation,6/1/2006
7010025,#88 Hidden Crk,1/10/2007,,,,1,0,Notice of Violation,1/10/2007
6060002,#87 Stoney Hollow Rd,6/1/2006,,,,1,0,Notice of Violation,6/1/2006
6060001,#86 Stoney Hollow Rd,6/1/2006,,,,2,0,Notice of Violation,6/13/2006
6060063,#86 Mountian VW,6/13/2006,,,,1,0,Notice of Violation,6/13/2006
6060062,#85 Mountian VW,6/13/2006,,,,1,0,Notice of Violation,6/13/2006
6040013,#84 Norton LK,4/13/2006,,,,2,0,Notice of Violation,5/9/2006
6060061,#84 Mountain VW,6/13/2006,,,,1,0,Notice of Violation,6/13/2006
6060060,#83 Mountain VW,6/13/2006,,,,1,0,Notice of Violation,6/13/2006
6090029,#82 Great Sky/,9/27/2006,,,,1,0,Notice of Violation,9/27/2006
6090036,#81 Great Sky/Thundering HLS,9/27/2006,,,,1,0,Notice of Violation,9/27/2006
6090020,#80D Rivergreen/Woodbury,9/26/2006,,,,1,0,Notice of Violation,9/26/2006
6050007,#80 Mountain VW,5/2/2006,,,,2,0,Notice of Violation,5/11/2006
6060059,#80 Mountain VW,6/13/2006,,,,1,0,Notice of Violation,6/13/2006
6080009,#80 Mountain VW,8/9/2006,,,,1,0,Notice of Violation,8/9/2006
6090028,#80 Mountain VW,9/12/2006,,,,1,0,Notice of Violation,9/12/2006
7010013,#80 Mountain VW,1/10/2007,,,,1,0,Notice of Violation,1/10/2007
6070011,#8 Southern Lgts,7/6/2006,,,,1,0,Notice of Violation,7/6/2006
6080003,#8 Horizion Peaks,8/3/2006,,,,1,0,Notice of Violation,8/3/2006
6060025,#79 Thundering HLS,6/5/2006,,,,0,0,,
6060058,#79 Mountain VW,6/13/2006,,,,1,0,Notice of Violation,6/13/2006
6080010,#79 Mountain VW,8/9/2006,,,,1,0,Notice of Violation,8/9/2006
7010012,#79 Mountain VW,1/10/2007,,,,1,0,Notice of Violation,1/10/2007
6090037,#79 Great Sky/Thundering HLS,9/27/2006,,,,1,0,Notice of Violation,9/27/2006
6090014,#78S Rivergreen/Chestnut GLN,9/26/2006,,,,1,0,Notice of Violation,9/26/2006
6110033,#78S Chestnut Glen/Rivergreen,11/29/2006,,,,1,0,Notice of Violation,11/29/2006
6090015,#75S Rivergreen/Chestnut GLN,9/26/2006,,,,1,0,Notice of Violation,9/26/2006
6110034,#75S Chestnut Glen/Rivergreen,11/29/2006,,,,1,0,Notice of Violation,11/29/2006
6090016,#74S Rivergreen/Chestnut GLN,9/26/2006,,,,1,0,Notice of Violation,9/26/2006
6110035,#74S Chestnut Glen/Rivergreen,11/29/2006,,,,1,0,Notice of Violation,11/29/2006
6090017,#73S Rivergreen/Chestnut GLN,9/26/2006,,,,1,0,Notice of Violation,9/26/2006
6110036,#73S Chestnut Glen/Rivergreen,11/29/2006,,,,1,0,Notice of Violation,11/29/2006
6090018,#71S Rivergreen/Chestnut GLN,9/26/2006,,,,1,0,Notice of Violation,9/26/2006
6110038,#71S Chestnut/Glen,11/29/2006,,,,1,0,Notice of Violation,11/29/2006
6070021,#70 Starlight Climb,7/20/2006,,,,1,0,Notice of Violation,7/20/2006
6060057,#70 Mountain VW,6/13/2006,,,,1,0,Notice of Violation,6/13/2006
6090047,#7 Great Sky/Mourning Mist,9/27/2006,,,,1,0,Notice of Violation,9/27/2006
6110003,#69 Norton LK,11/1/2006,,,,1,0,Notice of Violation,11/1/2006
6040014,#67 Hidden LK,4/14/2006,,,,1,0,Notice of Violation,4/14/2006
6040015,#66 Hidden LK,4/14/2006,,,,1,0,Notice of Violation,4/14/2006
6050044,#66 Hidden LK,5/30/2006,,,,1,0,Notice of Violation,5/30/2006
6060024,#65 Puckett Crk,6/2/2006,,,,1,0,Notice of Violation,6/2/2006
6050045,#65 Hidden LK,5/30/2006,,,,1,0,Notice of Violation,5/30/2006
6030022,#62 Parkbrook Way,3/15/2006,,,,1,0,Notice of Violation,3/15/2006
6060083,#6 Southern Lgts,6/29/2006,,,,1,0,Notice of Violation,6/29/2006
6090046,#6 Great Sky/Mourning Mist,9/27/2006,,,,1,0,Notice of Violation,9/27/2006
6110019,#6 Gov' Walk,11/9/2006,,,,1,0,Notice of Violation,11/9/2006
6060019,#59 Stoney Holw,6/2/2006,,,,1,0,Notice of Violation,6/2/2006
6090049,#59 Great Sky/Southern Lgts,9/28/2006,,,,1,0,Notice of Violation,9/28/2006
6110032,#58 Southern Lights/Great Sky,11/28/2006,,,,1,0,Notice of Violation,11/28/2006
6090048,#58 Great Sky/Southern Lgts,9/28/2006,,,,1,0,Notice of Violation,9/28/2006
6100058,#58 Great Sky/Southern Lgts,10/23/2006,,,,1,0,Notice of Violation,10/23/2006
6030028,#57 Canton Hieghts,3/16/2006,,,,1,0,Notice of Violation,3/16/2006
6030027,#56 Canton Hieghts,3/16/2006,,,,1,0,Notice of Violation,3/16/2006
6030032,#55 Sessna Dr,3/16/2006,,,,1,0,Notice of Violation,3/16/2006
6040001,#55 Parkbrook Way,4/3/2006,,,,1,0,Notice of Violation,4/3/2006
6030042,#54 Parkbrook Way,3/29/2006,,,,1,0,Notice of Violation,3/29/2006
6090061,#54 Park VLG,9/28/2006,,,,1,0,Notice of Violation,9/28/2006
6090041,#54 Great Sky/Mourning Mist,9/27/2006,,,,1,0,Notice of Violation,9/27/2006
6100042,#510 Encalve @ HM,10/5/2006,,,,1,0,Notice of Violation,10/5/2006
6030031,#51 Sessna Dr,3/16/2006,,,,1,0,Notice of Violation,3/16/2006
6100041,#509 Enclave @ HM,10/5/2006,,,,1,0,Notice of Violation,10/5/2006
6030030,#50 Sessna Dr,3/16/2006,,,,1,0,Notice of Violation,3/16/2006
6060084,#5 Southren Lgts,6/29/2006,,,,1,0,Notice of Violation,6/29/2006
6090045,#5 Great Sky/Mourning Mist,9/27/2006,,,,1,0,Notice of Violation,9/27/2006
6100049,#5 Canton HTS,10/20/2006,,,,1,0,Notice of Violation,10/20/2006
6040019,#49 Hidden LK,4/18/2006,,,,1,0,Notice of Violation,4/19/2006
6030029,#48 Sessna Dr,3/16/2006,,,,1,0,Notice of Violation,3/16/2006
6050038,#47 Springs Xing,5/18/2006,,,,1,0,Notice of Violation,5/18/2006
6060052,#47 Hiddin LK,6/12/2006,,,,1,0,Notice of Violation,6/12/2006
6050043,#47 Hidden LK,5/22/2006,,,,1,0,Notice of Violation,5/22/2006
6050037,#46 Springs Crosing,5/18/2006,,,,1,0,Notice of Violation,5/18/2006
6060053,#46 Hiddin LK,6/12/2006,,,,1,0,Notice of Violation,6/12/2006
6090022,#45D Rivergreen/Woodbury,9/26/2006,,,,1,0,Notice of Violation,9/26/2006
6050036,#45 Springs Xing,5/18/2006,,,,1,0,Notice of Violation,5/18/2006
6090021,#44D Rivergreen/Woodbury,9/26/2006,,,,1,0,Notice of Violation,9/26/2006
6050035,#44 Springs Xing,5/18/2006,,,,1,0,Notice of Violation,5/18/2006
6090040,#43 Great Sky/Morning Mist,9/27/2006,,,,1,0,Notice of Violation,9/27/2006
6090039,#42 Great Sky/Morning Mist,9/27/2006,,,,1,0,Notice of Violation,9/27/2006
6090044,#4 Great Sky/Mourning Mist,9/27/2006,,,,1,0,Notice of Violation,9/27/2006
6040017,#39 Hidden LK,4/18/2006,,,,1,0,Notice of Violation,4/18/2006
6090023,#38H Rivergreen/Addison,9/26/2006,,,,1,0,Notice of Violation,9/26/2006
6090024,#36H Rivergreen/Addison,9/26/2006,,,,1,0,Notice of Violation,9/26/2006
6040038,#35 Towering Peaks,4/27/2006,,,,1,0,Notice of Violation,4/27/2006
6090025,#34H Rivergreen/Addison,9/26/2006,,,,1,0,Notice of Violation,9/26/2006
6040037,#34 Towering Peaks,4/27/2006,,,,1,0,Notice of Violation,4/27/2006
6090019,#34 Rivergreen/Woodbury,9/26/2006,,,,1,0,Notice of Violation,9/26/2006
6060074,#34 Creekside @ Prominence,6/20/2006,,,,1,0,Notice of Violation,6/20/2006
7010036,#34 Creekside,1/10/2007,,,,1,0,Notice of Violation,1/10/2007
6040036,#33 Towering Peaks,4/27/2006,,,,1,0,Notice of Violation,4/27/2006
6060085,#33 Horizion Peaks,6/29/2006,,,,1,0,Notice of Violation,6/29/2006
6090053,#33 Great Sky/Horizion Peaks,9/28/2006,,,,1,0,Notice of Violation,9/28/2006
6040035,#32 Towering Peaks,4/27/2006,,,,1,0,Notice of Violation,4/27/2006
6120001,#315 Big Meadow/Laurel Cyn,12/1/2006,,,,1,0,Notice of Violation,12/1/2006
6070014,#31 Horizion Peaks,7/7/2006,,,,1,0,Notice of Violation,7/7/2006
6100054,#306 Diamond RDG,10/20/2006,,,,1,0,Notice of Violation,10/20/2006
6100055,#304 Diamond RDG,10/20/2006,,,,1,0,Notice of Violation,10/20/2006
6100056,#300 Diamond RDG,10/20/2006,,,,1,0,Notice of Violation,10/20/2006
6070013,#30 Horizion Peaks,7/7/2006,,,,1,0,Notice of Violation,7/7/2006
6090054,#30 Great Sky/Horizion Peaks,9/28/2006,,,,1,0,Notice of Violation,9/28/2006
6110004,#3 Norton LK,11/1/2006,,,,1,0,Notice of Violation,11/1/2006
6090013,#2S Rivergreen/Chestnut GLN,9/26/2006,,,,1,0,Notice of Violation,9/26/2006
6110005,#299 The Emclave @ Daimond Rid,11/2/2006,,,,1,0,Notice of Violation,11/2/2006
6110006,#298 Enclave @ Diamond RDG,11/2/2006,,,,1,0,Notice of Violation,11/2/2006
6100057,#298 Diamond RDG,10/20/2006,,,,1,0,Notice of Violation,10/20/2006
6050034,#293 Capri RDG,5/17/2006,,,,1,0,Notice of Violation,5/17/2006
6090055,#29 Great Sky/Horizion Peaks,9/28/2006,,,,1,0,Notice of Violation,9/28/2006
6050033,#289 Capri RDG,5/17/2006,,,,1,0,Notice of Violation,5/17/2006
6050032,#288 Capri RDG,5/17/2006,,,,1,0,Notice of Violation,5/17/2006
6050028,#287 Capri RDG,5/11/2006,,,,1,0,Notice of Violation,5/11/2006
6050027,#286 Capri RDG,5/11/2006,,,,1,0,Notice of Violation,5/11/2006
6050025,#285 Capri RDG,5/11/2006,,,,1,0,Notice of Violation,5/11/2006
6110007,#281 Enclave @ Diamond RDG,11/2/2006,,,,1,0,Notice of Violation,11/2/2006
6100034,#281 Encalve @ Diamond RDG,10/3/2006,,,,1,0,Notice of Violation,9/28/2006
6090056,#28 Great Sky/Horizion Peaks,9/28/2006,,,,1,0,Notice of Violation,9/28/2006
6030034,#27 Union CV,3/21/2006,,,,1,0,Notice of Violation,3/21/2006
6070012,#27 Horizion Peaks,7/6/2006,,,,2,0,Notice of Violation,10/23/2006
6100035,#269 Enclave @ Diamond RDG,10/3/2006,,,,1,0,Notice of Violation,9/28/2006
6110008,#269 Enclave @ Diamond RDG,11/2/2006,,,,1,0,Notice of Violation,11/2/2006
6100036,#268 Enclave @ Diamond RDG,10/3/2006,,,,1,0,Notice of Violation,10/3/2006
6110009,#268 Enclave @ Diamond RDG,11/2/2006,,,,1,0,Notice of Violation,11/2/2006
6050026,#267 Capri RDG,5/11/2006,,,,1,0,Notice of Violation,5/11/2006
6060055,#260 Mountain Laurel Dr,6/12/2006,,,,1,0,Notice of Violation,6/12/2006
6030035,#26 Union CV,3/21/2006,,,,1,0,Notice of Violation,3/21/2006
6060054,#259 Mountain Laurel Dr,6/12/2006,,,,1,0,Notice of Violation,6/12/2006
6090057,#25 Great Sky/Horizion Peaks,9/28/2006,,,,1,0,Notice of Violation,9/28/2006
6030033,#247 Diamond RDG,3/16/2006,,,,1,0,Notice of Violation,3/16/2006
6050039,#247 Capri RDG,5/18/2006,,,,1,0,Notice of Violation,5/19/2006
7010022,#24 Hidden Crk,1/10/2007,,,,1,0,Notice of Violation,1/10/2007
6090058,#24 Great Sky/Horizion Peaks,9/28/2006,,,,1,0,Notice of Violation,9/28/2006
6050010,#2342 Town ML,5/4/2006,,,,2,0,Notice of Violation,5/18/2006
6050011,#2340 Town ML,5/4/2006,,,,1,0,Notice of Violation,5/4/2006
6060073,#2338 Town ML,6/19/2006,,,,1,0,Notice of Violation,6/19/2006
6060020,#23 Park VLG,6/2/2006,,,,1,0,Notice of Violation,6/2/2006
7010021,#23 Hidden Crk,1/10/2007,,,,1,0,Notice of Violation,1/10/2007
6090059,#23 Great Sky/Horizion Peaks,9/28/2006,,,,1,0,Notice of Violation,9/28/2006
6060072,#2294 Town ML,6/19/2006,,,,1,0,Notice of Violation,6/19/2006
6060021,#2286 Town ML,6/2/2006,,,,1,0,Notice of Violation,6/2/2006
6060044,#2286 Town ML,6/6/2006,,,,1,0,Notice of Violation,6/6/2006
6110018,#227 Prominence Ct,11/7/2006,,,,1,0,Notice of Violation,11/7/2006
6110017,#226 Prominence Ct,11/7/2006,,,,1,0,Notice of Violation,11/7/2006
6110015,#225 Prominence Ct,11/7/2006,,,,1,0,Notice of Violation,11/7/2006
6110016,#225 Prominence Ct,11/7/2006,,,,1,0,Notice of Violation,11/7/2006
6110014,#224 Prominence Ct,11/7/2006,,,,1,0,Notice of Violation,11/7/2006
6110027,#224 Laurel Cyn,11/28/2006,,,,1,0,Notice of Violation,11/28/2006
6110028,#223 Laurel Cyn,11/28/2006,,,,1,0,Notice of Violation,11/28/2006
6110029,#222 Laurel Cyn,11/28/2006,,,,1,0,Notice of Violation,11/28/2006
6110030,#221 Laurel Cyn,11/28/2006,,,,1,0,Notice of Violation,11/28/2006
7010020,#22 Hidden Crk,1/10/2007,,,,1,0,Notice of Violation,1/10/2007
6110031,#219 Laurel Cyn,11/28/2006,,,,1,0,Notice of Violation,11/28/2006
6050024,#217 Oleander Way,5/10/2006,,,,1,0,Notice of Violation,5/10/2006
6050023,#216 Oleander Way,5/10/2006,,,,1,0,Notice of Violation,5/10/2006
6050022,#215 Oleander Way,5/10/2006,,,,1,0,Notice of Violation,5/10/2006
6050021,#214 Oleander Way,5/10/2006,,,,1,0,Notice of Violation,5/10/2006
6100040,#213 Enclave @ HM,10/5/2006,,,,1,0,Notice of Violation,10/5/2006
6090052,#21 Great Sky/Horizion Peaks,9/28/2006,,,,1,0,Notice of Violation,9/28/2006
6100038,#203 Norton LK,10/5/2006,,,,1,0,Notice of Violation,10/5/2006
6060037,#201 Sweet Spice Way,6/5/2006,,,,1,0,Notice of Violation,6/5/2006
6060036,#200 Sweet Spice Way,6/5/2006,,,,1,0,Notice of Violation,6/5/2006
6060026,#20 Morning Mist,6/2/2006,,,,1,0,Notice of Violation,6/2/2006
6060048,#20 Morning Mist,6/6/2006,,,,1,0,Notice of Violation,6/6/2006
6090042,#20 Great Sky/Mourning Mist,9/27/2006,,,,1,0,Notice of Violation,9/27/2006
6060029,#2 Southern Lgts,6/2/2006,,,,1,0,Notice of Violation,6/2/2006
7010014,#2 Hidden LK,1/10/2007,,,,1,0,Notice of Violation,1/10/2007
6090012,#1S Rivergreen/Chestnut GLN,9/26/2006,,,,1,0,Notice of Violation,9/26/2006
6110039,#19T New Point/Rivergreen,11/29/2006,,,,1,0,Notice of Violation,11/29/2006
6060035,#199 Sweet Spice Way,6/5/2006,,,,1,0,Notice of Violation,6/5/2006
6060034,#198 Sweet Spice Way,6/5/2006,,,,1,0,Notice of Violation,6/5/2006
6060033,#197 Sweet Spice Way,6/5/2006,,,,1,0,Notice of Violation,6/5/2006
6110040,#18T New Point/Rivergreen,11/29/2006,,,,1,0,Notice of Violation,11/29/2006
6060069,#189 Mountain VW,6/13/2006,,,,1,0,Notice of Violation,6/13/2006
6110041,#17T New Point/Rivergreen,11/29/2006,,,,1,0,Notice of Violation,11/29/2006
6110042,#16T New Point/Rivergreen,11/29/2006,,,,1,0,Notice of Violation,11/29/2006
6100043,#162 Hidden LK,10/5/2006,,,,1,0,Notice of Violation,10/5/2006
6060051,#16 Hiddin LK,6/12/2006,,,,1,0,Notice of Violation,6/12/2006
6040018,#16 Hidden LK,4/18/2006,,,,1,0,Notice of Violation,4/18/2006
7010024,#16 Hidden Crk,1/10/2007,,,,1,0,Notice of Violation,1/10/2007
6070001,#159 The Sta,7/5/2006,,,,1,0,Notice of Violation,7/5/2006
6050001,#159 Mountain View Blvd,5/1/2006,,,,3,0,Notice of Violation,5/30/2006
6070002,#158 The Sta,7/5/2006,,,,1,0,Notice of Violation,7/5/2006
6070003,#157 The Sta,7/5/2006,,,,1,0,Notice of Violation,7/5/2006
6070004,#156 The Sta,7/5/2006,,,,1,0,Notice of Violation,7/5/2006
6070005,#155 The Sta,7/5/2006,,,,1,0,Notice of Violation,7/5/2006
6070006,#154 The Sta,7/5/2006,,,,1,0,Notice of Violation,7/5/2006
6070007,#153 The Sta,7/5/2006,,,,1,0,Notice of Violation,7/5/2006
6070008,#152 The Sta,7/5/2006,,,,1,0,Notice of Violation,7/5/2006
6060027,#152 Morning Mist,6/2/2006,,,,1,0,Notice of Violation,6/2/2006
6070009,#151 The Sta,7/5/2006,,,,1,0,Notice of Violation,7/5/2006
7010029,#151 The Sta,1/10/2007,,,,1,0,Notice of Violation,1/10/2007
6060028,#151 Morning Mist,6/2/2006,,,,1,0,Notice of Violation,6/2/2006
7010030,#150 The Sta,1/10/2007,,,,1,0,Notice of Violation,1/10/2007
7010023,#15 Hidden Crk,1/10/2007,,,,1,0,Notice of Violation,1/10/2007
6090043,#15 Great Sky/Mourning Mist,9/27/2006,,,,1,0,Notice of Violation,9/27/2006
6110010,#149 Eagle VW,11/3/2006,,,,1,0,Notice of Violation,11/3/2006
6060045,#1458 Town ML,6/6/2006,,,,1,0,Notice of Violation,6/6/2006
7010031,#145 The Sta,1/10/2007,,,,1,0,Notice of Violation,1/10/2007
7010032,#144 The Sta,1/10/2007,,,,1,0,Notice of Violation,1/10/2007
6050002,#144 Mountain VW,5/1/2006,,,,2,0,Notice of Violation,5/11/2006
6060067,#144 Mountain VW,6/13/2006,,,,1,0,Notice of Violation,6/13/2006
7010008,#144 Mountain VW,1/10/2007,,,,1,0,Notice of Violation,1/10/2007
7010033,#143 The Sta,1/10/2007,,,,1,0,Notice of Violation,1/10/2007
6050012,#143 Mountain VW,5/5/2006,,,,1,0,Notice of Violation,5/8/2006
6110012,#143 Eagle VW,11/3/2006,,,,1,0,Notice of Violation,11/3/2006
7010034,#142 The Sta,1/10/2007,,,,1,0,Notice of Violation,1/10/2007
6050004,#142 Mountain VW,5/2/2006,,,,2,0,Notice of Violation,5/11/2006
6110011,#142 Eagle VW,11/3/2006,,,,1,0,Notice of Violation,11/3/2006
7010035,#141 The Sta,1/10/2007,,,,1,0,Notice of Violation,1/10/2007
6050005,#140 Mountain VW,5/2/2006,,,,2,0,Notice of Violation,5/30/2006
6080006,#140 Mountain VW,8/9/2006,,,,1,0,Notice of Violation,8/9/2006
7010009,#140 Mountain VW,1/10/2007,,,,1,0,Notice of Violation,1/10/2007
6030040,#139 Ridge Crst,3/23/2006,,,,1,0,Notice of Violation,3/23/2006
6050006,#139 Mountain VW,5/2/2006,,,,1,0,Notice of Violation,5/2/2006
6060066,#139 Mountain VW,6/13/2006,,,,1,0,Notice of Violation,6/13/2006
6080007,#139 Mountain VW,8/9/2006,,,,1,0,Notice of Violation,8/9/2006
7010010,#139 Mountain VW,1/10/2007,,,,1,0,Notice of Violation,1/10/2007
6030039,#138 Ridge Crst,3/23/2006,,,,1,0,Notice of Violation,3/23/2006
6060065,#138 Mountain VW,6/13/2006,,,,1,0,Notice of Violation,6/13/2006
6080008,#138 Mountain VW,8/9/2006,,,,1,0,Notice of Violation,8/9/2006
7010011,#138 Mountain VW,1/10/2007,,,,1,0,Notice of Violation,1/10/2007
6060064,#137 Mountain VW,6/13/2006,,,,1,0,Notice of Violation,6/13/2006
6050031,#134 Ceekside Pass,5/16/2006,,,,1,0,Notice of Violation,5/16/2006
7010045,#1310 Town ML,1/22/2007,,,,1,0,Notice of Violation,1/22/2007
6030023,#131 Tupelo Trl,3/15/2006,,,,1,0,Notice of Violation,3/15/2006
6060039,#131 Nobleman Way,6/5/2006,,,,1,0,Notice of Violation,6/5/2006
7010044,#1300 Town ML,1/22/2007,,,,1,0,Notice of Violation,1/22/2007
6060030,#130 The Sta,6/2/2006,,,,1,0,Notice of Violation,6/2/2006
6090060,#130 Park VLG,9/28/2006,,,,1,0,Notice of Violation,9/28/2006
6060038,#130 Nobleman Way,6/5/2006,,,,1,0,Notice of Violation,6/5/2006
6090051,#130 Great Sky/Southern Lgts,9/28/2006,,,,1,0,Notice of Violation,9/28/2006
6100060,#130 Great Sky/Southern Lgts,10/23/2006,,,,1,0,Notice of Violation,10/23/2006
6110043,#13 New Point/Rivergreen,11/29/2006,,,,1,0,Notice of Violation,11/29/2006
6060046,#1298 Town ML,6/6/2006,,,,1,0,Notice of Violation,6/6/2006
6060071,#1298 Town ML,6/19/2006,,,,1,0,Notice of Violation,6/19/2006
6060070,#1294 Town ML,6/19/2006,,,,1,0,Notice of Violation,6/19/2006
6060031,#129 The Sta,6/2/2006,,,,1,0,Notice of Violation,6/2/2006
6060040,#129 Nobleman Way,6/5/2006,,,,1,0,Notice of Violation,6/5/2006
6060041,#128 Nobleman Way,6/5/2006,,,,1,0,Notice of Violation,6/5/2006
6100059,#128 Great Sky/Southern Lgts,10/23/2006,,,,1,0,Notice of Violation,10/23/2006
6060042,#127 Nobleman Way,6/5/2006,,,,1,0,Notice of Violation,6/5/2006
6090050,#126 Great Sky/Southern Lgts,9/28/2006,,,,1,0,Notice of Violation,9/28/2006
6090031,#125 Great Sky/Thundering HL,9/27/2006,,,,1,0,Notice of Violation,9/27/2006
6050029,#125 Creekside Pass,5/16/2006,,,,1,0,Notice of Violation,5/16/2006
6050030,#124 Creekside Pass,5/16/2006,,,,1,0,Notice of Violation,5/16/2006
6090033,#122 Great Sky/Thundering HL,9/27/2006,,,,1,0,Notice of Violation,9/27/2006
6090034,#121 Great Sky/Thundering HL,9/27/2006,,,,1,0,Notice of Violation,9/27/2006
6040002,#120 Parkbrook Way,4/3/2006,,,,1,0,Notice of Violation,4/3/2006
6090035,#120 Great Sky/Thundering HL,9/27/2006,,,,1,0,Notice of Violation,9/27/2006
6110044,#11T New Point/Rivergreen,11/29/2006,,,,1,0,Notice of Violation,11/29/2006
6120002,#118 Rivergreen/Generals Pl,12/11/2006,,,,1,0,Notice of Violation,12/11/2006
6070019,#115 Eagle VW,7/12/2006,,,,1,0,Notice of Violation,7/12/2006
6070018,#114 Eagle VW,7/12/2006,,,,1,0,Notice of Violation,7/12/2006
6070017,#113 Eagle VW,7/12/2006,,,,1,0,Notice of Violation,7/12/2006
7010037,#113 Eagle VW,1/10/2007,,,,1,0,Notice of Violation,1/10/2007
6060043,#1120 Town ML,6/6/2006,,,,1,0,Notice of Violation,6/6/2006
6040016,#1106 Town ML,4/17/2006,,,,1,0,Notice of Violation,4/17/2006
6040024,#11 Hidden LK,4/25/2006,,,,1,0,Notice of Violation,4/25/2006
6030041,#109 Garden Cir,3/24/2006,,,,1,0,Notice of Violation,3/24/2006
6060012,#108D Woodbury,6/1/2006,,,,1,0,Notice of Violation,6/1/2006
6090062,#1086 Town ML,9/28/2006,,,,1,0,Notice of Violation,9/28/2006
6090063,#1085 Town ML,9/28/2006,,,,1,0,Notice of Violation,9/28/2006
6050040,#108 Oconee Way,5/22/2006,,,,1,0,Notice of Violation,5/22/2006
6050041,#107 Oconee Way,5/22/2006,,,,1,0,Notice of Violation,5/22/2006
6050042,#106 Oconee Way,5/22/2006,,,,1,0,Notice of Violation,5/22/2006
6060005,#104 Stoney Hollow Rd,6/1/2006,,,,1,0,Notice of Violation,6/1/2006
6060023,#103D Woodbury,6/2/2006,,,,1,0,Notice of Violation,6/2/2006
6060006,#103 Stoney Hollow Rd,6/1/2006,,,,1,0,Notice of Violation,6/1/2006
6060022,#102D Woodbury,6/2/2006,,,,1,0,Notice of Violation,6/2/2006
6100033,#1014 Town ML,9/28/2006,,,,1,0,Notice of Violation,9/28/2006
6060008,#101 Stoney Hollow Rd,6/1/2006,,,,1,0,Notice of Violation,6/1/2006
6060015,#100 Stoney Holw,6/2/2006,,,,1,0,Notice of Violation,6/2/2006
6090038,#100 Great Sky/Thundering HL,9/27/2006,,,,1,0,Notice of Violation,9/27/2006
7010017,#10 Hidden LK,1/10/2007,,,,1,0,Notice of Violation,1/10/2007
10020001,,2/2/2010,,12/4/2017,,1,0,Notice of Violation,2/2/2010
10020002,,2/3/2010,,2/3/2010,,1,0,Notice of Violation,1/27/2010
10020003,,2/3/2010,,,,1,0,Notice of Violation,1/28/2010
10020004,,2/3/2010,,,,1,0,Notice of Violation,1/28/2010
10020005,,2/3/2010,,,,1,0,Notice of Violation,1/28/2010
10020006,,2/3/2010,,,,1,0,Notice of Violation,1/28/2010
10020007,,2/3/2010,,,,1,0,Notice of Violation,1/28/2010
10020008,,2/3/2010,,,,1,0,Notice of Violation,1/25/2010
10040001,,4/9/2010,,,,0,0,,
10040002,,4/9/2010,,,,0,0,,
10040003,,4/9/2010,,,,0,0,,
10040004,,4/9/2010,,,,0,0,,
10040005,,4/9/2010,,,,0,0,,
10040006,,4/9/2010,,,,0,0,,
17070001,,7/27/2017,,,,0,0,,
17080002,,8/9/2017,,,,0,0,Citation / Ticket,8/9/2017
5060002,,6/14/2005,,,,0,0,,
5060003,,6/14/2005,,,,0,0,,
6030038,,3/22/2006,,,,1,0,Notice of Violation,3/22/2006
6050020,,5/9/2006,,,,0,0,,
6100061,,10/24/2006,,,,0,0,,
7060001,,6/13/2007,,,,0,0,Citation / Ticket,6/13/2007
7060002,,6/13/2007,,,,0,0,,
7060004,,5/3/2007,,,,0,0,,
7060006,,6/20/2007,,,,0,0,,
7060007,,6/20/2007,,,,0,0,,
7080002,,8/1/2007,,,,0,0,,
7080004,,8/3/2007,,,,0,0,,
7080005,,8/9/2007,,,,0,0,,
7080006,,8/16/2007,,,,0,0,,
7080007,,8/16/2007,,,,0,0,,
7080009,,8/22/2007,,,,0,0,,
7090002,,9/12/2007,,,,0,0,,
7100002,,10/15/2007,,,,0,0,,
7110001,,11/5/2007,",",,,0,0,,
7110003,,11/9/2007,,,,0,0,,
7110004,,11/16/2007,,,,0,0,,
7120004,,12/13/2007,,,,0,0,,
7120006,,12/14/2007,",",,,0,0,,
7120007,,12/17/2007,",",,,0,0,,
7120008,,12/18/2007,,,,0,0,,
8010001,,1/3/2008,,,,0,0,,
8010002,,1/3/2008,,,,0,0,,
8010003,,1/8/2008,,,,0,0,,
8010004,,1/8/2008,,,,0,0,,
8010005,,1/8/2008,,,,0,0,,
8010006,,1/9/2008,,,,0,0,,
8010007,,1/14/2008,,,,0,0,Citation / Ticket,1/14/2008
8010008,,1/14/2008,,,,0,0,Citation / Ticket,1/14/2008
8010010,,1/15/2008,,,,1,0,Notice of Violation,1/15/2008
8010011,,1/10/2008,,,,1,0,Notice of Violation,1/15/2008
8010012,,1/18/2008,,,,1,0,Notice of Violation,1/18/2008
8010013,,1/23/2008,,,,1,0,Notice of Violation,1/23/2008
8010014,,1/22/2008,,,,1,0,Notice of Violation,1/23/2008
8010015,,1/23/2008,,,,1,0,Notice of Violation,1/23/2008
8010016,,1/28/2008,,,,1,0,Notice of Violation,1/28/2008
8010017,,1/28/2008,,,,1,0,Notice of Violation,1/28/2008
8010018,,1/30/2008,,,,1,0,Notice of Violation,1/30/2008
8020001,,2/1/2008,",",,,0,0,Citation / Ticket,2/1/2008
8020002,,2/4/2008,,,,0,0,Citation / Ticket,2/4/2008
8020003,,2/15/2008,",",,,0,0,,
8020004,,2/5/2008,,,,0,0,Citation / Ticket,2/5/2008
8020005,,2/5/2008,,,,1,0,Notice of Violation,2/5/2008
8020006,,2/6/2008,,,,1,0,Notice of Violation,2/6/2008
8020007,,2/5/2008,,,,1,0,Notice of Violation,2/6/2008
8020008,,2/6/2008,,,,1,0,Notice of Violation,2/6/2008
8020009,,2/6/2008,,,,1,0,Notice of Violation,2/6/2008
8020010,,2/6/2008,,,,0,0,Citation / Ticket,2/6/2008
8020012,,2/8/2008,,,,1,0,Notice of Violation,2/8/2008
8020013,,2/8/2008,,,,0,0,,
8020014,,2/18/2008,,,,1,0,Notice of Violation,2/18/2008
8020015,,2/20/2008,,,,1,0,Notice of Violation,2/20/2008
8020016,,2/20/2008,,,,1,0,Notice of Violation,2/18/2008
8020017,,2/22/2008,,,,0,0,Citation / Ticket,2/22/2008
8020018,,2/26/2008,,,,1,0,Notice of Violation,2/27/2008
8020022,,2/21/2008,,,,1,0,Notice of Violation,2/27/2008
8020023,,2/22/2008,,,,0,0,Citation / Ticket,2/27/2008
8030001,,2/27/2008,,,,1,0,Notice of Violation,3/3/2008
8030002,,2/27/2008,,,,1,0,Notice of Violation,3/3/2008
8030003,,5/1/2008,,,,2,0,Notice of Violation,5/1/2008
8030005,,3/3/2008,,,,1,0,Notice of Violation,3/3/2008
8030006,,3/5/2008,,,,0,0,Citation / Ticket,3/5/2008
8030010,,3/5/2008,,,,1,0,Notice of Violation,3/5/2008
8030011,,3/5/2008,,,,0,0,,
8030012,,3/6/2008,,,,0,0,Citation / Ticket,3/6/2008
8030013,,3/6/2008,,,,1,0,Notice of Violation,3/6/2008
8030014,,3/6/2008,,,,0,0,Citation / Ticket,3/6/2008
8030015,,2/13/2008,,,,1,0,Notice of Violation,2/13/2008
8030016,,3/7/2008,,,,1,0,Notice of Violation,3/6/2008
8030017,,3/7/2008,,,,1,0,Notice of Violation,3/7/2008
8030018,,2/18/2008,,,,0,0,,
8030019,,3/5/2008,,,,1,0,Notice of Violation,3/10/2008
8030020,,3/18/2008,,,,1,0,Notice of Violation,3/18/2008
8030021,,3/18/2008,,,,0,0,Citation / Ticket,3/18/2008
8030022,,3/20/2008,,,,1,0,Notice of Violation,3/20/2008
8030023,,3/17/2008,,,,1,0,Notice of Violation,3/20/2008
8030024,,3/17/2008,,,,1,0,Notice of Violation,3/17/2008
8030025,,3/17/2008,,,,1,0,Notice of Violation,3/17/2008
8030026,,3/20/2008,,,,1,0,Notice of Violation,3/17/2008
8030027,,3/17/2008,,,,1,0,Notice of Violation,3/17/2008
8030028,,3/19/2008,,,,1,0,Notice of Violation,3/19/2008
8030030,,3/20/2008,,,,0,0,,
8070001,,7/3/2008,",",,,0,0,Citation / Ticket,7/3/2008
8070002,,7/11/2008,,,,0,0,Citation / Ticket,7/10/2008
8070003,,7/11/2008,,,,0,0,Citation / Ticket,7/10/2008
8070004,,7/11/2008,,,,0,0,Citation / Ticket,7/10/2008
8070005,,7/22/2008,,,,1,0,Notice of Violation,7/22/2008
8070006,,7/28/2008,,,,1,0,Notice of Violation,7/28/2008
8070007,,7/14/2008,,,,1,0,Notice of Violation,7/14/2008
8070011,,5/28/2008,,,,1,0,Notice of Violation,5/28/2008
8070012,,7/30/2008,,,,1,0,Notice of Violation,7/30/2008
8080001,,8/11/2008,,,,1,0,Notice of Violation,8/11/2008
8080002,,8/29/2008,,,,0,0,Citation / Ticket,8/29/2008
8080003,,8/29/2008,,,,1,0,Notice of Violation,8/29/2008
8080004,,8/29/2008,,,,1,0,Notice of Violation,8/26/2008
8080005,,8/27/2008,,,,1,0,Notice of Violation,8/27/2008
8080006,,8/26/2008,,,,1,0,Notice of Violation,8/26/2008
8080007,,8/5/2008,,,,1,0,Notice of Violation,8/5/2008
8080008,,8/29/2008,,,,1,0,Notice of Violation,8/29/2008
8080009,,8/29/2008,,,,1,0,Notice of Violation,8/29/2008
8080010,,8/29/2008,,,,1,0,Notice of Violation,8/29/2008
8090001,,9/4/2008,,,,0,0,Citation / Ticket,9/4/2008
8090002,,9/8/2008,,,,0,0,Citation / Ticket,9/8/2008
8100003,,10/14/2008,,,,0,0,Citation / Ticket,10/14/2008
8100004,,10/14/2008,,,,0,0,,
8110001,,11/25/2008,,,,1,0,Notice of Violation,11/25/2008
8120001,,12/2/2008,,,,0,0,Citation / Ticket,12/2/2008
8120002,,12/2/2008,,,,1,0,Notice of Violation,12/2/2008
8120003,,12/2/2008,,,,1,0,Notice of Violation,12/2/2008
8120004,,12/12/2008,,,,0,0,Citation / Ticket,12/12/2008
8120005,,12/12/2008,,,,0,0,Citation / Ticket,12/12/2008
9010001,,1/7/2009,,,,0,0,Citation / Ticket,1/7/2009
9030001,,3/3/2009,,,,1,0,Notice of Violation,3/4/2009
9030002,,3/5/2009,,,,0,0,Citation / Ticket,3/5/2009
9030003,,3/5/2009,,,,1,0,Notice of Violation,3/4/2009
9030004,,3/9/2009,,,,1,0,Notice of Violation,3/9/2009
9030005,,3/16/2009,,,,1,0,Notice of Violation,3/12/2009
9030006,,2/20/2009,,,,1,0,Notice of Violation,2/20/2009
9030007,,2/19/2009,,,,1,0,Notice of Violation,2/19/2009
9030009,,2/20/2009,,,,1,0,Notice of Violation,2/20/2009
9030010,,3/18/2009,,,,1,0,Notice of Violation,3/18/2009
9030011,,3/25/2009,,,,1,0,Notice of Violation,3/25/2009
9030012,,3/26/2009,,,,1,0,Notice of Violation,3/26/2009
9030013,,3/26/2009,,,,1,0,Notice of Violation,3/26/2009
9030014,,3/31/2009,,,,0,0,,
9030015,,3/31/2009,,,,1,0,Notice of Violation,3/31/2009
9040001,,4/3/2009,,,,0,0,,
9040002,,4/10/2009,,,,0,0,,
9040003,,4/15/2009,,,,0,0,,
9040004,,4/15/2009,,,,0,0,,
9040005,,4/20/2009,,,,1,0,Notice of Violation,4/20/2009
9040006,,4/24/2009,,,,1,0,Notice of Violation,4/24/2009
9040007,,4/24/2009,,,,1,0,Notice of Violation,4/24/2009
9050001,,5/11/2009,,,,0,0,,
9060001,,6/11/2009,,,,1,0,Notice of Violation,6/11/2009
9060002,,6/29/2009,,,,1,0,Notice of Violation,6/29/2009
9070001,,7/10/2009,,,,1,0,Notice of Violation,7/10/2009
9080001,,8/3/2009,,,,1,0,Notice of Violation,7/14/2009
9090001,,9/14/2009,,,,1,0,Notice of Violation,5/8/2009
9090002,,9/14/2009,,,,1,0,Notice of Violation,5/6/2009
9090003,,9/14/2009,,,,1,0,Notice of Violation,5/13/2009
9090004,,9/14/2009,,,,1,0,Notice of Violation,5/7/2009
9090005,,9/14/2009,,,,1,0,Notice of Violation,8/25/2009
9090006,,8/27/2009,,,,1,0,Notice of Violation,8/27/2009
9090007,,8/26/2009,,,,1,0,Notice of Violation,8/26/2009
9090008,,9/14/2009,,,,1,0,Notice of Violation,8/24/2009
9090009,,9/14/2009,,,,1,0,Notice of Violation,8/4/2009
9090010,,9/14/2009,,,,1,0,Notice of Violation,8/21/2009
9090011,,9/16/2009,,,,0,0,,
9100001,,8/11/2009,,,,0,0,,
9100002,,10/9/2009,,,,0,0,,
9100003,,10/9/2009,,,,1,0,Notice of Violation,10/8/2009
9100004,,9/21/2009,,,,0,0,,
9100005,,10/8/2009,,,,0,0,,
9100006,,9/21/2009,,,,0,0,,
9100007,,10/5/2009,,,,0,0,,
9100008,,9/21/2009,,,,1,0,Notice of Violation,9/21/2009
9100009,,10/22/2009,,,,0,0,,
9100010,,10/22/2009,,,,0,0,Citation / Ticket,10/21/2009
9110001,,10/30/2009,,,,0,0,Citation / Ticket,10/30/2009
9120001,,12/9/2009,,,,0,0,,
9120004,,12/9/2009,,,,0,0,,
