id,Address,date,status,OFFICER,SUBTYPE,SITE_APN
EH21-009,400 W Main St,3/22/2021,COMPLAINT FILED,Steve Prosise,INDOOR,
EH21-007,"842 N. SUMMIT BLVD.,#31",3/1/2021,COMPLAINT FILED,Maya Kulick,RETAIL FOOD,
EH21-008,626 LAKE DILLON DR.,3/2/2021,COMPLAINT FILED,Steve Prosise,RETAIL FOOD,
VIO21-008,360 Quandary View DR (CR 868),3/10/2021,COMPLAINT FILED,Tanya Shattuck,,2483-0130-13-029 
STRV21-005,203 Lone Hand WAY (CR 917),3/2/2021,COMPLAINT FILED,Don Bantam,,2209-2520-14-051 
VIO14-011,14774 HWY 9,3/17/2021,NON-COMPLIANCE,Tanya Shattuck,,2211-0710-00-007 
INV21-001,32 Sauterne LN (CR 1269),1/11/2021,COMPLAINT FILED,SARAH CONNELLY,WORK W/O PERMIT,2097-1410-09-023 
INV21-003,24 River Run RD (CR 190) #2916,2/15/2021,COMPLAINT FILED,Don Bantam,WORK W/O PERMIT,2093-1922-07-001 
EH21-001,400 N PARK AVE #15/16A,1/7/2021,COMPLAINT FILED,Seth Danner,RETAIL FOOD,
EH21-003,1129 N Summit Blvd,1/28/2021,COMPLAINT FILED,Seth Danner,HOTEL/ MOTEL,
VIO21-005,74 Cooper DR (CR 122),2/3/2021,COMPLAINT FILED,Tanya Shattuck,ACC APARTMENT,2095-2140-25-004 
VIO21-002,168 Ten Mile CIR (CR 1193),1/8/2021,NON-COMPLIANCE,Tanya Shattuck,,2209-3020-15-025 
VIO21-004,476 Cartier CT (CR 101),1/29/2021,NON-COMPLIANCE,Tanya Shattuck,,2095-2230-13-024 
VIO21-006,524 Ute Park RD (CR 2400),2/4/2021,NON-COMPLIANCE,Tanya Shattuck,,1845-2820-04-002 
STRV20-061,242 Elk Crossing LN (CR 180),12/29/2020,COMPLAINT FILED,Don Bantam,,2095-2330-01-013 
STRV20-062,21680 Us Hwy 6,12/30/2020,COMPLAINT FILED,Don Bantam,,2095-2320-13-002 
STRV21-001,50 N Fuller Placer RD (CR 560),1/13/2021,COMPLAINT FILED,Don Bantam,,2371-0540-01-008 
STRV21-002,22714 Us Hwy 6,1/19/2021,COMPLAINT FILED,Don Bantam,,2095-2410-50-001 
STRV21-003,1369 Royal Buffalo DR (CR 1240,1/22/2021,COMPLAINT FILED,Don Bantam,,2097-1410-02-018 
STRV21-004,28 Illinois Gulch RD (CR 518),2/3/2021,COMPLAINT FILED,Don Bantam,,2371-0540-24-001 
VIO20-051,23110 Us Hwy 6,12/28/2020,COMPLAINT FILED,Tanya Shattuck,SIGN PERMIT,2093-1920-40-001 
INV20-024,122 Pikes Peak PL (CR 142),10/15/2020,COMPLAINT FILED,STEPHEN BERGMAN,WORK W/O PERMIT,2095-2820-02-035 
INV20-025,396 Cove BLVD (CR 120),10/30/2020,COMPLAINT FILED,Bill Egbert,WORK W/O PERMIT,2095-2140-20-031 
EH20-065,300 DILLON RIDGE RD,10/20/2020,COMPLAINT FILED,HANNAH WYND,RETAIL FOOD,
VEN20-011,189 Ginger Quill LN (CR 972),10/1/2020,IN PROGRESS,PAUL GEIGER,GRADING W/O PERMIT,2211-0620-03-004 
VEN20-012,603 CR 672,11/19/2020,COMPLAINT FILED,TIBOR HORVATH,ROW DISTURBANCES,2483-0140-23-005 
VEN20-013,171 Piney Acres CIR (CR 77),12/1/2020,COMPLAINT FILED,TIBOR HORVATH,ROW DISTURBANCES,2095-0710-16-008 
VEN20-014,159 CR 805,12/4/2020,COMPLAINT FILED,DAN GIETZEN,GRADING W/O PERMIT,2483-0140-13-002 
VEN20-015,91 CR 805,,,,,2483-0140-13-045 
VIO20-041,29 Ryan Gulch RD (CR 1260),10/1/2020,COMPLAINT FILED,Tanya Shattuck,,2097-1320-02-004 
VIO20-042,208 Lindstrom RD (CR 2510),10/2/2020,COMPLAINT FILED,Tanya Shattuck,,1845-1630-04-008 
VIO20-043,151 Alpine RD (CR 56),,,,,2095-0710-07-009 
VIO20-044,28585 State Hwy 9,10/22/2020,COMPLAINT FILED,Tanya Shattuck,,1951-2220-00-026 
VIO20-045,2345 Tiger RD (CR 6),10/29/2020,COMPLAINT FILED,Tanya Shattuck,,2211-1620-02-004 
VIO20-047,40 Cove BLVD (CR 120),11/18/2020,NON-COMPLIANCE,Tanya Shattuck,,2095-2140-35-001 
VIO20-048,15952 State Hwy 9,,,,,2209-0110-01-002 
VIO20-049,353 Bullion Mine RD (CR 287),11/20/2020,COMPLAINT FILED,Tanya Shattuck,,2213-0210-01-017 
STRV20-052,313 Camron LN (CR 865),9/25/2020,COMPLAINT FILED,Don Bantam,,2483-1220-10-031 
STRV20-053,588 Alpine RD (CR 56),10/28/2020,COMPLAINT FILED,Tanya Shattuck,,2095-0530-34-013 
STRV20-054,66 Sitzmark CIR (CR 903),10/29/2020,COMPLAINT FILED,Don Bantam,,2209-2540-17-001 
STRV20-057,909 American WAY (CR 906),11/13/2020,COMPLAINT FILED,Don Bantam,,2209-2510-08-044 
STRV20-058,496 N Fuller Placer RD (CR 560,12/2/2020,COMPLAINT FILED,Don Bantam,,2371-0420-02-023 
STRV20-059,96 Climax DR (CR 124),12/18/2020,COMPLAINT FILED,Don Bantam,,2095-2140-22-025 
STRV20-060,161 Shekel LN (CR 403),,,,,2211-1830-12-008 
EH20-067,850 Little Beaver TRL,12/11/2020,OPEN,Seth Danner,NON-HAZARDOUS,2095-0730-01-007 
VIO20-039,367 Lake View CIR E (CR 971),9/29/2020,COMPLAINT FILED,Tanya Shattuck,TRAILER,2209-0140-04-055 
VIO20-040,,9/30/2020,COMPLAINT FILED,Tanya Shattuck,ILLEGAL VEHICLES,2095-2140-11-001 
EH20-069,25 K RD (CR 2032),12/16/2020,COMPLAINT FILED,Seth Danner,WASTE WATER,2097-1210-01-009 
EH20-052,580 Silverthorne LN,8/10/2020,COMPLAINT FILED,GEO-Based,INDOOR,2097-1240-01-001 
INV20-020,725 Doris DR (CR 655),8/12/2020,COMPLAINT FILED,Don Bantam,WORK W/O PERMIT,2485-0620-04-001 
VIO20-003,289 Two Cabins DR,4/28/2020,COMPLAINT FILED,Tanya Shattuck,ACC APARTMENT,1951-3530-18-001 
VIO20-005,562 Piney Acres CIR (CR 77),,,,,2095-0710-15-012 
VIO20-006,1148 Summit DR (CR 121),4/29/2020,COMPLAINT FILED,Tanya Shattuck,ACC APARTMENT,2095-2720-15-001 
VIO20-011,52 Elk Horn LN (CR 505),4/30/2020,COMPLAINT FILED,Tanya Shattuck,ACC APARTMENT,2211-3140-10-003 
VIO20-012,51 Meadow DR (CR 129),,,,,2095-2720-08-020 
VIO20-018,388 Revett DR (CR 317),6/11/2020,NON-COMPLIANCE,Tanya Shattuck,ACC APARTMENT,2211-1720-06-009 
VEN20-001,944 Straight Creek DR (CR 58),5/12/2020,NON-COMPLIANCE,PAUL GEIGER,GRADING W/O PERMIT,2095-0530-24-010 
VEN20-002,385 Riverside DR (CR 1903),5/18/2020,COMPLAINT FILED,DAN GIETZEN,GRADING W/O PERMIT,1951-3620-03-002 
VEN20-003,781 Shekel LN (CR 403),5/19/2020,COMPLAINT FILED,DAN GIETZEN,ROW DISTURBANCES,2211-1920-02-028 
VEN20-004,,6/4/2020,NON-COMPLIANCE,PAUL GEIGER,GRADING W/O PERMIT,2209-2440-00-003 
VEN20-005,822 Temple TRL (CR 1001),6/15/2020,NON-COMPLIANCE,PAUL GEIGER,GRADING W/O PERMIT,2097-3540-11-005 
VEN20-006,725 Doris DR (CR 655),7/17/2020,NON-COMPLIANCE,DAN GIETZEN,GRADING W/O PERMIT,2485-0620-04-001 
VEN20-008,394 Big Elk RD (CR 55),7/29/2020,NON-COMPLIANCE,PAUL GEIGER,ROW DISTURBANCES,2095-0820-04-003 
VEN20-009,414 Big Elk RD (CR 55),,,,,2095-0820-04-002 
VEN20-010,324 Blue Ridge RD (CR 911),8/19/2020,NON-COMPLIANCE,PAUL GEIGER,ROW DISTURBANCES,2209-2520-30-002 
VIO20-015,208 American WAY (CR 906),6/2/2020,NON-COMPLIANCE,Tanya Shattuck,,2209-2530-15-013 
VIO20-016,398 Deer Path RD (CR 53),,,,,2095-0820-05-014 
PHO20-001,,4/9/2020,COMPLAINT FILED,GEO-Based,,
PHO20-002,,,,,,
PHO20-003,456 Cartier CT (CR 101),4/11/2020,COMPLAINT FILED,HANNAH WYND,,2095-2230-13-022 
PHO20-004,504 Coronet DR (CR 584),4/12/2020,COMPLAINT FILED,HANNAH WYND,,2371-1910-01-037 
PHO20-005,,5/17/2020,COMPLAINT FILED,GEO-Based,,
PHO20-007,10998 HWY 9,8/3/2020,COMPLAINT FILED,GEO-Based,,
VIO20-013,398 Deer Path RD (CR 53),5/14/2020,NON-COMPLIANCE,Tanya Shattuck,,2095-0820-05-014 
STRV20-040,23227 Barbour DR (CR 197),3/31/2020,COMPLAINT FILED,Don Bantam,,2093-1922-01-001 
STRV20-042,51 Meadow DR (CR 129),3/31/2020,COMPLAINT FILED,Tanya Shattuck,,2095-2720-08-020 
STRV20-043,22784 Us Hwy 6,4/2/2020,COMPLAINT FILED,Don Bantam,,2095-2410-46-073 
STRV20-045,56 Salt Lick CT (CR 1264),7/2/2020,COMPLAINT FILED,Don Bantam,,2097-1320-66-002 
STRV20-048,548 Beeler PL (CR 1194),7/31/2020,COMPLAINT FILED,Don Bantam,,2207-2540-03-062 
STRV20-050,86 Climax DR (CR 124),8/5/2020,COMPLAINT FILED,Don Bantam,,2095-2140-22-024 
STRV20-051,91 Burro LN (CR 922),8/11/2020,COMPLAINT FILED,Don Bantam,,2209-2510-16-004 
VIO20-014,407 Deer Path RD (CR 53),6/2/2020,COMPLAINT FILED,Tanya Shattuck,ILLEGAL VEHICLES,2095-0820-04-020 
VIO20-021,3272 Boreas Pass RD (CR 10),6/15/2020,COMPLAINT FILED,Tanya Shattuck,ILLEGAL VEHICLES,2371-0810-01-007 
VIO20-022,502 J RD (CR 2031),6/17/2020,COMPLAINT FILED,Tanya Shattuck,ILLEGAL VEHICLES,2095-0720-01-037 
VIO20-023,253 Highwood TER (CR 1048),7/2/2020,NON-COMPLIANCE,Tanya Shattuck,TRAILER,2097-2740-06-014 
VIO20-025,121 North Side CIR (CR 1267),7/21/2020,COMPLAINT FILED,Tanya Shattuck,ILLEGAL VEHICLES,2097-1410-10-022 
VIO20-037,302 Tanglewood LN,9/24/2020,COMPLAINT FILED,Tanya Shattuck,ILLEGAL VEHICLES,2097-1210-08-018 
EH20-034,99 Granite ST,3/25/2020,COMPLAINT FILED,HANNAH WYND,WASTE WATER,2097-3414-22-001 
EH20-037,188 Green Mountain AVE (CR 178,5/26/2020,COMPLAINT FILED,Seth Danner,WASTE WATER,1695-1330-05-002 
EH20-042,188 Green Mountain AVE (CR 178,7/7/2020,OPEN,Seth Danner,WASTE WATER,1695-1330-05-002 
EH20-043,208 Green Mountain AVE (CR 178,,,,,1695-1440-10-002 
EH20-044,218 Green Mountain AVE (CR 178,7/7/2020,COMPLAINT FILED,Seth Danner,WASTE WATER,1695-1440-10-001 
EH20-053,134 CR 452,8/11/2020,COMPLAINT FILED,HANNAH WYND,WASTE WATER,2211-3040-03-030 
EH20-063,7101 Heeney RD (CR 30),9/24/2020,COMPLAINT FILED,Seth Danner,WASTE WATER,1695-1440-08-004 
VIO20-026,67 Lake View CIR E (CR 971),8/13/2020,COMPLAINT FILED,Tanya Shattuck,,2209-0140-04-062 
VIO20-027,217 Lake View CIR E (CR 971),,,,,2209-0140-04-058 
VIO20-028,257 Lake View CIR E (CR 971),,,,,2209-0140-04-057 
VIO20-029,178 Lake View CIR W (CR 970),,,,,2209-0140-04-037 
VIO20-030,458 Lake View CIR W (CR 970),,,,,2209-0140-04-044 
VIO20-031,488 Lake View CIR W (CR 970),,,,,2209-0140-04-045 
VIO20-032,518 Lake View CIR W (CR 970),,,,,2209-0140-04-046 
VIO20-033,568 Lake View CIR W (CR 970),,,,,2209-0140-04-047 
VIO20-034,153 CR 452,,,,,2211-3040-03-003 
VIO20-035,173 CR 452,,,,,2211-3040-03-004 
VIO20-036,352 Silver CIR (CR 404),8/25/2020,COMPLAINT FILED,Tanya Shattuck,,2211-1920-01-030 
EH20-020,5215 Montezuma RD,2/24/2020,COMPLAINT FILED,HANNAH WYND,OUTDOOR,2093-2630-04-001 
INV18-013,21650 HWY 6,6/14/2018,COMPLAINT FILED,MATT HICKAM,WORK W/O PERMIT,LOC295 
INV18-022,510 Bearing Tree RD (CR 453),9/11/2018,COMPLAINT FILED,Don Bantam,WORK W/O PERMIT,2211-3040-00-040 
INV19-019,168 Ten Mile CIR (CR 1193),8/15/2019,COMPLAINT FILED,Steven Kunz,WORK W/O PERMIT,2209-3020-15-025 
INV19-020,168 Ten Mile CIR (CR 1193),,,,,2209-3020-15-025 
INV19-021,168 Ten Mile CIR (CR 1193),,,,,2209-3020-15-025 
INV19-026,2100 LODGE POLE CIRCLE BLDG A,9/18/2019,COMPLAINT FILED,Bill Egbert,WORK W/O PERMIT,2097-1420-18-028 
INV20-004,2300 Lodge Pole CIR (CR 1272),2/24/2020,COMPLAINT FILED,John May,WORK W/O PERMIT,2097-1420-18-028 
EH18-113,1521 SKI HILL RD,12/10/2018,COMPLAINT FILED,HANNAH WYND,RETAIL FOOD,
EH19-011,102 ANNIE RD,2/18/2019,COMPLAINT FILED,GEO-Based,RETAIL FOOD,
EH19-080,1129 N SUMMIT BLVD,7/29/2019,COMPLAINT FILED,GEO-Based,RETAIL FOOD,
EH20-016,1205 N Summit Blvd,2/13/2020,COMPLAINT FILED,HANNAH WYND,HOTEL/ MOTEL,
EH20-017,1008 SUMMIT BLVD,2/14/2020,COMPLAINT FILED,HANNAH WYND,RETAIL FOOD,
STRV19-006,87 Wagon RD (CR 11),11/13/2019,NON-COMPLIANCE,Tanya Shattuck,ACC APARTMENT,2371-0710-02-007 
VIO18-033,246 Moonstone RD (CR 502),10/23/2018,NON-COMPLIANCE,Tanya Shattuck,ACC APARTMENT,2211-3140-18-003 
VIO18-036,452 Doris DR (CR 655),11/6/2018,NON-COMPLIANCE,Tanya Shattuck,ACC APARTMENT,2485-0620-01-006 
VIO18-037,135 Honeysuckle CT (CR 99),,,,,2095-2230-04-009 
VIO19-015,291 Alpine RD (CR 56),8/6/2019,NON-COMPLIANCE,Tanya Shattuck,ACC APARTMENT,2095-0820-01-004 
VIO19-016,228 Snowshoe CIR (CR 930),9/10/2019,NON-COMPLIANCE,Tanya Shattuck,ACC APARTMENT,2209-2520-13-025 
VIO19-019,142 Idlewild DR (CR 126),10/2/2019,NON-COMPLIANCE,Tanya Shattuck,ACC APARTMENT,2095-2720-07-001 
VIO19-021,781 Fairview BLVD (CR 400),10/15/2019,NON-COMPLIANCE,Tanya Shattuck,ACC APARTMENT,2211-1830-11-014 
VIO19-025,67 Honeysuckle CT (CR 99),10/21/2019,NON-COMPLIANCE,Tanya Shattuck,ACC APARTMENT,2095-2230-04-012 
VEN18-003,730 Gold King WAY (CR 779),9/24/2018,COMPLAINT FILED,GEO-Based,GRADING W/O PERMIT,2371-0730-00-018 
VEN18-004,231 Fairview BLVD (CR 400),10/9/2018,COMPLAINT FILED,GEO-Based,GRADING W/O PERMIT,2211-1920-03-021 
VEN18-005,510 Bearing Tree RD (CR 453),10/11/2018,COMPLAINT FILED,GEO-Based,GRADING W/O PERMIT,2211-3040-00-040 
VEN18-006,85 Revett DR (CR 317),10/26/2018,COMPLAINT FILED,GEO-Based,GRADING W/O PERMIT,2211-0740-01-285 
VEN18-008,450 Quandary View DR (CR 868),11/26/2018,COMPLAINT FILED,Stoy Streepey,GRADING W/O PERMIT,2483-0130-13-026 
VEN19-001,1250 Soda Ridge RD (CR 4),4/19/2019,IN PROGRESS,PAUL GEIGER,ROW DISTURBANCES,2095-2330-00-001 
VEN19-002,6644 Barton RD (CR 3),5/28/2019,NOTICE OF VIO,PAUL GEIGER,GRADING W/O PERMIT,2209-2440-05-004 
VEN19-004,375 Gold King WAY (CR 779),6/17/2019,COMPLAINT FILED,PAUL GEIGER,GRADING W/O PERMIT,2371-0720-00-006 
VEN19-007,58 Dickey DR (CR 969),8/22/2019,COMPLAINT FILED,PAUL GEIGER,GRADING W/O PERMIT,2209-0110-04-034 
VEN19-008,852 High Point DR (CR 500),9/4/2019,COMPLAINT FILED,PAUL GEIGER,GRADING W/O PERMIT,2211-3230-10-009 
VEN19-009,79 Bearing Tree RD (CR 453),9/16/2019,COMPLAINT FILED,DAN GIETZEN,GRADING W/O PERMIT,2211-3040-02-004 
VEN19-010,689 American WAY (CR 906),,,,,2209-2510-09-002 
VEN19-013,,11/13/2019,NON-COMPLIANCE,PAUL GEIGER,GRADING W/O PERMIT,2483-1210-06-017 
VIO19-008,74 Hideaway CT (CR 130),6/4/2019,NON-COMPLIANCE,Tanya Shattuck,,2095-2720-10-041 
VIO18-026,510 Bearing Tree RD (CR 453),9/6/2018,SENT TO LEGAL,Tanya Shattuck,,2211-3040-00-040 
VIO18-041,22859 Us Hwy 6,12/4/2018,NON-COMPLIANCE,Tanya Shattuck,,2095-2410-08-001 
VIO19-012,241 Emmett Lode RD (CR 536),6/24/2019,NON-COMPLIANCE,Tanya Shattuck,,2371-0510-05-047 
VIO19-014,251 Alpine RD (CR 56),6/28/2019,SENT TO LEGAL,Tanya Shattuck,,2095-0820-01-006 
STRV19-004,1398 American WAY (CR 906),10/24/2019,COMPLAINT FILED,Tanya Shattuck,,2209-2520-14-060 
STRV19-007,415 Vail CIR (CR 127),11/25/2019,COMPLAINT FILED,Tanya Shattuck,,2095-2720-10-009 
STRV19-009,629 Idlewild DR (CR 126),12/17/2019,COMPLAINT FILED,Tanya Shattuck,,2095-2720-03-007 
STRV19-011,126 CR 674,12/18/2019,COMPLAINT FILED,Tanya Shattuck,,2483-1210-02-003 
STRV20-002,351 Piney Acres CIR (CR 77),1/10/2020,COMPLAINT FILED,Don Bantam,,2095-0720-04-001 
STRV20-004,448 Hillside DR (CR 1906),1/14/2020,COMPLAINT FILED,Don Bantam,,1951-3620-09-017 
STRV20-005,26 Snowberry WAY (CR 136),,,,,2095-2720-02-010 
STRV20-006,67 Honeysuckle CT (CR 99),1/14/2020,COMPLAINT FILED,Tanya Shattuck,,2095-2230-04-012 
STRV20-007,206 Rasor DR (CR 67),1/17/2020,COMPLAINT FILED,Don Bantam,,2095-1340-04-021 
STRV20-012,66 Arrowhead CT (CR 61),1/21/2020,COMPLAINT FILED,Don Bantam,,2095-0710-14-033 
STRV20-014,3334 Ski Hill RD (CR 3),1/24/2020,COMPLAINT FILED,Don Bantam,,2209-2540-19-010 
STRV20-016,151 Burro LN (CR 922),2/3/2020,COMPLAINT FILED,Don Bantam,,2209-2510-16-019 
STRV20-018,918 American WAY (CR 906),2/5/2020,COMPLAINT FILED,Don Bantam,,2209-2510-08-028 
STRV20-020,1034 Straight Creek DR (CR 58),2/7/2020,COMPLAINT FILED,Don Bantam,,2095-0530-24-005 
STRV20-024,42 Charter Ridge CT (CR 538),2/14/2020,COMPLAINT FILED,Don Bantam,,2371-0540-15-013 
STRV20-025,96 Moonstone RD (CR 502),2/17/2020,COMPLAINT FILED,Don Bantam,,2211-3143-01-002 
STRV20-030,478 N Fuller Placer RD (CR 560,2/20/2020,COMPLAINT FILED,Don Bantam,,2371-0420-02-028 
STRV20-031,529 Piney Acres CIR (CR 77),2/26/2020,COMPLAINT FILED,Don Bantam,,2095-0710-16-001 
STRV20-032,580 Delaware DR (CR 301),2/28/2020,COMPLAINT FILED,Don Bantam,,2211-1720-01-005 
STRV20-034,225 CR 503,3/2/2020,COMPLAINT FILED,Don Bantam,,2371-0610-01-005 
STRV20-036,568 Lake View CIR W (CR 970),3/4/2020,COMPLAINT FILED,Don Bantam,,2209-0140-04-047 
STRV20-037,53 Last Chance LN (CR 166),3/9/2020,COMPLAINT FILED,Don Bantam,,2095-2340-08-003 
STRV20-038,14 Dunkin DR (CR 521),,,,,2371-0510-02-002 
EH20-023,336 Dillon Ridge WAY,2/27/2020,COMPLAINT FILED,Steve Prosise,NON-HAZARDOUS,2095-0730-16-003 
EH20-027,182 Lusher Court,3/3/2020,COMPLAINT FILED,HANNAH WYND,HAZARDOUS,
EH18-060,5374 Montezuma RD,6/29/2018,COMPLAINT FILED,GEO-Based,WASTE WATER,2093-2630-15-002 
EH19-099,222 CR 1776,9/13/2019,COMPLAINT FILED,Steve Prosise,WASTE WATER,1695-1340-02-019 
EH19-101,476 CR 674,9/23/2019,OPEN,Seth Danner,WASTE WATER,2485-0630-04-005 
EH19-110,102 Sally CIR (CR 652),11/6/2019,COMPLAINT FILED,Steve Prosise,WASTE WATER,2485-0620-01-063 
EH19-114,53 CR 1780,11/13/2019,OPEN,Dan Hendershott,WASTE WATER,1695-1330-09-003 
EH20-014,53 CR 1780,2/10/2020,OPEN,HANNAH WYND,WASTE WATER,1695-1330-09-003 
EH20-029,198 Green Mountain AVE (CR 178,3/4/2020,OPEN,Seth Danner,WASTE WATER,1695-1330-05-001 
INV-0001,625 Temple Trl 1001,5/19/1993,FINAL,Cv,INVESTIGATION,2097-3530-00-043 
INV-0002,79 Forest Canyon Rd 63,5/19/1993,APPLIED,Cv,INVESTIGATION,2095-0820-05-021 
INV-0003,625 Temple Trl 1001,,,,,2097-3530-00-043 
INV-0004,92 Illinois Gulch Rd 518,,,,,1800150
INV-0005,362 Shekel Ln 403,5/19/1993,FINAL,Lr,INVESTIGATION,2211-1920-02-057 
INV-0006,815 Ten Mile Dr,,,,,1900196
INV-0007,409 E Main St,6/8/1993,APPLIED,Cv,INVESTIGATION,2097-3523-01-005 
INV-0008,310 E Main St,6/30/1993,FINAL,Lr,INVESTIGATION,2097-3523-27-002 
INV-0009,101 Sunset Dr,6/30/1993,FINAL,Tb,INVESTIGATION,2097-3411-09-003 
INV-0010,342 Illinois Gulch Rd 518,6/30/1993,APPLIED,Lr,INVESTIGATION,2371-0530-07-001 
INV-0011,169 Forest Canyon Rd 63,6/30/1993,APPLIED,Tb,INVESTIGATION,2095-0820-05-026 
INV-0012,120 Fiedler Ave,,,,,901125
INV-0013,48 Ten Mile Cir 1193,,,,,700070
INV-0014,,,,,,
INV-0015,,9/22/1993,FINAL,,INVESTIGATION,
INV-0016,192 Summit County Rd 1042,9/27/1993,APPLIED,,INVESTIGATION,2097-3520-02-003 
INV-0017,,9/28/1993,APPLIED,,INVESTIGATION,
INV-0018,101 Forest Dr,9/28/1993,FINAL,,INVESTIGATION,2097-3413-03-001 
INV-0019,22804 Hwy 6,9/30/1993,FINAL,Cv,INVESTIGATION,2095-2410-25-002 
INV-0020,,9/30/1993,APPLIED,Tlf,INVESTIGATION,4200224
INV-0021,215 S 2nd Ave,10/15/1993,FINAL,,INVESTIGATION,
INV-0022,162 Poplar Cir 1268,10/18/1993,FINAL,,INVESTIGATION,2097-1410-19-017 
INV-0023,103 Red Feather Rd,10/18/1993,FINAL,Cv,INVESTIGATION,2371-0630-24-043 
INV-0024,476 Cove Blvd 120,10/21/1993,FINAL,Cw,INVESTIGATION,1000183
INV-0025,92 J Rd 2031,,,,,1301013
INV-0026,120 Meadow Dr 129,10/21/1993,APPLIED,Cw,INVESTIGATION,2095-2720-09-012 
INV-0027,242 Quandary Rd 626,,,,,2371-3120-08-016 
INV-0028,,10/25/1993,APPLIED,,INVESTIGATION,
INV-0029,4192 Hwy 9,10/25/1993,FINAL,Lr,INVESTIGATION,2371-3120-06-017 
INV-0030,60 Z Rd 2048,10/28/1993,FINAL,Cv,INVESTIGATION,1300811
INV-0031,73 Big Elk Rd 55,10/28/1993,FINAL,Mm,INVESTIGATION,2095-0710-06-016 
INV-0032,258 Deer Path Rd 53,10/28/1993,APPLIED,,INVESTIGATION,2095-0820-05-007 
INV-0033,21741 Hwy 6,11/4/1993,APPLIED,Gp,INVESTIGATION,4200737
INV-0034,,11/15/1993,APPLIED,Tlf,INVESTIGATION,1301027
INV-0035,53 Brook Ave 2005,11/22/1993,VOID,Gp,INVESTIGATION,2097-0110-01-016 
INV-0036,279 X Rd 2045,11/22/1993,FINAL,Gp,INVESTIGATION,1300973
INV-0037,103 Brook Ave 2005,11/22/1993,FINAL,,INVESTIGATION,2097-0110-01-014 
INV-0038,130 Z Rd 2048,11/24/1993,FINAL,Cv,INVESTIGATION,1300789
INV-0039,112 Overlook Dr  514,11/24/1993,APPLIED,,INVESTIGATION,2371-0610-20-011 
INV-0040,1493 Keystone Rd 8,12/1/1993,FINAL,Tb,INVESTIGATION,2093-192W-10-002 
INV-0041,351 Slalom Dr 925,12/3/1993,APPLIED,Cw,INVESTIGATION,2209-2610-05-015 
INV-0042,409 E Main St,12/22/1993,FINAL,Gp,INVESTIGATION,2097-3523-01-005 
INV-0043,409 E Main St,,,,,2097-3523-01-005 
INV-0044,409 E Main St,,,,,2097-3523-01-005 
INV-0045,1688 Soda Ridge Rd 4,12/22/1993,FINAL,,INVESTIGATION,2095-2330-11-020 
INV-0046,120 Granite St,12/29/1993,APPLIED,,INVESTIGATION,2097-3523-09-001 
INV-0047,357 Cove Blvd 120,1/3/1994,APPLIED,,INVESTIGATION,2095-2140-34-001 
INV-0048,398 W Lake View Cir 970,1/4/1994,FINAL,Tb,INVESTIGATION,2209-0140-04-043 
INV-0049,13197 Hwy 9,1/5/1994,FINAL,Db,INVESTIGATION,2211-1830-21-001 
INV-0050,158 Huron Rd 450,1/10/1994,FINAL,Lr,INVESTIGATION,2802712
INV-0051,106 Sunlight Dr 131,1/20/1994,APPLIED,,INVESTIGATION,2095-2140-22-009 
INV-0052,707 Sage Creek Canyon Dr 1912,1/21/1994,APPLIED,,INVESTIGATION,1951-2640-02-010 
INV-0053,109 Bunker Hill Lode 519,1/25/1994,VOID,,INVESTIGATION,1800043
INV-0054,792 Fairview Blvd 400,2/7/1994,APPLIED,Lr,INVESTIGATION,2211-1830-11-005 
INV-0055,471 High Point Dr 500,2/8/1994,FINAL,,INVESTIGATION,2211-3230-02-003 
INV-0056,7071 Heeney Rd 30,2/9/1994,APPLIED,,INVESTIGATION,1700244
INV-0057,,2/10/1994,FINAL,,INVESTIGATION,
INV-0058,,3/6/1994,APPLIED,,INVESTIGATION,
INV-0059,150 Lichen Ln 128,3/18/1994,FINAL,,INVESTIGATION,2095-2710-01-001 
INV-0060,572 Summit County Rd 2900,3/19/1994,FINAL,,INVESTIGATION,
INV-0061,27 E Hanson Rd 69,3/19/1994,FINAL,Cw,INVESTIGATION,2095-2410-06-016 
INV-0062,570 Straight Creek Dr 58,5/18/1994,FINAL,Cv,INVESTIGATION,2095-0640-06-002 
INV-0063,1307 Broken Lance Dr,5/25/1994,FINAL,,INVESTIGATION,2371-0630-08-002 
INV-0064,,5/27/1994,FINAL,,INVESTIGATION,
INV-0065,194 Range Rd 625,6/22/1994,APPLIED,,INVESTIGATION,2371-3130-10-004 
INV-0066,297 Rasor Dr 67,6/30/1994,APPLIED,Cv,INVESTIGATION,2095-2410-06-002 
INV-0067,371 E La Bonte St,7/5/1994,FINAL,Gp,INVESTIGATION,2095-0740-01-001 
INV-0068,142 Reiling Rd 460,7/7/1994,ISSUED,,INVESTIGATION,2803314
INV-0069,584 Range Rd 625,,,,,2371-3130-09-061 
INV-0070,133 Reiling Rd 460,,,,,400319
INV-0071,37 Sunlight Dr 131,7/25/1994,APPLIED,,INVESTIGATION,2095-2140-23-001 
INV-0073,181 Poplar Cir 1268,8/4/1994,APPLIED,,INVESTIGATION,2097-1410-19-018 
INV-0075,103 Last Chance Ln 166,9/26/1994,APPLIED,,INVESTIGATION,2095-2340-08-006 
INV-0076,126 Rasor Dr 67,9/28/1994,VOID,,INVESTIGATION,2095-1340-04-023 
INV-0077,,10/3/1994,APPLIED,Lr,INVESTIGATION,
INV-0078,67 Garnet Rd 1300,11/21/1994,FINAL,,INVESTIGATION,2097-0240-02-026 
INV-0079,2312 Ryan Gulch Rd 1260,11/29/1994,FINAL,Lr,INVESTIGATION,600742
INV-0080,2322 Ryan Gulch Rd 1260,11/29/1994,ISSUED,Lr,INVESTIGATION,600747
INV-0081,2332 Ryan Gulch Rd 1260,,,,,601732
INV-0082,,12/19/1994,VOID,,INVESTIGATION,
INV-0083,85 Revette Dr 317,1/19/1995,FINAL,,INVESTIGATION,2211-0740-00-003 
INV-0085,163 High Tor Rd 305,8/8/1995,FINAL,,INVESTIGATION,2211-1810-14-011 
INV-0086,9 Sage Rd 79,8/14/1995,FINAL,,INVESTIGATION,2095-2120-01-033 
INV-0087,532 J Rd 2031,9/22/1995,FINAL,,INVESTIGATION,2095-0720-01-036 
INV-0088,56 Lookup Ln 1020,10/5/1995,ISSUED,,INVESTIGATION,2097-3540-00-018 
INV-0089,158 Lee Ln 861,3/13/1996,FINAL,,INVESTIGATION,2483-1210-12-007 
INV-0090,622 Fairview Blvd 400,4/10/1996,APPLIED,Lr,INVESTIGATION,2211-1920-03-054 
INV-0091,30 Gray Fox Ln 133,10/14/1996,FINAL,Cv,INVESTIGATION,
INV-0092,21656 Hwy 6,10/29/1996,FINAL,Lr,INVESTIGATION,
INV-0093,522 High Point Dr 500,11/26/1996,FINAL,Tb,INVESTIGATION,2211-3230-08-011 
INV-0094,,11/26/1996,APPLIED,Rw,INVESTIGATION,
INV-0095,92 Idlewild Dr 126,1/14/1997,FINAL,Lr,INVESTIGATION,2095-2720-07-003 
INV-0096,312 Lodgepole St,1/17/1997,FINAL,Lr,INVESTIGATION,2095-0740-16-049 
INV-0097,656 Tanglewood Ln 2007,1/30/1997,FINAL,Jdw,INVESTIGATION,2097-1210-02-024 
INV-0098,119 Bunker Hill Lode 519,4/3/1997,FINAL,Tb,INVESTIGATION,1800276
INV-0099,476 Cartier Ct 101,5/14/1997,FINAL,,INVESTIGATION,2095-2230-13-024 
INV-0100,328 Rodeo Dr 2402,6/13/1997,ISSUED,Lr,INVESTIGATION,1845-2730-01-001 
INV-0101,105 Village Pl,11/19/1997,FINAL,Gcd,INVESTIGATION,2095-0740-44-001 
INV-0102,982 High Point Dr 500,12/15/1997,APPLIED,,INVESTIGATION,2211-3230-10-003 
INV-0103,16 Arrowhead Ct 61,3/17/1998,FINAL,Lr,INVESTIGATION,2095-0710-14-004 
INV-0104,21680 Hwy 6,3/17/1998,FINAL,,INVESTIGATION,2095-2320-13-002 
INV-0105,,4/13/1998,APPLIED,Lr,INVESTIGATION,
INV-0106,4192 Hwy 9,5/21/1998,APPLIED,Gcd,INVESTIGATION,2371-3120-06-017 
INV-0107,63 High Tor Rd 305,5/29/1998,APPLIED,,INVESTIGATION,
INV-0108,6940 Ryan Gulch Rd 1260,7/1/1998,APPLIED,,INVESTIGATION,2097-1410-13-065 
INV-0109,56 Hwy 6,9/20/1999,APPLIED,,INVESTIGATION,
INV-0110,9020 Ryan Gulch Rd 1260,2/9/2000,APPLIED,,INVESTIGATION,2097-1420-37-014 
INV-0111,391 Z Rd 2048,2/14/2000,APPLIED,,INVESTIGATION,2095-0630-01-014 
INV-0112,66 Protector Pl 916,3/28/2000,APPLIED,,INVESTIGATION,2209-2520-14-041 
INV-0113,740 Little Beaver Trl,6/19/2000,FINAL,Gm,INVESTIGATION,2095-0730-01-003 
INV-0114,333 Camron Ln 865,7/6/2000,APPLIED,,INVESTIGATION,2483-1220-10-032 
INV-0115,193 Range Rd 625,,,,,2371-3130-11-003 
INV-0116,36 Cartier Ct 101,10/3/2000,APPLIED,,INVESTIGATION,2095-2230-13-001 
INV-0117,156 Forest Hills Dr 450,10/23/2000,APPLIED,,INVESTIGATION,
INV-0118,9460 Ryan Gulch Rd 1260,2/15/2001,FINAL,,INVESTIGATION,2097-1420-22-016 
INV-0119,161 Poplar Cir 1268,3/15/2001,APPLIED,,INVESTIGATION,2097-1410-19-016 
INV-0120,24 Glen Cove Dr 105,5/29/2001,FINAL,,INVESTIGATION,2095-2110-03-001 
INV-0121,7101 Heeney Rd 30,,,,,1695-1440-08-004 
INV-0122,14 Magnum Bonum Dr 462,7/12/2001,FINAL,,INVESTIGATION,2800993
INV-0123,225 Summit Dr 121,7/23/2001,FINAL,,INVESTIGATION,2095-2140-25-014 
INV-0124,28 Lakeview Ave 1784,7/24/2001,FINAL,,INVESTIGATION,1695-1330-04-004 
INV-0125,1359 Peru Creek Rd 260,7/25/2001,FINAL,,INVESTIGATION,2093-2420-00-006 
INV-0126,28585 Hwy 9,7/25/2001,VOID,Scott,INVESTIGATION,1951-2220-00-021 
INV-0127,31 Alpine Rd 56,8/16/2001,FINAL,Scott,INVESTIGATION,2095-0710-07-003 
INV-0128,120 Meadow Dr 129,8/16/2001,FINAL,,INVESTIGATION,2095-2720-09-012 
INV-0129,61 Cydney Ln 1283,8/17/2001,FINAL,Scott,INVESTIGATION,
INV-0130,6916 Ryan Gulch Rd 1260,8/21/2001,FINAL,,INVESTIGATION,601997
INV-0131,11 North Side Cir 1267,2/5/2002,FINAL,,INVESTIGATION,2097-1410-09-001 
INV-0132,36 Wagon Rd 11,2/20/2002,FINAL,,INVESTIGATION,2371-0710-01-001 
INV-0133,654 American Rd 919,3/1/2002,FINAL,Gcd,INVESTIGATION,2209-2520-12-014 
INV-0134,14774 Hwy 9,3/12/2002,FINALED,Scott,INVESTIGATION,2211-0710-00-007 
INV-0135,36 Cove Blvd 120,3/12/2002,FINAL,,INVESTIGATION,2095-2140-19-017 
INV-0136,37 Summit County Rd 1005,3/18/2002,APPLIED,,INVESTIGATION,
INV-0137,85 Revette Dr 317,3/21/2002,FINAL,,INVESTIGATION,2211-0740-00-003 
INV-0138,265 Overlook Dr  514,4/30/2002,APPLIED,,INVESTIGATION,2371-0610-11-001 
INV-0139,22090 Hwy 6,5/9/2002,FINALED,Scott,INVESTIGATION,
INV-0140,156 Fawn Ct 1261,7/1/2002,FINALED,Scott,INVESTIGATION,2097-1320-53-004 
INV-0141,205 Protector Pl 916,7/2/2002,FINAL,,INVESTIGATION,2209-2520-14-013 
INV-0142,585 Temple Trl 1001,7/11/2002,FINAL,,INVESTIGATION,2097-3530-00-012 
INV-0143,114 Village Pl,7/26/2002,FINALED,Scott,INVESTIGATION,2095-0740-45-001 
INV-0144,99 Bearing Tree Rd 453,7/31/2002,FINALED,,INVESTIGATION,2211-3040-02-005 
INV-0145,1010 Atlantic Lode Rd 527,8/6/2002,APPLIED,,INVESTIGATION,1800558
INV-0146,1010 Atlantic Lode Rd 527,8/6/2002,VOID,Scott,INVESTIGATION,1800558
INV-0147,155 River Park Dr 765,8/6/2002,FINAL,Scott,INVESTIGATION,2371-0630-55-007 
INV-0148,643 Alpine Rd 56,8/15/2002,VOID,Scott,INVESTIGATION,2095-0530-34-020 
INV-0149,287 Kestrel Ln,8/15/2002,APPLIED,,INVESTIGATION,
INV-0150,610 Montezuma Rd 5,8/22/2002,VOID,,INVESTIGATION,
INV-0153,91823 Ryan Gulch Rd 1260,12/4/2002,FINALED,,INVESTIGATION,2097-1510-32-007 
INV-0154,95 Reliance Dr 461,1/16/2003,FINAL,,INVESTIGATION,2802048
INV-0156,221 Oro Grande Dr 70,4/1/2003,FINAL,,INVESTIGATION,4200512
INV-0158,4192 Hwy 9,5/27/2003,APPLIED,,INVESTIGATION,2371-3120-06-017 
INV-0159,85 Revette Dr 317,6/5/2003,APPLIED,,INVESTIGATION,2211-0740-00-003 
INV-0160,1202 Keystone Rd 8,6/5/2003,VOID,,INVESTIGATION,
INV-0162,16152 Hwy 9,6/18/2003,FINAL,,INVESTIGATION,2209-0110-01-012 
INV-0163,4192 Hwy 9,7/31/2003,FINAL,,INVESTIGATION,2371-3120-06-017 
INV-0164,218 County Shops Rd 1003,8/28/2003,APPLIED,,INVESTIGATION,2097-3540-00-078 
INV-0166,860 Copper Rd 1190,5/3/2004,APPLIED,,INVESTIGATION,2209-3020-03-013 
INV-0170,19 Audrey Cir 983,6/21/2004,FINALED,,INVESTIGATION,2209-0110-05-045 
INV-0171,37 Audrey Cir 983,6/21/2004,APPLIED,,INVESTIGATION,2209-0110-05-020 
INV-0172,61 Audrey Cir 983,6/21/2004,FINALED,Scott,INVESTIGATION,2209-0110-05-013 
INV-0173,69 Audrey Cir 983,,,,,2209-0110-05-011 
INV-0175,46 Audrey Cir 983,7/7/2004,FINALED,,INVESTIGATION,2209-0110-05-038 
INV-0176,209 Ten Mile Cir 1193,5/5/2005,APPLIED,,INVESTIGATION,700711
INV-0177,330 Summit Dr 121,10/27/2005,APPLIED,,INVESTIGATION,2095-2140-24-007 
INV-0178,33205 Hwy 9,1/18/2006,APPLIED,,INVESTIGATION,1845-3320-00-002 
INV-0179,220 Galena St,3/20/2006,APPLIED,,INVESTIGATION,2097-3523-32-001 
INV-0180,748 HEENEY RD 30,8/31/2006,APPLIED,,INVESTIGATION,
INV-0181,66 Rainbow Ave 1793,9/6/2006,APPLIED,,INVESTIGATION,1695-1330-02-006 
INV-0182,2000 Silverheels Dr 1274,9/20/2006,APPLIED,,INVESTIGATION,2097-1410-28-006 
INV-0183,180 E La Bonte St,10/11/2006,APPLIED,Tb,INVESTIGATION,
INV-0184,201 Bunker Hill Lode Rd 519,10/16/2006,APPLIED,,INVESTIGATION,2371-0540-31-009 
INV-0185,301 W La Bonte St,12/22/2006,APPLIED,,INVESTIGATION,2095-0740-14-001 
INV-0186,1495 Forest Hills Dr 450,3/13/2007,APPLIED,,INVESTIGATION,2211-3040-00-044 
INV-0187,760 Copper Rd 1190,5/7/2007,APPLIED,,INVESTIGATION,2209-3020-02-039 
INV-0188,112 Illinois Gulch Rd 518,6/11/2007,APPLIED,,INVESTIGATION,2371-0540-18-009 
INV-0189,1965 Crown Ct,7/20/2007,APPLIED,,INVESTIGATION,
INV-0190,1969 Crown Ct,,,,,
INV-0191,4200 Lodge Pole Cir 1272,,,,,2097-1420-18-028 
INV-0192,127 Rasor Dr 67,,,,,2095-1340-04-016 
INV-0193,150 Tennis Club Rd 187,,,,,2095-2310-23-002 
INV-0194,112 Illinois Gulch Rd 518,7/26/2007,APPLIED,,INVESTIGATION,2371-0540-18-009 
INV-0195,100 Norse Ln 256,11/29/2007,APPLIED,,INVESTIGATION,
INV-0196,67 R Rd 2039,12/20/2007,APPLIED,,INVESTIGATION,2097-0140-04-029 
INV-0197,180 E La Bonte St,1/31/2008,APPLIED,,INVESTIGATION,
INV-0198,117 Reiling Rd 460,2/26/2008,APPLIED,,INVESTIGATION,2802064
INV-0199,117 Reiling Rd 460,2/26/2008,APPLIED,Tb,INVESTIGATION,2802064
INV-0200,6741 Ryan Gulch Rd 1260,7/7/2008,APPLIED,,INVESTIGATION,2097-1410-12-003 
INV-0201,685 Idlewild Dr 126,7/8/2008,APPLIED,,INVESTIGATION,2095-2720-03-009 
INV-0203,40 Cove Blvd 120,9/18/2008,APPLIED,,INVESTIGATION,
INV-0204,298 Summit Dr 121,,,,,2095-2140-24-009 
INV-0205,1137 Lookout Ridge Dr,9/22/2008,APPLIED,,INVESTIGATION,
INV-0206,112 Illinois Gulch Rd 518,10/1/2008,APPLIED,,INVESTIGATION,2371-0540-18-009 
INV-0207,31 Bristlecone Ct 168,10/9/2008,APPLIED,,INVESTIGATION,2095-2330-11-004 
INV-0209,252 Poplar Cir 1268,1/7/2009,APPLIED,,INVESTIGATION,2097-1410-20-019 
INV-0210,6968 Ryan Gulch Rd 1260,2/12/2009,APPLIED,,INVESTIGATION,601217
INV10-001,85 REVETTE DR,1/25/2010,COMPLAINT FILED,GEO-Based,WORK W/O PERMIT,2211-0740-01-193 
INV10-004,76 RASOR DR,2/23/2010,COMPLAINT FILED,GEO-Based,WORK W/O PERMIT,2095-2410-06-018 
INV13-002,28 LAKEVIEW AVE,1/11/2013,COMPLAINT FILED,GEO-Based,WORK W/O PERMIT,1695-1330-04-004 
INV13-003,105 RELIANCE DR,1/16/2013,COMPLAINT FILED,GEO-Based,WORK W/O PERMIT,2211-3110-02-028 
INV13-004,57 (CR 76),5/1/2013,COMPLAINT FILED,GEO-Based,WORK W/O PERMIT,2095-0710-15-001 
INV13-005,781 HIGH POINT DR (CR 500),5/31/2013,COMPLAINT FILED,GEO-Based,WORK W/O PERMIT,2211-3230-07-003 
INV13-009,154 SWAN DR (CR 306),7/25/2013,COMPLAINT FILED,Mark Dzubay,WORK W/O PERMIT,2211-1810-02-005 
INV13-012,382 FAIRVIEW BLVD (CR 400),7/31/2013,OPEN,Don Bantam,WORK W/O PERMIT,2211-1920-03-041 
INV15-005,532 Polar CT,2/18/2015,OPEN,Don Bantam,WORK W/O PERMIT,2097-1220-16-007 
INV15-014,,8/5/2015,COMPLAINT FILED,GEO-Based,WORK W/O PERMIT,
INV15-019,103 Solomons LN (CR 1249),10/1/2015,OPEN,Mark Dzubay,WORK W/O PERMIT,2097-1410-03-015 
INV16-001,22869 Hwy 6,1/18/2016,COMPLAINT FILED,Mark Dzubay,WORK W/O PERMIT,2095-2410-49-001 
INV16-002,85 Revett DR (CR 317),3/29/2016,COMPLAINT FILED,Todd Gourley,WORK W/O PERMIT,2211-0740-01-022 
INV16-008,341 Poplar CIR (CR 1268),6/2/2016,COMPLAINT FILED,Don Bantam,WORK W/O PERMIT,2097-1410-16-043 
INV16-010,97 Third ST,7/22/2016,OPEN,Don Bantam,FIRE INVESTIGATION,2093-2630-09-001 
INV16-011,181 Emmett Lode RD (CR 536),7/25/2016,COMPLAINT FILED,Don Bantam,WORK W/O PERMIT,2371-0540-01-025 
INV16-017,159 Snowshoe CIR (CR 930),11/9/2016,COMPLAINT FILED,Scott Hoffman,WORK W/O PERMIT,2209-2520-13-041 
INV17-002,68 Continental CT (CR 923),1/12/2017,COMPLAINT FILED,Scott Hoffman,WORK W/O PERMIT,2209-2410-10-007 
INV18-004,107 Kokanee LN (CR 1797),2/27/2018,COMPLAINT FILED,Scott Hoffman,WORK W/O PERMIT,1695-1440-05-001 
EH10-026,240 SUMMIT PL,5/27/2010,COMPLAINT FILED,Simon Farrell,RETAIL FOOD,2097-1240-10-001 
EH10-038,270 DILLON RIDGE WAY,7/27/2010,COMPLAINT FILED,Simon Farrell,RETAIL FOOD,2095-0730-14-001 
EH17-028,110 S PARK AVE,3/6/2017,COMPLAINT FILED,GEO-Based,RETAIL FOOD,
VEN12-006,DEER CRK TRAILHEAD,10/18/2012,COMPLAINT FILED,Robert Jacobs,ROW DISTURBANCES,2213-0220-00-005 
VEN12-010,610 E KEYSTONE RD,12/12/2012,COMPLAINT FILED,Robert Jacobs,WETLAND DISTURBANCE,2093-1920-04-003 
VEN12-011,CONTINENTAL CT,12/27/2012,COMPLAINT FILED,Robert Jacobs,GRADING W/O PERMIT,2209-2410-09-004 
VEN15-002,390 Straight Creek DR (CR 58),6/10/2015,NON-COMPLIANCE,PAUL GEIGER,SURFACE WATER,2095-0710-07-001 
VEN16-002,468 Piney Acres CIR (CR 77),1/29/2016,IN PROGRESS,PAUL GEIGER,GRADING W/O PERMIT,2095-0720-02-003 
VEN16-003,371 Forest DR (CR 1050),2/25/2016,NOTICE OF VIO,PAUL GEIGER,GRADING W/O PERMIT,2097-3412-02-002 
VEN16-005,89 Greenwood DR (CR 913),4/15/2016,NOTICE OF VIO,PAUL GEIGER,ROW DISTURBANCES,2209-2440-05-021 
VEN16-009,531 High Point DR (CR 500),7/29/2016,NOTICE OF VIO,PAUL GEIGER,GRADING W/O PERMIT,2211-3230-07-011 
VEN16-010,12 Discovery RD (CR 901),7/29/2016,COMPLAINT FILED,PAUL GEIGER,GRADING W/O PERMIT,2209-2540-19-011 
VEN16-013,1256 Forest Hills DR (CR 450),,,,,2211-3010-01-009 
VEN16-015,9022 Coyne Valley RD (CR 3),7/29/2016,NOTICE OF VIO,PAUL GEIGER,WETLAND DISTURBANCE,2209-2410-00-002 
VEN16-020,251 Silver CIR (CR 404),8/12/2016,IN PROGRESS,PAUL GEIGER,GRADING W/O PERMIT,2211-1920-01-008 
VEN16-021,164 (CR 672),8/22/2016,IN PROGRESS,PAUL GEIGER,GRADING W/O PERMIT,2483-0140-19-010 
VEN16-022,353 (CR 672),8/23/2016,IN PROGRESS,PAUL GEIGER,GRADING W/O PERMIT,2483-0140-23-017 
VEN17-002,5741 French Gulch RD (CR 2),2/6/2017,COMPLAINT FILED,STOY STREEPEY,GRADING W/O PERMIT,2371-0120-01-006 
VEN17-004,1249 American WAY (CR 906),2/8/2017,NOTICE OF VIO,STOY STREEPEY,ROW DISTURBANCES,2209-2520-10-016 
VEN17-006,407 Deer Path RD (CR 53),5/16/2017,COMPLAINT FILED,STOY STREEPEY,GRADING W/O PERMIT,2095-0820-04-020 
VEN17-012,,5/19/2017,IN PROGRESS,STOY STREEPEY,SURFACE WATER,2097-1510-03-060 
VEN17-015,3862 French Gulch RD (CR 2),8/28/2017,COMPLAINT FILED,GEO-Based,GRADING W/O PERMIT,2211-3410-00-007 
VEN17-019,432 Fairview BLVD (CR 400),12/5/2017,COMPLAINT FILED,GEO-Based,ROW DISTURBANCES,2211-1920-03-044 
EH11-079,,8/25/2011,COMPLAINT FILED,GEO-Based,,
EH11-080,,,,,,
EH16-057,358 Lagoon LN,6/23/2016,COMPLAINT FILED,GEO-Based,,2097-1210-08-031 
VIO12-005,107 S BOBWHITE WAY (CR 1021),1/20/2012,NON-COMPLIANCE,Tanya Shattuck,,2097-3540-00-014 
VIO15-043,83 Masters DR (CR 1199),8/25/2015,COMPLAINT FILED,GEO-Based,,2209-3040-03-015 
EH09-005,,8/31/2009,OPEN,GEO-Based,,
EH10-066,193 CARROLL LN,10/28/2010,COMPLAINT FILED,Simon Farrell,,2483-1210-12-021 
INV15-016,28 Lee CT (CR 654),8/31/2015,COMPLAINT FILED,Todd Gourley,,2371-3130-13-023 
EH10-015,468 PINEY ACRES CIR,3/17/2010,COMPLAINT FILED,Simon Farrell,NON-HAZARDOUS,2095-0720-02-003 
EH10-042,,7/30/2010,COMPLAINT FILED,Simon Farrell,HAZARDOUS,
EH11-036,66 ARROWHEAD CT,6/9/2011,COMPLAINT FILED,Simon Farrell,NON-HAZARDOUS,2095-0710-14-033 
EH17-046,571 Shekel LN (CR 403),5/22/2017,COMPLAINT FILED,GEO-Based,NON-HAZARDOUS,2211-1920-02-017 
EH17-047,571 Shekel LN (CR 403),5/22/2017,COMPLAINT FILED,ABIGAIL GURSHA,NON-HAZARDOUS,2211-1920-02-017 
EH11-062,84 HEENEY RD,11/7/2007,OPEN,Dan Hendershott,WASTE WATER,1695-1340-03-009 
EH17-107,26705 State Hwy 9,10/31/2017,OPEN,Seth Danner,WASTE WATER,1951-2640-03-001 
VIO14-023,822 LINDSTROM RD (CR 2510),5/14/2014,NON-COMPLIANCE,Tanya Shattuck,,1845-1740-00-010 
VIO14-027,187 LONGS RD (CR 2450),5/15/2014,NON-COMPLIANCE,Tanya Shattuck,,1845-2040-00-010 
VIO14-031,OASIS RANCH RD (CR 1405),,,,,1845-3330-07-003 
VIO14-032,34842 HWY 9,,,,,1845-2910-01-001 
VIO14-033,39762 HWY 9,,,,,1845-2910-00-010 
VIO14-034,35405 HWY 9,,,,,1845-2020-00-003 
VIO14-047,34282 HWY 9,8/5/2014,NON-COMPLIANCE,Tanya Shattuck,,1845-2910-00-009 
VIO14-053,25723 HWY 9,8/12/2014,NON-COMPLIANCE,Tanya Shattuck,,2097-0220-00-003 
VIO14-056,377 ELK RUN RD (CR 2500),8/14/2014,NON-COMPLIANCE,Tanya Shattuck,,1845-2020-05-005 
VIO14-057,31 SAW WHISKERS CIR (CR 169),,,,,2095-2330-10-016 
VIO14-058,52 SAW WHISKERS CIR (CR 169),8/19/2014,NON-COMPLIANCE,Tanya Shattuck,,2095-2330-10-009 
VIO14-060,231 SILVER CIR (CR 404),8/26/2014,NON-COMPLIANCE,Tanya Shattuck,,2211-1920-01-007 
VIO16-043,71 (CR 451),8/25/2016,NON-COMPLIANCE,Tanya Shattuck,,2211-3110-01-029 
VIO16-045,122 (CR 451),,,,,2211-3110-01-014 
VIO16-047,352 (CR 452),,,,,2211-3110-01-039 
VIO17-024,193 (CR 452),7/25/2017,NON-COMPLIANCE,Tanya Shattuck,,2211-3040-03-005 
VIO17-025,173 (CR 452),,,,,2211-3040-03-004 
VIO17-031,35 River Side CT (CR 1907),8/17/2017,NON-COMPLIANCE,Tanya Shattuck,,1951-3620-02-005 
VIO17-032,458 Lake View CIR W(CR 970),8/17/2017,COMPLAINT FILED,Tanya Shattuck,,2209-0140-04-044 
