1550015469,2408 DOMINION AVENUE,Initial Inspection,10/18/2019 12:00,Pending,,,,,304.3 General Requirements-Exterior Structure,November 04 2019,Warning Issued,North Camelia Acres,5,6,66.03,POINT (-76.21576929 36.91724155),
1550016762,8016 MONA AVENUE,Initial Inspection,4/30/2018 13:04,Completed with open violations,Nuisance,Tall Grass & Weeds,April 30 2018,Closed,Tall Weeds and Grass,May 01 2018,Closed - Corrected,Roosevelt Area,5,6,66.03,POINT (-76.2156163 36.91787166),
1550017600,2416 RANKIN AVENUE,Field Observation,10/8/2020,Completed with open violations,,,,,,,,North Camelia Acres,5,6,66.03,POINT (-76.2155079 36.917518),"3,744"
1550017647,2420 RANKIN AVENUE,Field Observation,9/20/2018,Completed with open violations,,,,,Tall Weeds and Grass,September 20 2018,Closed - Corrected,North Camelia Acres,5,6,66.03,POINT (-76.21529901 36.91767772),"3,771"
1550018910,8104 MONA AVENUE,Initial Inspection,12/21/2018,Completed with open violations,Housing/Structures,Exterior,December 21 2018,Closed,304.2 General Requirements-Exterior Structure,January 03 2019,Closed - Administrative Decision,Roosevelt Area,5,6,66.03,POINT (-76.21514162 36.91833839),"9,188"
1550019150,7917 BROOKFIELD ROAD,Field Observation,2/26/2019 10:42,Completed with open violations,,,,,Parking on the Unimproved Surface,February 26 2019,Closed - Corrected,North Camelia Acres,5,6,66.03,POINT (-76.21466183 36.91611196),
1550019601,2429 RANKIN AVENUE,Initial Inspection,4/5/2018 12:37,Pending,Special Programs,Virginia Natural Gas Red Tag,April 05 2018,Closed - Unable to Inspect,,,,North Camelia Acres,5,6,66.03,POINT (-76.21476275 36.91752237),
1550019766,2432 RANKIN AVENUE,Field Observation,10/8/2020 12:38,Completed with open violations,,,,,,,,North Camelia Acres,5,6,66.03,POINT (-76.21459311 36.91792844),
1550019806,2434 WEBB COURT,Initial Inspection,5/3/2019 13:21,Completed with open violations,Housing/Structures,Exterior,May 03 2019,Closed,304.2 General Requirements-Exterior Structure,May 07 2019,Closed - Corrected,North Camelia Acres,5,6,66.03,POINT (-76.21475364 36.9181541),
1550021835,8152 BEATTY STREET,Field Observation,10/9/2018 11:51,Completed with open violations,,,,,Trash And Debris,October 09 2018,Closed - Corrected,Roosevelt Area,5,6,66.02,POINT (-76.21736793 36.92100107),
1550022248,8117 NATHAN AVENUE,Initial Inspection,12/3/2018 12:20,Pending,Special Programs,Virginia Natural Gas Red Tag,December 03 2018,Closed,,,,Roosevelt Area,5,6,66.03,POINT (-76.21697465 36.91940337),
1550026773,8200 NATHAN AVENUE,Initial Inspection,7/25/2018 13:03,Pending,,,,,,,,Roosevelt Area,5,6,66.03,POINT (-76.21557393 36.92059343),
1550030294,2229 DEAN DRIVE,Initial Inspection,10/4/2018 15:15,Pending,Nuisance,Trash & Debris,October 04 2018,Closed - Unfounded,,,,Roosevelt Area,5,6,66.02,POINT (-76.21746488 36.92210295),
1550030895,2237 CORBETT AVENUE,Initial Inspection,4/18/2019,Completed with open violations,Nuisance,Trash & Debris,April 18 2019,Closed,302.7 General Requirements-Exterior Property Areas,April 22 2019,Closed - Corrected,Roosevelt Area,5,6,66.02,POINT (-76.21741553 36.92373155),"3,389"
1550031250,2233 DEAN DRIVE,Initial Inspection,10/23/2018 9:26,Pending,Nuisance,Trash & Debris,October 23 2018,Closed,Trash And Debris,October 24 2018,Closed - Corrected,Roosevelt Area,5,6,66.02,POINT (-76.21725237 36.92200129),
1550031770,2220 TARRALLTON DRIVE,Initial Inspection,10/22/2018 14:31,Pending,Nuisance,Tall Grass & Weeds,October 22 2018,Closed - Unfounded,,,,Roosevelt Area,5,6,66.02,POINT (-76.21713686 36.92328884),
1550031863,2241 CORBETT AVENUE,Field Observation,2/18/2020 17:15,Completed with open violations,,,,,,,,Roosevelt Area,5,6,66.02,POINT (-76.21718068 36.92362656),
1550031988,2236 CORBETT AVENUE,Initial Inspection,2/10/2020,Pending,,,,,,,,Roosevelt Area,5,6,66.02,POINT (-76.21709321 36.92410031),"3,387"
1550033067,8205 HALPRIN DRIVE,Initial Inspection,7/12/2019,Pending,Nuisance,Inoperable Vehicle,July 12 2019,Closed - Unfounded,,,,Roosevelt Area,5,6,66.02,POINT (-76.21653576 36.92153096),"9,401"
1550033230,8208 BEATTY STREET,Initial Inspection,9/6/2019 6:41,Pending,Nuisance,Tall Grass & Weeds,September 06 2019,Closed,Tall Weeds and Grass,September 11 2019,Closed - Administrative Decision,Roosevelt Area,5,6,66.02,POINT (-76.21673689 36.92189675),
1550033239,2236 DEAN DRIVE,Field Observation,8/18/2020 9:56,Completed with open violations,,,,,,,,Roosevelt Area,5,6,66.02,POINT (-76.21671916 36.92210212),
1550033613,2228 TARRALLTON DRIVE,Field Observation,2/11/2021 11:01,Completed with open violations,,,,,,,,Roosevelt Area,5,6,66.02,POINT (-76.21668277 36.92307198),
1550033911,2244 CORBETT AVENUE,Field Observation,2/12/2020 21:40,Completed with open violations,,,,,,,,Roosevelt Area,5,6,66.02,POINT (-76.21666292 36.92386934),
1550036265,8224 HALPRIN DRIVE,Initial Inspection,5/9/2018 14:47,Completed with open violations,Nuisance,Tall Grass & Weeds,May 09 2018,Completed with open violations,Tall Weeds and Grass,May 11 2018,Closed - Corrected,Roosevelt Area,5,6,66.03,POINT (-76.21552788 36.92203218),
1550037183,8221 NATHAN AVENUE,Field Observation,5/22/2018 15:32,Completed with open violations,,,,,Tall Weeds and Grass,May 22 2018,Closed - Corrected,Roosevelt Area,5,6,66.03,POINT (-76.21511343 36.92163769),
1550037263,8225 NATHAN AVENUE,Field Observation,5/22/2018 11:07,Completed with open violations,,,,,Tall Weeds and Grass,May 22 2018,Closed - Corrected,Roosevelt Area,5,6,66.03,POINT (-76.21511113 36.92191977),
1550041969,8421 MILLARD STREET,Initial Inspection,9/18/2019 11:13,Pending,Nuisance,Tall Grass & Weeds,September 18 2019,Closed - Unfounded,,,,Roosevelt Area,5,6,66.02,POINT (-76.21701342 36.92685625),
1550043445,2212 CORBETT AVENUE,Field Observation,2/12/2020 21:12,Completed with open violations,,,,,,,,Roosevelt Area,5,6,66.02,POINT (-76.21651816 36.92535502),
1550044228,8401 FRIDEN STREET,Initial Inspection,4/25/2018 12:37,Completed with open violations,Nuisance,Tall Grass & Weeds,April 25 2018,Completed with open violations,Tall Weeds and Grass,April 30 2018,Closed - Corrected,Roosevelt Area,5,6,66.02,POINT (-76.21613552 36.92488029),
1550046003,8316 FRIDEN STREET,Field Observation,2/12/2020,Completed with open violations,,,,,,,,Roosevelt Area,5,6,66.02,POINT (-76.21566076 36.92416933),"9,531"
1550046198,8344 LARRYMORE AVENUE,Initial Inspection,7/10/2018 9:29,Pending,Special Programs,Virginia Natural Gas Red Tag,July 10 2018,Closed,,,,Roosevelt Area,5,6,66.02,POINT (-76.21529575 36.92458534),
1550046416,8408 FRIDEN STREET,Initial Inspection,1/18/2019,Completed with open violations,Housing/Structures,Interior,January 18 2019,Completed with open violations,304.2 General Requirements-Exterior Structure,January 25 2019,Closed - Corrected,Roosevelt Area,5,6,66.02,POINT (-76.21557631 36.92538136),"9,653"
1550047410,8405 HALPRIN DRIVE,Initial Inspection,6/26/2018,Completed with open violations,Nuisance,Trash & Debris,June 26 2018,Completed with open violations,Trash And Debris,June 28 2018,Closed - Corrected,Roosevelt Area,5,6,66.02,POINT (-76.21522335 36.92517051),"9,648"
1550047776,8425 HALPRIN DRIVE,Initial Inspection,8/10/2018 10:35,Completed with open violations,Nuisance,Tall Grass & Weeds,August 10 2018,Completed with open violations,Tall Weeds and Grass,August 13 2018,Closed - Corrected,Roosevelt Area,5,6,66.02,POINT (-76.21496049 36.92617095),
1550048490,8404 HALPRIN DRIVE,Field Observation,5/3/2019,Completed with open violations,,,,,Building-Working without Permit,May 03 2019,Closed - Administrative Decision,Roosevelt Area,5,6,66.03,POINT (-76.21465501 36.92518006),"9,645"
1550049407,8408 HALPRIN DRIVE,Initial Inspection,4/2/2018 14:59,Completed with open violations,Nuisance,Illegal Parking in yard (2+ offenses),April 02 2018,Completed with open violations,Inoperable Vehicle,April 04 2018,Closed - Corrected,Roosevelt Area,5,6,66.03,POINT (-76.21460819 36.92537079),
1550049514,8412 HALPRIN DRIVE,Field Observation,5/23/2018,Completed with open violations,,,,,304.12 General Requirements-Exterior Structure,May 23 2018,Closed - Corrected,Roosevelt Area,5,6,66.03,POINT (-76.2145677 36.9255788),"9,656"
1550049632,8416 HALPRIN DRIVE,Initial Inspection,9/12/2018 10:33,Pending,Nuisance,Tall Grass & Weeds,September 12 2018,Closed - Unfounded,,,,Roosevelt Area,5,6,66.03,POINT (-76.21450348 36.92577949),
1550051563,8501 BENJAMIN AVENUE,Initial Inspection,10/15/2018,Completed with open violations,Housing/Structures,Exterior,October 15 2018,Closed,302.7 General Requirements-Exterior Property Areas,October 26 2018,Closed - Corrected,Roosevelt Area,5,6,66.02,POINT (-76.21699994 36.92833226),"9,732"
1550052776,2157 ESTER COURT,Initial Inspection,6/5/2019 12:25,Pending,Nuisance,Commercial Vehicle in Residential Area,June 05 2019,Closed - Unfounded,,,,Roosevelt Area,5,6,66.02,POINT (-76.216635 36.92897288),
1550053417,8500 BENJAMIN AVENUE,Initial Inspection,5/19/2020,Pending,,,,,,,,Roosevelt Area,5,6,66.02,POINT (-76.21646151 36.92814322),"9,730"
1550053924,2152 ESTER COURT,Initial Inspection,6/5/2019 8:46,Pending,Nuisance,Illegal Parking in yard (2+ offenses),June 05 2019,Closed - Unfounded,,,,Roosevelt Area,5,6,66.02,POINT (-76.21645832 36.92944459),
1550054674,8512 BENJAMIN AVENUE,Initial Inspection,12/30/2019 5:58,Pending,,,,,,,,Roosevelt Area,5,6,66.02,POINT (-76.2159514 36.92863586),
1550054990,8521 BENJAMIN AVENUE,Initial Inspection,6/5/2019 15:29,Pending,Nuisance,Illegal Parking in yard (2+ offenses),June 05 2019,Closed,Parking on the Unimproved Surface,June 11 2019,Closed - Corrected,Roosevelt Area,5,6,66.02,POINT (-76.21588229 36.92935503),
1550055117,2205 HELSLEY AVENUE,Initial Inspection,6/3/2019 17:51,Pending,Nuisance,Inoperable Vehicle,June 03 2019,Closed - Completed w/Notes,,,,Roosevelt Area,5,6,66.02,POINT (-76.21582883 36.92733487),
1550055491,8508 MILLARD STREET,Initial Inspection,6/26/2018 10:41,Pending,Nuisance,Tall Grass & Weeds,June 26 2018,Closed - Unfounded,,,,Roosevelt Area,5,6,66.02,POINT (-76.21560409 36.92797889),
1550055674,8517 MILLARD STREET,Initial Inspection,2/28/2020 6:10,Pending,,,,,,,,Roosevelt Area,5,6,66.02,POINT (-76.2155542 36.92859625),
1550056446,8512 MILLARD STREET,Field Observation,8/20/2018,Completed with open violations,,,,,Tall Weeds and Grass,August 20 2018,Closed - Corrected,Roosevelt Area,5,6,66.02,POINT (-76.21541771 36.92814492),"9,738"
1550057538,8520 MILLARD STREET,Initial Inspection,7/22/2019,Completed with open violations,Nuisance,Inoperable Vehicle,July 22 2019,Closed,Inoperable Vehicle,July 23 2019,Closed - Corrected,Roosevelt Area,5,6,66.02,POINT (-76.21506374 36.92842103),"9,751"
1550057682,8524 MILLARD STREET,Initial Inspection,7/16/2018 11:06,Completed with open violations,Nuisance,Tall Grass & Weeds,July 16 2018,Completed with open violations,Tall Weeds and Grass,July 30 2018,Closed - Corrected,Roosevelt Area,5,6,66.02,POINT (-76.21489083 36.92859419),
1550059134,2224 HELSLEY AVENUE,Initial Inspection,5/13/2019,Pending,Nuisance,Tall Grass & Weeds,May 13 2019,Closed - Completed w/Notes,,,,Roosevelt Area,5,6,66.02,POINT (-76.21442445 36.92717034),"3,349"
1550064254,8536 MERVIS COURT,Initial Inspection,1/4/2019 10:17,Pending,Nuisance,Illegal Parking in yard (2+ offenses),January 04 2019,Closed - Unfounded,,,,Roosevelt Area,5,6,66.02,POINT (-76.21598671 36.93027149),
1550075945,9624 1ST BAY STREET,Initial Inspection,3/9/2020 14:51,Pending,,,,,,,,East Ocean View,5,6,65.01,POINT (-76.21550151 36.93494311),
1550076262,2221 PRETTY LAKE AVENUE,Initial Inspection,2/2/2021 13:32,Completed with open violations,,,,,,,,East Ocean View,5,6,65.01,POINT (-76.2154802 36.93345975),
1550076262,2231 PRETTY LAKE AVENUE,Field Observation,2/18/2020 15:11,Completed with open violations,,,,,,,,East Ocean View,5,6,65.01,POINT (-76.2154802 36.93345975),
1550076262,2211 PRETTY LAKE AVENUE,Initial Inspection,6/2/2020,Pending,,,,,,,,East Ocean View,5,6,65.01,POINT (-76.2154802 36.93345975),"3,285"
1550078887,9624 2ND BAY STREET,Initial Inspection,12/31/2019 11:20,Pending,,,,,,,,East Ocean View,5,6,65.01,POINT (-76.21421855 36.93476814),
1550079653,9621 3RD BAY STREET,Initial Inspection,8/21/2020,Pending,,,,,,,,East Ocean View,5,6,65.01,POINT (-76.2140237 36.93401713),"10,789"
1550080077,2055 KINGSTON AVENUE,Field Observation,10/1/2018 9:10,Completed with open violations,,,,,Trash And Debris,October 01 2018,Closed - Corrected,Bayview,5,6,1,POINT (-76.21707574 36.9353315),
1550081054,2061 KINGSTON AVENUE,Initial Inspection,8/20/2020 9:42,Pending,,,,,,,,Bayview,5,6,1,POINT (-76.21687657 36.93526639),
1550081202,2054 KINGSTON AVENUE,Initial Inspection,1/27/2021 15:11,Pending,,,,,,,,Bayview,5,6,1,POINT (-76.21700285 36.93570832),
1550082138,2064 KINGSTON AVENUE,Initial Inspection,7/27/2018 12:09,Pending,Nuisance,Tall Grass & Weeds,July 27 2018,Closed,Tall Weeds and Grass,July 30 2018,Closed - Corrected,Bayview,5,6,1,POINT (-76.21662096 36.9355712),
1550083005,9628 WHIT AVENUE,Initial Inspection,1/11/2021,Pending,,,,,,,,Bayview,5,6,1,POINT (-76.2164147 36.93526086),"10,833"
1550105494,7851 AZALEA GARDEN ROAD,Initial Inspection,5/24/2018 14:49,Completed with open violations,Housing/Structures,Accessory Structure,May 24 2018,Completed with open violations,302.7 General Requirements-Exterior Property Areas,May 25 2018,Closed - Corrected,East Lynne/ Saratoga,5,6,66.05,POINT (-76.21209165 36.91426822),
1550107099,2488 JASPER COURT,Initial Inspection,1/25/2021,Completed with open violations,,,,,,,,East Lynne/ Saratoga,5,6,66.05,POINT (-76.21187603 36.9132906),"3,843"
1550111111,7916 BROOKFIELD ROAD,Field Observation,2/27/2019 9:29,Completed with open violations,,,,,304.10 General Requirements-Exterior Structure,February 27 2019,Closed - Corrected,North Camelia Acres,5,6,66.03,POINT (-76.21412942 36.91611803),
1550111206,2444 MALDEN AVENUE,Initial Inspection,2/25/2019,Completed with open violations,Housing/Structures,Exterior,February 25 2019,Closed,304.10 General Requirements-Exterior Structure,February 27 2019,Closed - Corrected,North Camelia Acres,5,6,66.03,POINT (-76.2141339 36.91659045),"3,824"
1550111717,2444 RANKIN AVENUE,Field Observation,3/2/2021 12:55,Completed with open violations,,,,,,,,North Camelia Acres,5,6,66.03,POINT (-76.21408613 36.91797575),
1550112636,2445 RANKIN AVENUE,Initial Inspection,4/6/2018 11:49,Pending,Special Programs,Virginia Natural Gas Red Tag,April 06 2018,Completed with open violations,,,,North Camelia Acres,5,6,66.03,POINT (-76.21370469 36.91766115),
1550113078,2457 MALDEN AVENUE,Field Observation,2/3/2020 16:35,Completed with open violations,,,,,,,,North Camelia Acres,5,6,66.03,POINT (-76.21321343 36.91613845),
1550113783,2453 RANKIN AVENUE,Initial Inspection,5/3/2018,Completed with open violations,Nuisance,Tall Grass & Weeds,May 03 2018,Closed,Trash And Debris,May 07 2018,Closed - Corrected,North Camelia Acres,5,6,66.03,POINT (-76.21314274 36.91783231),"3,838"
1550115893,2465 RANKIN AVENUE,Initial Inspection,6/5/2018 11:42,Completed with open violations,Nuisance,Tall Grass & Weeds,June 05 2018,Completed with open violations,Tall Weeds and Grass,June 13 2018,Closed - Corrected,North Camelia Acres,5,6,66.03,POINT (-76.21242198 36.9181005),
1550121050,2440 WEBB COURT,Field Observation,3/2/2021,Completed with open violations,,,,,,,,North Camelia Acres,5,6,66.03,POINT (-76.21403623 36.91842116),"3,816"
1550121403,8200 KANTER AVENUE,Initial Inspection,8/31/2020 12:03,Pending,,,,,,,,Roosevelt Area,5,6,66.03,POINT (-76.21407151 36.91978602),
1550121534,8216 KANTER AVENUE,Initial Inspection,2/25/2019 16:20,Completed with open violations,Housing/Structures,Exterior,February 25 2019,Closed,304.6 General Requirements-Exterior Structure,February 27 2019,Closed - Corrected,Roosevelt Area,5,6,66.03,POINT (-76.21396507 36.92004642),
1550122212,8200 MONA AVENUE,Initial Inspection,2/3/2020 22:04,Pending,,,,,,,,Roosevelt Area,5,6,66.03,POINT (-76.21386529 36.91932397),
1550125859,8300 KANTER AVENUE,Field Observation,7/5/2018,Completed with open violations,,,,,Open and Vacant,July 05 2018,Closed - Corrected,Roosevelt Area,5,6,66.03,POINT (-76.21246871 36.92097384),"9,516"
1550128073,8012 WINSTEAD COURT,Initial Inspection,7/12/2019,Pending,Nuisance,Trash & Debris,July 12 2019,Closed - Unable to Inspect,,,,North Camelia Acres,5,6,66.03,POINT (-76.21152109 36.91858644),"9,022"
1550128760,8308 MONA AVENUE,Initial Inspection,9/9/2019 9:58,Pending,Nuisance,Inoperable Vehicle,September 09 2019,Closed - Unfounded,,,,Roosevelt Area,5,6,66.03,POINT (-76.21158796 36.92064598),
1550138883,8408 NATHAN AVENUE,Field Observation,8/13/2020 14:08,Completed with open violations,,,,,,,,Roosevelt Area,5,6,66.03,POINT (-76.21126897 36.9235358),
1550140519,2301 LARRYMORE COURT,Initial Inspection,9/12/2018,Pending,Nuisance,Tall Grass & Weeds,September 12 2018,Closed - Unfounded,,,,Roosevelt Area,5,6,66.03,POINT (-76.21415829 36.92568518),"3,499"
1550140920,8432 HALPRIN DRIVE,Initial Inspection,5/14/2018 11:23,Completed with open violations,Nuisance,Tall Grass & Weeds,May 14 2018,Completed with open violations,Tall Weeds and Grass,May 16 2018,Closed - Corrected,Roosevelt Area,5,6,66.03,POINT (-76.21416583 36.92653602),
1550149094,8421 NATHAN AVENUE,Field Observation,7/18/2019,Completed with open violations,,,,,Failure to keep property free from accumulation of solid waste,July 18 2019,Closed - Corrected,Roosevelt Area,5,6,66.03,POINT (-76.21084502 36.92409888),"9,677"
1550150345,8513 HALPRIN DRIVE,Initial Inspection,12/31/2019 9:08,Completed with open violations,,,,,,,,Roosevelt Area,5,6,66.02,POINT (-76.21404757 36.92777523),
1550150462,8517 HALPRIN DRIVE,Field Observation,3/5/2020 15:53,Completed with open violations,,,,,,,,Roosevelt Area,5,6,66.02,POINT (-76.21392452 36.9279783),
1550150523,2213 WHARTON AVENUE,Field Observation,2/25/2020 8:38,Completed with open violations,,,,,,,,Roosevelt Area,5,6,66.02,POINT (-76.2140549 36.92828465),
1550150782,2208 WHARTON AVENUE,Field Observation,10/31/2018,Completed with open violations,,,,,Trash And Debris,October 31 2018,Closed - Corrected,Roosevelt Area,5,6,66.02,POINT (-76.21394701 36.9287301),"3,275"
1550151689,8533 HALPRIN DRIVE,Initial Inspection,1/15/2019 8:51,Completed with open violations,Nuisance,Inoperable Vehicle,January 15 2019,Completed with open violations,Inoperable Vehicle,January 18 2019,Closed - Administrative Decision,Roosevelt Area,5,6,66.02,POINT (-76.21347452 36.92869234),
1550152708,8537 HALPRIN DRIVE,Initial Inspection,7/31/2018,Completed with open violations,Housing/Structures,Interior,July 31 2018,Closed,105.4 Notice of Unsafe Structure or Structures Unfit For Human Occupancy,August 22 2018,Closed - Corrected,Roosevelt Area,5,6,66.02,POINT (-76.21336939 36.92888742),"9,784"
1550163551,9517 5TH BAY STREET,Field Observation,12/4/2018 14:20,Completed with open violations,,,,,Trash And Debris,December 04 2018,Closed - Corrected,East Ocean View,5,6,65.01,POINT (-76.21286 36.9309669),
1550163579,9523 5TH BAY STREET,Initial Inspection,1/7/2021 16:42,Completed with open violations,,,,,,,,East Ocean View,5,6,65.01,POINT (-76.21275205 36.93114734),
1550163802,9524 4TH BAY STREET,Field Observation,4/18/2018,Completed with open violations,,,,,Trash And Debris,April 18 2018,Closed - Corrected,East Ocean View,5,6,65.01,POINT (-76.21308235 36.93182897),"10,576"
1550163817,9528 4TH BAY STREET,Field Observation,3/14/2019,Completed with open violations,,,,,103.2 Maintenance requirements.,March 14 2019,Not Corrected,East Ocean View,5,6,65.01,POINT (-76.21283454 36.93189057),"10,582"
1550163931,9532 4TH BAY STREET,Initial Inspection,3/12/2019,Completed with open violations,Housing/Structures,Exterior,March 12 2019,Completed with open violations,304.10 General Requirements-Exterior Structure,March 14 2019,Not Corrected,East Ocean View,5,6,65.01,POINT (-76.21280732 36.93202846),"10,591"
1550165348,9510 5TH BAY STREET,Initial Inspection,9/21/2020 8:53,Completed with open violations,,,,,,,,East Ocean View,5,6,65.01,POINT (-76.21236275 36.93063564),
1550166604,9532 5TH BAY STREET,Field Observation,10/22/2020 9:10,Completed with open violations,,,,,,,,East Ocean View,5,6,65.01,POINT (-76.21183607 36.93133838),
1550166604,9534 5TH BAY STREET,Field Observation,10/22/2020 9:36,Completed with open violations,,,,,,,,East Ocean View,5,6,65.01,POINT (-76.21183607 36.93133838),
1550166733,9536 5TH BAY STREET,Field Observation,10/22/2020 9:48,Completed with open violations,,,,,,,,East Ocean View,5,6,65.01,POINT (-76.21178358 36.93147732),
1550168994,9567 6TH BAY STREET,Field Observation,8/14/2020 14:32,Completed with open violations,,,,,,,,East Ocean View,5,6,65.01,POINT (-76.21090742 36.93215633),
1550169876,9562 6TH BAY STREET,Field Observation,5/31/2018 9:02,Completed with open violations,,,,,304.2 General Requirements-Exterior Structure,May 31 2018,Closed - Corrected,East Ocean View,5,6,65.01,POINT (-76.21069113 36.93187079),
1550170816,9643 3RD BAY STREET,Initial Inspection,9/4/2019 11:28,Pending,Nuisance,Tall Grass & Weeds,September 04 2019,Closed - Unfounded,,,,East Ocean View,5,6,65.01,POINT (-76.21381927 36.93469558),
1550179961,2512 E OCEAN VIEW AVENUE,Initial Inspection,9/3/2019 12:15,Pending,Housing/Structures,Exterior,September 03 2019,Closed - Unfounded,,,,East Ocean View,5,6,65.01,POINT (-76.2105426 36.93483423),
1550182208,2246 E OCEAN VIEW AVENUE,Field Observation,1/14/2021 15:37,Completed with open violations,,,,,,,,East Ocean View,5,6,65.01,POINT (-76.21333997 36.93595871),
1550186001,2407 BAY OAKS PLACE,Initial Inspection,7/6/2020 16:32,Pending,,,,,,,,East Ocean View,5,6,65.01,POINT (-76.21188612 36.93505544),
1550201023,2501 JASPER COURT,Initial Inspection,6/12/2019,Pending,Nuisance,Tall Grass & Weeds,June 12 2019,Closed - Duplicate Violation,,,,Camellia Shores/ Camellia Acres,5,6,66.05,POINT (-76.21076075 36.91313109),"3,856"
1550204086,2530 MURRAY AVENUE,Initial Inspection,11/20/2020 10:32,Pending,,,,,,,,Camellia Shores/ Camellia Acres,5,6,66.05,POINT (-76.2095095 36.91313965),
1550204994,2701 E LITTLE CREEK ROAD,Field Observation,7/25/2018,Completed with open violations,,,,,Tall Weeds and Grass,July 25 2018,Closed - Corrected,Camellia Shores/ Camellia Acres,5,6,66.05,POINT (-76.20935387 36.91558307),"4,153"
1550205996,2713 E LITTLE CREEK ROAD,Initial Inspection,8/20/2018,Completed with open violations,Nuisance,Tall Grass & Weeds,August 20 2018,Closed,Tall Weeds and Grass,August 21 2018,Closed - Corrected,Camellia Shores/ Camellia Acres,5,6,66.05,POINT (-76.20908502 36.91564656),"4,227"
1550208209,2700 MURRAY AVENUE,Field Observation,4/26/2019 14:46,Completed with open violations,,,,,Inoperable Vehicle,April 26 2019,Closed - City Tow,Camellia Shores/ Camellia Acres,5,6,66.05,POINT (-76.20844744 36.91382008),
1550211366,2520 MALDEN AVENUE,Field Observation,8/9/2018,Completed with open violations,,,,,Tall Weeds and Grass,August 09 2018,Closed - Corrected,North Camelia Acres,5,6,66.03,POINT (-76.21054486 36.91675535),"3,936"
1550212121,2532 E LITTLE CREEK ROAD,Initial Inspection,5/25/2020 13:01,Pending,,,,,,,,North Camelia Acres,5,6,66.03,POINT (-76.21034432 36.91603892),
1550217081,2727 E LITTLE CREEK ROAD,Initial Inspection,6/8/2018,Completed with open violations,Nuisance,Tall Grass & Weeds,June 08 2018,Completed with open violations,Tall Weeds and Grass,June 11 2018,Closed - Corrected,Camellia Shores/ Camellia Acres,5,6,66.05,POINT (-76.20839516 36.91576692),"4,279"
1550220482,8029 TARPON PLACE,Field Observation,2/4/2020 16:10,Completed with open violations,,,,,,,,North Camelia Acres,5,6,66.03,POINT (-76.21055159 36.91961875),
1550221536,8037 TARPON PLACE,Field Observation,2/4/2020 16:24,Completed with open violations,,,,,,,,North Camelia Acres,5,6,66.03,POINT (-76.21035041 36.91997947),
1550221963,8328 MONA AVENUE,Initial Inspection,6/4/2018 11:02,Completed with open violations,Nuisance,Tall Grass & Weeds,June 04 2018,Completed with open violations,Tall Weeds and Grass,June 11 2018,Closed - Corrected,Roosevelt Area,5,6,66.03,POINT (-76.21062883 36.92127801),
1550230382,8336 KANTER AVENUE,Initial Inspection,6/4/2018,Completed with open violations,Housing/Structures,Interior,June 04 2018,Completed with open violations,106.1 General.,June 11 2018,Closed - Corrected,Roosevelt Area,5,6,66.03,POINT (-76.21063313 36.92215521),"9,577"
1550230580,8341 KANTER AVENUE,Initial Inspection,9/3/2019 11:42,Pending,Nuisance,Tall Grass & Weeds,September 03 2019,Closed - Unable to Inspect,,,,Roosevelt Area,5,6,66.03,POINT (-76.21063241 36.9225535),
1550232187,8340 MONA AVENUE,Initial Inspection,4/10/2020 14:03,Pending,,,,,,,,Roosevelt Area,5,6,66.03,POINT (-76.21001367 36.9217308),
1550233150,2505 FALA CIRCLE,Initial Inspection,5/7/2020 11:18,Pending,,,,,,,,Roosevelt Area,5,6,66.03,POINT (-76.2097321 36.92155551),
1550233812,8432 NATHAN AVENUE,Initial Inspection,4/17/2018 8:14,Completed with open violations,Housing/Structures,Accessory Structure,April 17 2018,Completed with open violations,302.7 General Requirements-Exterior Property Areas,April 19 2018,Closed - Corrected,Roosevelt Area,5,6,66.03,POINT (-76.20979806 36.92351815),
1550240076,8425 NATHAN AVENUE,Field Observation,11/7/2018,Completed with open violations,,,,,304.10 General Requirements-Exterior Structure,November 07 2018,Closed - Corrected,Roosevelt Area,5,6,66.03,POINT (-76.21060704 36.92410743),"9,681"
1550240637,8445 NORRISTOWN DRIVE,Initial Inspection,6/25/2018,Completed with open violations,Nuisance,Tall Grass & Weeds,June 25 2018,Completed with open violations,Trash And Debris,June 26 2018,Closed - Corrected,Roosevelt Area,5,6,66.03,POINT (-76.21060538 36.92579225),"9,691"
1550240729,8449 NORRISTOWN DRIVE,Initial Inspection,6/25/2018 18:06,Completed with open violations,Nuisance,Tall Grass & Weeds,June 25 2018,Completed with open violations,Tall Weeds and Grass,June 26 2018,Closed - Corrected,Roosevelt Area,5,6,66.03,POINT (-76.21051909 36.92602423),
1550242418,8444 NORRISTOWN DRIVE,Field Observation,8/13/2020 14:26,Completed with open violations,,,,,,,,Roosevelt Area,5,6,66.03,POINT (-76.21006162 36.92530525),
1550260961,9566 6TH BAY STREET,Initial Inspection,5/23/2018,Pending,Housing/Structures,Interior,May 23 2018,Closed,,,,East Ocean View,5,6,65.01,POINT (-76.21030124 36.93185934),"10,674"
1550261890,9561 7TH BAY STREET,Initial Inspection,8/19/2019 12:23,Completed with open violations,Nuisance,Tall Grass & Weeds,August 19 2019,Closed,Tall Weeds and Grass,August 20 2019,Closed - Corrected,East Ocean View,5,6,65.01,POINT (-76.20992716 36.93166298),
1550263870,9566 7TH BAY STREET,Initial Inspection,3/15/2021 6:12,Completed with open violations,,,,,,,,East Ocean View,5,6,65.01,POINT (-76.2093919 36.93169968),
1550267962,9602 8TH BAY STREET,Field Observation,7/18/2018,Completed with open violations,,,,,Trash And Debris,July 18 2018,Closed - Corrected,East Ocean View,5,6,65.01,POINT (-76.20804087 36.93203065),"10,719"
1550271113,9600 6TH BAY STREET,Field Observation,1/15/2019 14:18,Completed with open violations,,,,,Inoperable Vehicle,January 15 2019,Closed - Corrected,East Ocean View,5,6,65.01,POINT (-76.21013408 36.93261546),
1550275726,2648 E OCEAN VIEW AVENUE,Initial Inspection,7/5/2018 18:25,Completed with open violations,Nuisance,Tall Grass & Weeds,July 05 2018,Completed with open violations,Tall Weeds and Grass,July 09 2018,Closed - Corrected,East Ocean View,5,6,65.01,POINT (-76.20880227 36.93423573),
1550276242,9621 8TH BAY STREET,Initial Inspection,5/15/2018,Pending,Nuisance,Trash & Debris,May 15 2018,Closed - Unfounded,,,,East Ocean View,5,6,65.01,POINT (-76.20840092 36.93283121),"10,794"
1550277090,9606 8TH BAY STREET,Initial Inspection,3/6/2020 13:29,Pending,,,,,,,,East Ocean View,5,6,65.01,POINT (-76.20801537 36.9321882),
1550277700,,Initial Inspection,8/29/2019 12:56,Completed with open violations,Nuisance,Tall Grass & Weeds,August 29 2019,Closed,Tall Weeds and Grass,September 10 2019,Closed - Corrected,East Ocean View,0,0,65.01,POINT (-76.20813245 36.93418953),+
1550277843,,Initial Inspection,8/29/2019 12:54,Completed with open violations,Nuisance,Tall Grass & Weeds,August 29 2019,Closed,Tall Weeds and Grass,September 10 2019,Closed - Corrected,East Ocean View,0,0,65.01,POINT (-76.20799398 36.93452453),+
1550278027,9614 8TH BAY STREET,Field Observation,4/17/2018 14:53,Completed with open violations,,,,,Tall Weeds and Grass,April 17 2018,Closed - Corrected,East Ocean View,5,6,65.01,POINT (-76.20791668 36.9324563),
1550279197,9627 9TH BAY STREET,Field Observation,3/14/2019 13:39,Completed with open violations,,,,,Inoperable Vehicle,March 14 2019,Closed - Corrected,East Ocean View,5,6,65.01,POINT (-76.2070969 36.93272017),
1550279624,2800 E OCEAN VIEW AVENUE,Initial Inspection,11/2/2020 9:47,Pending,,,,,,,,East Ocean View,5,6,65.01,POINT (-76.20744893 36.93397986),
1550300948,2748 GREENDALE AVENUE,Field Observation,3/3/2020 16:17,Completed with open violations,,,,,,,,Camellia Shores/ Camellia Acres,5,6,66.05,POINT (-76.20756115 36.91567245),
1550303010,2720 HEUTTE DRIVE,Initial Inspection,5/31/2018 10:14,Completed with open violations,Nuisance,Tall Grass & Weeds,May 31 2018,Completed with open violations,Tall Weeds and Grass,June 01 2018,Closed - Corrected,Camellia Shores/ Camellia Acres,5,6,66.05,POINT (-76.20669654 36.91293026),
1550303075,2726 HEUTTE DRIVE,Field Observation,6/26/2019,Completed with open violations,,,,,Tall Weeds and Grass,June 26 2019,Closed - Corrected,Camellia Shores/ Camellia Acres,5,6,66.05,POINT (-76.20649859 36.91308009),"4,277"
1550304039,2732 HEUTTE DRIVE,Field Observation,4/19/2018 13:15,Completed with open violations,,,,,Tall Weeds and Grass,April 19 2018,Closed - Corrected,Camellia Shores/ Camellia Acres,5,6,66.05,POINT (-76.20627068 36.91319317),
1550305090,2737 HEUTTE DRIVE,Field Observation,8/14/2020 9:28,Completed with open violations,,,,,,,,Camellia Shores/ Camellia Acres,5,6,66.05,POINT (-76.20575307 36.91296168),
1550306921,7800 NANCY DRIVE,Initial Inspection,10/27/2019,Pending,,,,,,,,Camellia Shores/ Camellia Acres,5,6,66.05,POINT (-76.20558749 36.91543281),"8,894"
1550308804,2925 MURRAY COURT,Initial Inspection,3/19/2021,Pending,,,,,,,,Camellia Shores/ Camellia Acres,5,6,66.05,POINT (-76.20492372 36.91515297),"4,661"
1550309566,2910 HEUTTE DRIVE,Initial Inspection,8/9/2020,Pending,,,,,,,,Camellia Shores/ Camellia Acres,5,6,66.05,POINT (-76.20440923 36.91444305),"4,544"
1550312164,2767 E LITTLE CREEK ROAD,Initial Inspection,4/9/2018 12:00,Pending,Special Programs,Virginia Natural Gas Red Tag,April 09 2018,Closed,,,,Camellia Shores/ Camellia Acres,5,6,66.05,POINT (-76.20672268 36.91608994),
1550315445,2908 E LITTLE CREEK ROAD,Initial Inspection,7/17/2018 15:50,Completed with open violations,Nuisance,Tall Grass & Weeds,July 17 2018,Completed with open violations,Tall Weeds and Grass,July 31 2018,Closed - Corrected,North Camelia Acres,5,6,66.03,POINT (-76.20580031 36.91687966),
1550316567,2913 EAST MALDEN AVENUE,Initial Inspection,10/24/2018 10:09,Completed with open violations,Nuisance,Inoperable Vehicle,October 24 2018,Closed,Inoperable Vehicle,October 29 2018,Closed - Corrected,North Camelia Acres,5,6,66.03,POINT (-76.20535931 36.91723399),
1550328394,8013 JERRYLEE DRIVE,Initial Inspection,8/28/2020 15:06,Completed with open violations,,,,,,,,North Camelia Acres,5,6,66.03,POINT (-76.20454653 36.91930009),
1550328463,8017 JERRYLEE DRIVE,Initial Inspection,6/28/2018 7:36,Completed with open violations,Nuisance,Tall Grass & Weeds,June 28 2018,Completed with open violations,Tall Weeds and Grass,July 02 2018,Closed - Corrected,North Camelia Acres,5,6,66.03,POINT (-76.20456409 36.91957402),
1550329230,8017 LYNNBROOK DRIVE,Initial Inspection,11/25/2020,Pending,,,,,,,,North Camelia Acres,5,6,66.03,POINT (-76.20445482 36.91893907),"9,028"
1550332653,8101 RIDGEFIELD DRIVE,Field Observation,6/14/2019 7:58,Completed with open violations,,,,,Parking of Recreational vehicles in Residential Districts,June 14 2019,Closed - Corrected,North Camelia Acres,5,6,66.03,POINT (-76.2063217 36.92291669),
1550332783,8105 RIDGEFIELD DRIVE,Initial Inspection,7/26/2019 17:44,Pending,Nuisance,RV/Camper parking,July 26 2019,Closed - Unfounded,,,,North Camelia Acres,5,6,66.03,POINT (-76.20625098 36.92313029),
1550333435,2905 RIDGEFIELD DRIVE,Field Observation,6/14/2019,Completed with open violations,,,,,Parking of Recreational vehicles in Residential Districts,June 14 2019,Closed - Corrected,North Camelia Acres,5,6,66.03,POINT (-76.20622121 36.92252474),"4,506"
1550333481,2909 RIDGEFIELD DRIVE,Field Observation,5/15/2019,Completed with open violations,Nuisance,RV/Camper parking,May 09 2019,Completed with open violations,Parking of Recreational vehicles in Residential Districts,May 15 2019,Closed - Corrected,North Camelia Acres,5,6,66.03,POINT (-76.20603313 36.92237324),"4,542"
1550335542,2908 RIDGEFIELD DRIVE,Initial Inspection,6/4/2018,Completed with open violations,Nuisance,Tall Grass & Weeds,June 04 2018,Completed with open violations,Trash And Debris,June 13 2018,Closed - Corrected,North Camelia Acres,5,6,66.03,POINT (-76.20557345 36.92256484),"4,525"
1550337279,2928 RIDGEFIELD DRIVE,Field Observation,2/18/2020 16:59,Completed with open violations,,,,,,,,North Camelia Acres,5,6,66.03,POINT (-76.20490414 36.92195421),
1550345077,8124 RIDGEFIELD DRIVE,Initial Inspection,5/1/2019 11:42,Pending,Special Programs,Virginia Natural Gas Red Tag,May 01 2019,Closed - Completed w/Notes,,,,North Camelia Acres,5,6,66.03,POINT (-76.20546979 36.92406703),
1550349024,8129 FERNCLIFF ROAD,Initial Inspection,3/18/2020,Pending,,,,,,,,North Camelia Acres,5,6,66.03,POINT (-76.20427713 36.9240078),"9,271"
1550349159,8137 FERNCLIFF ROAD,Initial Inspection,10/1/2019 8:51,Pending,,,,,,,,North Camelia Acres,5,6,66.03,POINT (-76.20414953 36.92440421),
1550361668,2915 PLEASANT AVENUE,Field Observation,8/17/2020 14:04,Completed with open violations,,,,,,,,East Ocean View,5,6,65.01,POINT (-76.20661752 36.93127743),
1550361836,2900 PLEASANT AVENUE,Initial Inspection,2/23/2021 8:51,Completed with open violations,,,,,,,,East Ocean View,5,6,65.01,POINT (-76.20673594 36.93187079),
1550361944,9610 9TH BAY STREET,Field Observation,8/7/2020 12:27,Completed with open violations,,,,,,,,East Ocean View,5,6,65.01,POINT (-76.2068438 36.93203997),
1550363599,9564 10TH BAY STREET,Field Observation,7/18/2018 15:21,Completed with open violations,,,,,Trash And Debris,July 18 2018,Closed - Corrected,East Ocean View,5,6,65.01,POINT (-76.20575281 36.93104833),
1550364599,3015 PLEASANT AVENUE,Field Observation,5/14/2019 13:04,Completed with open violations,,,,,Tall Weeds and Grass,May 14 2019,Closed - Corrected,East Ocean View,5,6,65.01,POINT (-76.20552691 36.93104002),
1550364706,9602 10TH BAY STREET,Field Observation,8/14/2018 15:12,Completed with open violations,,,,,Tall Weeds and Grass,August 14 2018,Closed - Corrected,East Ocean View,5,6,65.01,POINT (-76.20580439 36.93155576),
1550364774,,Field Observation,1/25/2019 15:19,Completed with open violations,,,,,Trash And Debris,January 25 2019,Closed - Corrected,East Ocean View,0,0,65.01,POINT (-76.20556189 36.93148635),+
1550364774,,Field Observation,8/14/2018 15:07,Completed with open violations,,,,,Tall Weeds and Grass,August 14 2018,Closed - Corrected,East Ocean View,0,0,65.01,POINT (-76.20556189 36.93148635),+
1550364774,,Field Observation,4/11/2019 16:43,Completed with open violations,,,,,Tall Weeds and Grass,April 11 2019,Closed - Corrected,East Ocean View,0,0,65.01,POINT (-76.20556189 36.93148635),+
1550365669,9607 11TH BAY STREET,Field Observation,2/22/2021,Completed with open violations,,,,,,,,East Ocean View,5,6,65.01,POINT (-76.20529721 36.93134844),"10,729"
1550366005,3104 PRETTY LAKE AVENUE,Field Observation,4/18/2018 14:00,Completed with open violations,,,,,Tall Weeds and Grass,April 18 2018,Closed - Corrected,East Ocean View,5,6,65.01,POINT (-76.20519322 36.92969867),
1550369639,9605 12TH BAY STREET,Initial Inspection,8/13/2020,Completed with open violations,,,,,,,,East Ocean View,5,6,65.01,POINT (-76.20397959 36.9311362),"10,723"
1550370224,9631 9TH BAY STREET,Field Observation,8/9/2018,Completed with open violations,,,,,Tall Weeds and Grass,August 09 2018,Closed - Corrected,East Ocean View,5,6,65.01,POINT (-76.20709314 36.93286962),"10,847"
1550370239,,Field Observation,6/19/2018 15:38,Completed with open violations,,,,,Tall Weeds and Grass,June 19 2018,Closed - Corrected,East Ocean View,0,0,65.01,POINT (-76.20706892 36.93297675),+
1550370239,,Field Observation,8/9/2018 17:05,Completed with open violations,,,,,Tall Weeds and Grass,August 09 2018,Closed - Corrected,East Ocean View,0,0,65.01,POINT (-76.20706892 36.93297675),+
1550371036,9626 9TH BAY STREET,Initial Inspection,12/16/2019,Pending,,,,,,,,East Ocean View,5,6,65.01,POINT (-76.20644799 36.93233661),"10,829"
1550372202,9634 9TH BAY STREET,Initial Inspection,11/2/2018,Pending,Housing/Structures,Exterior,November 02 2018,Closed,304.2 General Requirements-Exterior Structure,November 05 2018,Closed - Corrected,East Ocean View,5,6,65.01,POINT (-76.20630955 36.93273451),"10,857"
1550372582,2908 E OCEAN VIEW AVENUE,Initial Inspection,8/19/2020,Pending,,,,,,,,East Ocean View,5,6,65.01,POINT (-76.20617429 36.93356784),"4,521"
1550372695,,Field Observation,8/21/2018 14:55,Completed with open violations,,,,,Tall Weeds and Grass,August 21 2018,Closed - Corrected,East Ocean View,0,0,65.01,POINT (-76.20612363 36.93397874),+
1550373120,9625 10TH BAY STREET,Initial Inspection,5/21/2019 13:32,Pending,Nuisance,Trash & Debris,May 21 2019,Closed - Completed w/Notes,,,,East Ocean View,5,6,65.01,POINT (-76.20603916 36.93239959),
1550373177,9633 10TH BAY STREET,Field Observation,9/10/2019,Completed with open violations,,,,,604.1 Mechanical And Electrical Requirements-Electrical Facilities,September 10 2019,New,East Ocean View,5,6,65.01,POINT (-76.20602304 36.93250918),"10,849"
1550373634,2909 BAYSIDE AVENUE,Field Observation,9/18/2018,Completed with open violations,,,,,305.2 General Requirements-Interior Structure,September 18 2018,Closed - Ownership Changed,East Ocean View,5,6,65.01,POINT (-76.2059854 36.93402903),"4,538"
1550375253,3001 E OCEAN VIEW AVENUE,Field Observation,6/11/2018,Completed with open violations,,,,,Tall Weeds and Grass,June 11 2018,Closed - Permit Issued,East Ocean View,5,6,65.01,POINT (-76.20531006 36.93284127),"4,801"
1550376221,3011 E OCEAN VIEW AVENUE,Field Observation,8/7/2018,Completed with open violations,,,,,Tall Weeds and Grass,August 07 2018,Closed - Corrected,East Ocean View,5,6,65.01,POINT (-76.20509298 36.93263789),"4,836"
1550377186,3039 E OCEAN VIEW AVENUE,Initial Inspection,2/20/2020 7:25,Pending,,,,,,,,East Ocean View,5,6,65.01,POINT (-76.20465741 36.93247248),
1550378336,,Field Observation,6/11/2018 14:24,Completed with open violations,,,,,Tall Weeds and Grass,June 11 2018,Closed - Corrected,East Ocean View,0,0,65.01,POINT (-76.20451135 36.93320761),+
1550378336,,Field Observation,4/30/2018 14:51,Completed with open violations,,,,,Tall Weeds and Grass,April 30 2018,Closed - Corrected,East Ocean View,0,0,65.01,POINT (-76.20451135 36.93320761),+
1550379495,3110 E OCEAN VIEW AVENUE,Initial Inspection,9/6/2019 6:27,Pending,Housing/Structures,Interior,September 06 2019,Closed - Unfounded,,,,East Ocean View,5,6,65.01,POINT (-76.20377904 36.93334975),
1550400613,2916 HEUTTE DRIVE,Initial Inspection,8/9/2020,Pending,,,,,,,,Camellia Shores/ Camellia Acres,5,6,66.05,POINT (-76.20422037 36.91459219),"4,597"
1550400669,7801 WALTERS DRIVE,Initial Inspection,1/7/2021 10:08,Pending,,,,,,,,Camellia Shores/ Camellia Acres,5,6,66.05,POINT (-76.20406481 36.91481753),
1550413277,7825 WALTERS DRIVE,Initial Inspection,1/9/2020 14:06,Completed with open violations,,,,,,,,Camellia Shores/ Camellia Acres,5,6,66.05,POINT (-76.20297906 36.91637505),
1550416250,7825 CAMELLIA ROAD,Initial Inspection,6/7/2019 10:14,Pending,Special Programs,Virginia Natural Gas Red Tag,June 07 2019,Closed - Completed w/Notes,,,,Camellia Gardens,5,6,66.05,POINT (-76.20195344 36.91612079),
1550417497,7841 CAMELLIA ROAD,Initial Inspection,6/4/2019 15:28,Completed with open violations,Nuisance,Tall Grass & Weeds,June 04 2019,Completed with open violations,Tall Weeds and Grass,June 05 2019,Closed - Administrative Decision,Camellia Gardens,5,6,66.05,POINT (-76.20149694 36.9168774),
1550420346,8012 JERRYLEE DRIVE,Initial Inspection,3/14/2020,Pending,,,,,,,,North Camelia Acres,5,6,66.03,POINT (-76.20403557 36.919362),"9,020"
1550421415,8017 WALTERS DRIVE,Field Observation,2/19/2020 16:33,Completed with open violations,,,,,,,,North Camelia Acres,5,6,66.03,POINT (-76.20371913 36.91963096),
1550421630,8025 WALTERS DRIVE,Initial Inspection,4/16/2019,Completed with open violations,Nuisance,RV/Camper parking,April 16 2019,Completed with open violations,Parking Commercial Vehicles in a resident district,April 17 2019,Extension Granted,North Camelia Acres,5,6,66.03,POINT (-76.20365762 36.92004091),"9,071"
1550422917,3209 RIDGEFIELD DRIVE,Initial Inspection,6/8/2020,Pending,,,,,,,,North Camelia Acres,5,6,66.03,POINT (-76.20335587 36.92104651),"5,242"
1550423742,8032 WALTERS DRIVE,Field Observation,6/25/2018,Completed with open violations,,,,,302.7 General Requirements-Exterior Property Areas,June 25 2018,Closed - Corrected,North Camelia Acres,5,6,66.04,POINT (-76.20297576 36.92032235),"9,095"
1550424316,8009 ALIDA DRIVE,Initial Inspection,12/13/2019,Completed with open violations,,,,,,,,North Camelia Acres,5,6,66.04,POINT (-76.20269387 36.91936807),"9,012"
1550425454,8012 ALIDA DRIVE,Initial Inspection,6/15/2018 16:26,Completed with open violations,Nuisance,Tall Grass & Weeds,June 15 2018,Completed with open violations,Tall Weeds and Grass,June 19 2018,Closed - Corrected,North Camelia Acres,5,6,66.04,POINT (-76.20224911 36.91957253),
1550427607,8020 ALIDA COURT,Initial Inspection,8/2/2020,Pending,,,,,,,,North Camelia Acres,5,6,66.04,POINT (-76.20185767 36.92006165),"9,051"
1550429179,7932 CAMELLIA ROAD,Field Observation,2/19/2019 15:41,Completed with open violations,,,,,304.9 General Requirements-Exterior Structure,February 19 2019,Closed - Corrected,Camellia Gardens,5,6,66.04,POINT (-76.20082462 36.9188173),
1550429553,8020 CAMELLIA ROAD,Field Observation,8/19/2020 13:14,Completed with open violations,,,,,,,,Camellia Gardens,5,6,66.04,POINT (-76.20089034 36.91980903),
1550429757,8038 CAMELLIA ROAD,Initial Inspection,5/10/2018,Completed with open violations,Nuisance,Trash & Debris,May 10 2018,Completed with open violations,Tall Weeds and Grass,May 11 2018,Closed - Corrected,Camellia Gardens,5,6,66.04,POINT (-76.20088821 36.92044295),"9,100"
1550430467,2918 SOMERSET LANE,Initial Inspection,9/7/2018 10:56,Pending,Nuisance,Tall Grass & Weeds,September 07 2018,Closed,,,,North Camelia Acres,5,6,66.03,POINT (-76.2038513 36.92241986),
1550435016,3308 RIDGEFIELD DRIVE,Initial Inspection,7/10/2019,Pending,Nuisance,Trash & Debris,July 10 2019,Closed - Unfounded,,,,North Camelia Acres,5,6,66.04,POINT (-76.20237891 36.92127305),"5,409"
1550437583,8129 CAMELLIA ROAD,Initial Inspection,3/3/2020 13:35,Completed with open violations,,,,,,,,Camellia Gardens,5,6,66.04,POINT (-76.20136891 36.92253215),
1550437975,8145 CAMELLIA ROAD,Initial Inspection,9/7/2018 15:48,Pending,Nuisance,Illegal Parking in yard (2+ offenses),September 07 2018,Closed,,,,Camellia Gardens,5,6,66.04,POINT (-76.20139551 36.9236859),
1550444493,8167 WALTERS DRIVE,Field Observation,1/9/2019,Completed with open violations,,,,,Inoperable Vehicle,January 09 2019,Closed - Corrected,North Camelia Acres,5,6,66.03,POINT (-76.20221942 36.92502527),"9,353"
1550445646,8179 WALTERS DRIVE,Initial Inspection,11/25/2019 9:06,Pending,,,,,,,,North Camelia Acres,5,6,66.03,POINT (-76.20202867 36.92562933),
1550446487,,Initial Inspection,6/18/2018 16:31,Pending,Nuisance,Illegal Parking in yard (2+ offenses),June 18 2018,Closed - Unfounded,,,,Camellia Gardens,0,0,66.04,POINT (-76.20161264 36.92507703),+
1550447361,3306 CREEKWOOD ROAD,Initial Inspection,1/15/2019 15:50,Pending,Nuisance,Trash & Debris,January 15 2019,Closed,,,,Camellia Gardens,5,6,66.04,POINT (-76.20139957 36.92471482),
1550450969,3218 PRETTY LAKE AVENUE,Field Observation,2/26/2019 15:32,Completed with open violations,,,,,Inoperable Vehicle,February 26 2019,Closed - Corrected,East Ocean View,5,6,65.01,POINT (-76.2036125 36.92935619),
1550452749,,Field Observation,7/16/2019 18:19,Completed with open violations,,,,,Tall Weeds and Grass,July 16 2019,Closed - Corrected,East Ocean View,0,0,65.01,POINT (-76.20309753 36.9288486),+
1550452867,9528 13TH BAY STREET,Field Observation,7/31/2019 12:46,Completed with open violations,,,,,Tall Weeds and Grass,July 31 2019,Closed - Corrected,East Ocean View,5,6,65.01,POINT (-76.20303184 36.92896419),
1550456972,9548 14TH BAY STREET,Field Observation,5/31/2018,Completed with open violations,,,,,304.2 General Requirements-Exterior Structure,May 31 2018,Closed - Corrected,East Ocean View,5,6,65.01,POINT (-76.20159963 36.92921954),"10,624"
1550458807,9539 15TH BAY STREET,Initial Inspection,8/14/2018,Pending,Housing/Structures,Accessory Structure,August 14 2018,Closed,Zoning Violation,August 24 2018,Closed - Permit Issued,East Ocean View,5,6,65.01,POINT (-76.20114123 36.92896277),"10,601"
1550460001,3216 PRETTY LAKE AVENUE,Initial Inspection,10/23/2020,Pending,,,,,,,,East Ocean View,5,6,65.01,POINT (-76.20381406 36.92940317),"5,277"
1550461136,9549 13TH BAY STREET,Initial Inspection,11/20/2020,Completed with open violations,,,,,,,,East Ocean View,5,6,65.01,POINT (-76.20337959 36.92984578),"10,627"
1550462554,9603 13TH BAY STREET,Initial Inspection,9/20/2018 8:45,Completed with open violations,Nuisance,Tall Grass & Weeds,September 20 2018,Closed - Unfounded,Tall Weeds and Grass,September 25 2018,Closed - Corrected,East Ocean View,5,6,65.01,POINT (-76.2028887 36.93083923),
1550462569,9609 13TH BAY STREET,Initial Inspection,7/5/2018 16:51,Pending,Nuisance,Illegal Parking in yard (2+ offenses),July 05 2018,Closed - Unfounded,,,,East Ocean View,5,6,65.01,POINT (-76.20278986 36.93096391),
1550462698,9617 13TH BAY STREET,Initial Inspection,8/28/2018,Pending,Nuisance,Trash & Debris,August 28 2018,Closed,Trash And Debris,August 30 2018,Closed - Corrected,East Ocean View,5,6,65.01,POINT (-76.20291008 36.93129427),"10,758"
1550463155,9552 13TH BAY STREET,Field Observation,7/16/2019,Completed with open violations,,,,,Tall Weeds and Grass,July 16 2019,Closed - Administrative Decision,East Ocean View,5,6,65.01,POINT (-76.20274088 36.92974485),"10,640"
1550463857,9631 13TH BAY STREET,Initial Inspection,5/22/2018 13:59,Completed with open violations,Nuisance,Tall Grass & Weeds,May 22 2018,Completed with open violations,Tall Weeds and Grass,May 23 2018,Closed - Corrected,East Ocean View,5,6,65.01,POINT (-76.20258886 36.93169591),
1550464475,3308 PLEASANT AVENUE,Field Observation,9/20/2018 15:21,Completed with open violations,,,,,Tall Weeds and Grass,September 20 2018,Closed - Corrected,East Ocean View,5,6,65.01,POINT (-76.20218236 36.93056732),
1550465146,9565 14TH BAY STREET,Field Observation,5/10/2019,Completed with open violations,,,,,304.2 General Requirements-Exterior Structure,May 10 2019,Closed - Corrected,East Ocean View,5,6,65.01,POINT (-76.20196107 36.9297767),"10,672"
1550466408,9609 14TH BAY STREET,Field Observation,6/8/2018,Completed with open violations,,,,,Inoperable Vehicle,June 08 2018,Closed - Corrected,East Ocean View,5,6,65.01,POINT (-76.20169518 36.9306735),"10,741"
1550466654,9621 14TH BAY STREET,Initial Inspection,3/28/2020 11:22,Pending,,,,,,,,East Ocean View,5,6,65.01,POINT (-76.2014661 36.93102321),
1550467012,9554 14TH BAY STREET,Initial Inspection,4/19/2018,Pending,Housing/Structures,Exterior,April 19 2018,Closed,,,,East Ocean View,5,6,65.01,POINT (-76.20152571 36.92937172),"10,649"
1550467014,9560 14TH BAY STREET,Initial Inspection,8/21/2018,Completed with open violations,Nuisance,Trash & Debris,August 21 2018,Closed,Trash And Debris,August 22 2018,Closed - Corrected,East Ocean View,5,6,65.01,POINT (-76.20135107 36.92955681),"10,664"
1550467141,9564 14TH BAY STREET,Initial Inspection,1/4/2019,Pending,Nuisance,Trash & Debris,January 04 2019,Closed - Duplicate Violation,,,,East Ocean View,5,6,65.01,POINT (-76.20142878 36.92970898),"10,670"
1550467235,9574 14TH BAY STREET,Initial Inspection,5/29/2018 12:16,Completed with open violations,Housing/Structures,Exterior,May 29 2018,Completed with open violations,304.2 General Requirements-Exterior Structure,May 30 2018,Closed - Corrected,East Ocean View,5,6,65.01,POINT (-76.20129733 36.92998342),
1550467818,3335 E OCEAN VIEW AVENUE,Field Observation,4/12/2018,Completed with open violations,,,,,Trash And Debris,April 12 2018,Closed - Corrected,East Ocean View,5,6,65.01,POINT (-76.2013479 36.93178082),"5,446"
1550468316,3406 PLEASANT AVENUE,Initial Inspection,6/4/2020 18:01,Pending,,,,,,,,East Ocean View,5,6,65.01,POINT (-76.20104735 36.93032828),
1550469495,9613 15TH BAY STREET,Initial Inspection,8/10/2020,Completed with open violations,,,,,,,,East Ocean View,5,6,65.01,POINT (-76.20062592 36.93058207),"10,744"
1550473001,3201 E OCEAN VIEW AVENUE,Field Observation,4/10/2018,Completed with open violations,,,,,304.2 General Requirements-Exterior Structure,April 10 2018,Closed - Corrected,East Ocean View,5,6,65.01,POINT (-76.2026813 36.93196688),"5,240"
1550474158,3238 E OCEAN VIEW AVENUE,Initial Inspection,8/23/2018,Completed with open violations,Housing/Structures,Interior,August 23 2018,Completed with open violations,305.3 General Requirements- Interior surfaces,August 28 2018,Work in Progress,East Ocean View,5,6,65.01,POINT (-76.20221969 36.93256557),"5,331"
1550474323,3226 E OCEAN VIEW AVENUE,Initial Inspection,5/29/2020,Pending,,,,,,,,East Ocean View,5,6,65.01,POINT (-76.20247363 36.93268723),"5,302"
1550474342,3234 E OCEAN VIEW AVENUE,Field Observation,6/11/2019 12:13,Completed with open violations,,,,,Trash And Debris,June 11 2019,Closed - Corrected,East Ocean View,5,6,65.01,POINT (-76.20224198 36.93293371),
1550476180,3318 E OCEAN VIEW AVENUE,Field Observation,1/3/2019 15:41,Completed with open violations,,,,,Trash And Debris,January 03 2019,Closed - Corrected,East Ocean View,5,6,65.01,POINT (-76.20134531 36.93267983),
1550501795,3546 HEUTTE DRIVE,Field Observation,2/24/2020 16:14,Completed with open violations,,,,,,,,Camellia Shores/ Camellia Acres,5,6,66.05,POINT (-76.20018558 36.91484369),
1550512924,3520 E LITTLE CREEK ROAD,Initial Inspection,2/4/2020 12:50,Pending,,,,,,,,Camellia Gardens,5,6,66.04,POINT (-76.20006713 36.91828973),
1550523931,8017 REDMON ROAD,Initial Inspection,5/30/2018 7:41,Completed with open violations,Nuisance,Tall Grass & Weeds,May 30 2018,Completed with open violations,Tall Weeds and Grass,May 30 2018,Closed - Corrected,East Ocean View,5,6,66.04,POINT (-76.19942728 36.92067507),
1550527079,7911 WOODALL ROAD,Field Observation,7/18/2018,Completed with open violations,,,,,304.7 General Requirements-Exterior Structure,July 18 2018,Closed - Administrative Decision,East Ocean View,5,6,66.04,POINT (-76.19804899 36.91853631),"8,912"
1550527459,7947 WOODALL ROAD,Initial Inspection,10/2/2019 9:38,Pending,,,,,,,,East Ocean View,5,6,66.04,POINT (-76.19836766 36.91948556),
1550530236,8115 PACE ROAD,Initial Inspection,6/20/2019,Pending,Nuisance,Tall Grass & Weeds,June 20 2019,Closed - Unfounded,,,,Camellia Gardens,5,6,66.04,POINT (-76.20050551 36.92179244),"9,223"
1550530325,8119 PACE ROAD,Field Observation,2/7/2020 16:26,Completed with open violations,,,,,,,,Camellia Gardens,5,6,66.04,POINT (-76.20051111 36.92200977),
1550531180,8106 PACE ROAD,Initial Inspection,9/11/2020,Pending,,,,,,,,Camellia Gardens,5,6,66.04,POINT (-76.20004426 36.92130425),"9,191"
1550531972,3514 FABER ROAD,Field Observation,8/19/2020 10:02,Completed with open violations,,,,,,,,Camellia Gardens,5,6,66.04,POINT (-76.20002385 36.92355536),
1550532469,8123 REDMON ROAD,Initial Inspection,6/9/2020,Pending,,,,,,,,East Ocean View,5,6,66.04,POINT (-76.19970504 36.92238652),"9,263"
1550532565,8125 REDMON ROAD,Initial Inspection,6/4/2020 14:20,Pending,,,,,,,,East Ocean View,5,6,66.04,POINT (-76.1997576 36.92254676),
1550532656,8127 REDMON ROAD,Initial Inspection,2/12/2020 12:54,Completed with open violations,,,,,,,,East Ocean View,5,6,66.04,POINT (-76.19977585 36.92286095),
1550533041,8029 REDMON ROAD,Initial Inspection,8/10/2018,Pending,Housing/Structures,Interior,August 10 2018,Closed,702.4 Fire Safety Requirements-Means of Egress,August 15 2018,Closed - Corrected,East Ocean View,5,6,66.04,POINT (-76.19942663 36.92108885),"9,082"
1550533457,8121 REDMON ROAD,Initial Inspection,2/18/2020 11:31,Completed with open violations,,,,,,,,East Ocean View,5,6,66.04,POINT (-76.19942202 36.92234638),
1550533606,8129 REDMON ROAD,Initial Inspection,7/23/2020,Pending,,,,,,,,East Ocean View,5,6,66.04,POINT (-76.19960549 36.92286863),"9,273"
1550533656,8131 REDMON ROAD,Initial Inspection,5/18/2020,Pending,,,,,,,,East Ocean View,5,6,66.04,POINT (-76.1994307 36.92286484),"9,303"
1550551890,9547 16TH BAY STREET,Initial Inspection,5/3/2019 11:22,Completed with open violations,Housing/Structures,Accessory Structure,May 03 2019,Closed,302.7 General Requirements-Exterior Property Areas,May 07 2019,Closed - Corrected,East Ocean View,5,6,65.02,POINT (-76.19971278 36.92868024),
1550553464,9513 17TH BAY STREET,Initial Inspection,8/8/2018 19:17,Completed with open violations,Nuisance,Inoperable Vehicle,August 08 2018,Completed with open violations,Inoperable Vehicle,August 09 2018,Closed - Corrected,East Ocean View,5,6,65.02,POINT (-76.19925825 36.92779619),
1550553500,9511 17TH BAY STREET,Initial Inspection,8/8/2018 19:18,Completed with open violations,Nuisance,Tall Grass & Weeds,August 08 2018,Closed,Tall Weeds and Grass,August 09 2018,Closed - Corrected,East Ocean View,5,6,65.02,POINT (-76.19947084 36.92794511),
1550553673,9538 16TH BAY STREET,Initial Inspection,3/29/2021 8:55,Pending,,,,,,,,East Ocean View,5,6,65.02,POINT (-76.19921712 36.92832673),
1550555402,9519 17TH BAY STREET,Initial Inspection,11/4/2020 9:10,Completed with open violations,,,,,,,,East Ocean View,5,6,65.02,POINT (-76.19874629 36.92768496),
1550555506,9525 17TH BAY STREET,Initial Inspection,5/7/2018 15:02,Completed with open violations,Nuisance,Tall Grass & Weeds,May 07 2018,Closed,Tall Weeds and Grass,May 08 2018,Closed - Corrected,East Ocean View,5,6,65.02,POINT (-76.19867256 36.92805301),
1550555996,9557 17TH BAY STREET,Initial Inspection,5/22/2018 10:56,Completed with open violations,Nuisance,Tall Grass & Weeds,May 22 2018,Completed with open violations,Tall Weeds and Grass,May 23 2018,Closed - Corrected,East Ocean View,5,6,65.02,POINT (-76.19850708 36.92912248),
1550556335,9508 17TH BAY STREET,Initial Inspection,6/10/2019 14:33,Pending,Housing/Structures,Exterior,June 10 2019,Closed - Unfounded,,,,East Ocean View,5,6,65.02,POINT (-76.19834637 36.92749393),
1550557510,9524 17TH BAY STREET,Initial Inspection,1/2/2020 13:17,Pending,,,,,,,,East Ocean View,5,6,65.02,POINT (-76.19812423 36.92786293),
1550558290,9509 18TH BAY STREET,Initial Inspection,1/27/2020,Pending,,,,,,,,East Ocean View,5,6,65.02,POINT (-76.1974463 36.92707029),"10,566"
1550558374,9517 18TH BAY STREET,Initial Inspection,1/7/2019 10:45,Pending,Housing/Structures,Interior,January 07 2019,Closed - Completed w/Notes,,,,East Ocean View,5,6,65.02,POINT (-76.19746025 36.92748375),
1550560647,9633 15TH BAY STREET,Field Observation,9/20/2018 15:17,Completed with open violations,,,,,Tall Weeds and Grass,September 20 2018,Closed - Corrected,East Ocean View,5,6,65.01,POINT (-76.20031799 36.93119331),
1550561029,3509 PLEASANT AVENUE,Field Observation,8/16/2018 14:40,Completed with open violations,,,,,Tall Weeds and Grass,August 16 2018,Closed - Corrected,East Ocean View,5,6,65.02,POINT (-76.19993943 36.92957178),
1550561255,3510 PLEASANT AVENUE,Field Observation,3/12/2021 13:37,Completed with open violations,,,,,,,,East Ocean View,5,6,65.02,POINT (-76.1999107 36.92998586),
1550561375,9608 15TH BAY STREET,Initial Inspection,8/7/2018 12:54,Completed with open violations,Nuisance,Inoperable Vehicle,August 07 2018,Completed with open violations,Inoperable Vehicle,August 08 2018,Closed - Corrected,East Ocean View,5,6,65.02,POINT (-76.19970027 36.93021321),
1550561704,9635 15TH BAY STREET,Initial Inspection,10/22/2020,Completed with open violations,,,,,,,,East Ocean View,5,6,65.01,POINT (-76.20000314 36.93134527),"10,864"
1550562184,3515 PLEASANT AVENUE,Initial Inspection,12/18/2019,Completed with open violations,,,,,,,,East Ocean View,5,6,65.02,POINT (-76.19953699 36.92955991),"5,607"
1550562292,3516 PLEASANT AVENUE,Initial Inspection,11/4/2020,Pending,,,,,,,,East Ocean View,5,6,65.02,POINT (-76.19945603 36.92989148),"5,609"
1550562408,9622 15TH BAY STREET,Initial Inspection,6/27/2019 10:14,Pending,Housing/Structures,Exterior,June 27 2019,Closed - Unfounded,,,,East Ocean View,5,6,65.02,POINT (-76.19972733 36.93063051),
1550562642,9634 15TH BAY STREET,Initial Inspection,8/10/2020,Pending,,,,,,,,East Ocean View,5,6,65.02,POINT (-76.19966007 36.93107397),"10,853"
1550565001,3601 PLEASANT AVENUE,Initial Inspection,6/11/2020 14:59,Pending,,,,,,,,East Ocean View,5,6,65.02,POINT (-76.19880239 36.92940888),
1550565071,3613 PLEASANT AVENUE,Initial Inspection,8/27/2018,Pending,Housing/Structures,Exterior,August 27 2018,Closed,,,,East Ocean View,5,6,65.02,POINT (-76.19847731 36.92929537),"5,742"
1550565819,3544 E OCEAN VIEW AVENUE,Initial Inspection,12/27/2018,Pending,Nuisance,Trash & Debris,December 27 2018,Closed - Unfounded,,,,East Ocean View,5,6,65.02,POINT (-76.19867421 36.93162607),"5,639"
1550566040,9567 17TH BAY STREET,Initial Inspection,5/31/2019 12:24,Pending,Special Programs,Virginia Natural Gas Red Tag,May 31 2019,Closed - Completed w/Notes,,,,East Ocean View,5,6,65.02,POINT (-76.19824226 36.92931424),
1550566634,,Field Observation,4/30/2018 14:59,Completed with open violations,,,,,Tall Weeds and Grass,April 30 2018,Closed - Corrected,East Ocean View,0,0,65.02,POINT (-76.19815078 36.93109322),+
1550566634,,Field Observation,6/19/2018 15:18,Completed with open violations,,,,,Tall Weeds and Grass,June 19 2018,Closed - Corrected,East Ocean View,0,0,65.02,POINT (-76.19815078 36.93109322),+
1550566886,3622 E OCEAN VIEW AVENUE,Initial Inspection,8/4/2020,Pending,,,,,,,,East Ocean View,5,6,65.02,POINT (-76.19797985 36.93157973),"5,774"
1550566989,3609 BAYSIDE AVENUE,Field Observation,10/21/2019,Completed with open violations,,,,,Notice of Violation,October 21 2019,Closed - Corrected,East Ocean View,5,6,65.02,POINT (-76.19795509 36.93213491),"5,726"
1550567404,9625 17TH BAY STREET,Initial Inspection,6/18/2018 8:01,Pending,Nuisance,Illegal Parking in yard (2+ offenses),June 18 2018,Closed - Unfounded,,,,East Ocean View,5,6,65.02,POINT (-76.19789259 36.93042807),
1550567557,9639 17TH BAY STREET,Initial Inspection,7/12/2020 14:42,Pending,,,,,,,,East Ocean View,5,6,65.02,POINT (-76.19777373 36.93079846),
1550567883,3634 E OCEAN VIEW AVENUE,Initial Inspection,7/14/2020 11:47,Pending,,,,,,,,East Ocean View,5,6,65.02,POINT (-76.19758932 36.9314705),
1550567967,3615 BAYSIDE AVENUE,Initial Inspection,5/15/2018 15:57,Completed with open violations,Housing/Structures,Accessory Structure,May 15 2018,Completed with open violations,302.7 General Requirements-Exterior Property Areas,May 16 2018,Closed - Corrected,East Ocean View,5,6,65.02,POINT (-76.19760336 36.93204705),
1550568262,9614 17TH BAY STREET,Field Observation,4/1/2019,Completed with open violations,,,,,304.15 General Requirements-Exterior Structure,April 01 2019,Work in Progress,East Ocean View,5,6,65.02,POINT (-76.19745222 36.9298908),"10,752"
1550568604,3647 E OCEAN VIEW AVENUE,Initial Inspection,9/21/2020 13:35,Pending,,,,,,,,East Ocean View,5,6,65.02,POINT (-76.19766051 36.93098942),
1550568852,3650 E OCEAN VIEW AVENUE,Field Observation,11/20/2018,Completed with open violations,,,,,304.15 General Requirements-Exterior Structure,November 20 2018,Closed - Corrected,East Ocean View,5,6,65.02,POINT (-76.19747891 36.93136211),"5,812"
1550575091,3601 BAYSIDE AVENUE,Initial Inspection,8/4/2020 18:51,Pending,,,,,,,,East Ocean View,5,6,65.02,POINT (-76.19835254 36.93199815),
1550621285,7919 THOMPSON ROAD,Field Observation,10/2/2018 13:03,Completed with open violations,,,,,Tall Weeds and Grass,October 02 2018,Closed - Corrected,East Ocean View,5,6,66.04,POINT (-76.19663976 36.91893509),
1550621289,7923 THOMPSON ROAD,Field Observation,10/2/2018,Completed with open violations,,,,,Inoperable Vehicle,October 02 2018,Closed - Administrative Decision,East Ocean View,5,6,66.04,POINT (-76.19662224 36.91906113),"8,926"
1550622506,7947 THOMPSON ROAD,Field Observation,5/10/2019,Completed with open violations,,,,,Trash And Debris,May 10 2019,Closed - Corrected,East Ocean View,5,6,66.04,POINT (-76.19667689 36.91988696),"8,966"
1550622814,8017 THOMPSON ROAD,Field Observation,11/27/2018,Completed with open violations,,,,,302.7 General Requirements-Exterior Property Areas,November 27 2018,Closed - Corrected,East Ocean View,5,6,66.04,POINT (-76.19628648 36.92053557),"9,032"
1550622961,8021 THOMPSON ROAD,Field Observation,3/5/2019,Completed with open violations,,,,,304.2 General Requirements-Exterior Structure,March 05 2019,Closed - Administrative Decision,East Ocean View,5,6,66.04,POINT (-76.19634697 36.92074044),"9,060"
1550622976,8025 THOMPSON ROAD,Field Observation,2/7/2020 16:18,Completed with open violations,,,,,,,,East Ocean View,5,6,66.04,POINT (-76.19633175 36.92090362),
1550623481,7934 THOMPSON ROAD,Field Observation,10/10/2018 11:15,Completed with open violations,,,,,Tall Weeds and Grass,October 10 2018,Closed - Corrected,East Ocean View,5,6,66.04,POINT (-76.19598036 36.91932421),
1550623591,7942 THOMPSON ROAD,Field Observation,10/2/2018,Completed with open violations,,,,,Trash And Debris,October 02 2018,Closed - Corrected,East Ocean View,5,6,66.04,POINT (-76.19592157 36.91959497),"8,956"
1550624377,7932 THOMPSON ROAD,Field Observation,2/7/2020 16:06,Completed with open violations,,,,,,,,East Ocean View,5,6,66.04,POINT (-76.19565802 36.91924088),
1550625916,8030 THOMPSON ROAD,Field Observation,2/7/2020 15:50,Completed with open violations,,,,,,,,East Ocean View,5,6,66.04,POINT (-76.19566174 36.92089109),
1550628642,4200 CALIENTE STREET,Field Observation,9/25/2018,Completed with open violations,,,,,Parking on the Unimproved Surface,September 25 2018,Closed - Corrected,East Ocean View,5,6,66.04,POINT (-76.19443348 36.91991991),"6,214"
1550628841,4200 HACIENDA STREET,Field Observation,2/26/2020 14:31,Completed with open violations,,,,,,,,East Ocean View,5,6,66.04,POINT (-76.19439236 36.92042448),
1550629440,,Initial Inspection,8/16/2019 14:28,Pending,Nuisance,Tall Grass & Weeds,August 16 2019,Closed - Unfounded,,,,East Ocean View,0,0,66.04,POINT (-76.19423324 36.91930108),+
1550629520,4213 CALIENTE STREET,Initial Inspection,10/8/2020 6:21,Pending,,,,,,,,East Ocean View,5,6,66.04,POINT (-76.19410839 36.91958278),
1550629954,4209 DUNNING ROAD,Field Observation,2/3/2020 16:15,Completed with open violations,,,,,,,,East Ocean View,5,6,66.04,POINT (-76.19397464 36.92089542),
1550629994,4213 DUNNING ROAD,Field Observation,2/3/2020,Completed with open violations,,,,,,,,East Ocean View,5,6,66.04,POINT (-76.1938223 36.92088822),"6,228"
1550632085,8037 THOMPSON ROAD,Initial Inspection,8/12/2019 8:14,Pending,Nuisance,Tall Grass & Weeds,August 12 2019,Closed - Unfounded,,,,East Ocean View,5,6,66.04,POINT (-76.19629074 36.92109887),
1550636090,,Initial Inspection,6/11/2018 17:34,Completed with open violations,Nuisance,Tall Grass & Weeds,June 11 2018,Completed with open violations,Tall Weeds and Grass,June 14 2018,Closed - Corrected,East Ocean View,0,0,66.04,POINT (-76.19475823 36.92095303),+
1550637140,8101 RANSOM ROAD,Field Observation,6/25/2018 13:08,Completed with open violations,,,,,Tall Weeds and Grass,June 25 2018,Closed - Corrected,East Ocean View,5,6,66.04,POINT (-76.19472971 36.92125819),
1550637254,8107 RANSOM ROAD,Initial Inspection,4/28/2020,Pending,,,,,,,,East Ocean View,5,6,66.04,POINT (-76.19463042 36.92155553),"9,195"
1550637351,8115 RANSOM ROAD,Field Observation,9/25/2018,Completed with open violations,,,,,Tall Weeds and Grass,September 25 2018,Closed - Corrected,East Ocean View,5,6,66.04,POINT (-76.19461611 36.92178999),"9,225"
1550650173,3805 PRETTY LAKE AVENUE,Field Observation,3/27/2019,Completed with open violations,,,,,Inoperable Vehicle,March 27 2019,Closed - Corrected,East Ocean View,5,6,65.02,POINT (-76.19687506 36.92689938),"5,881"
1550651777,9554 18TH BAY STREET,Field Observation,5/1/2018 14:55,Completed with open violations,,,,,Tall Weeds and Grass,May 01 2018,Closed - Corrected,East Ocean View,5,6,65.02,POINT (-76.19651817 36.92866069),
1550652051,9507 19TH BAY STREET,Initial Inspection,12/17/2019,Pending,,,,,,,,East Ocean View,5,6,65.02,POINT (-76.19623551 36.92648335),"10,552"
1550652136,9519 19TH BAY STREET,Field Observation,1/14/2021 11:21,Completed with open violations,,,,,,,,East Ocean View,5,6,65.02,POINT (-76.19627313 36.9269782),
1550652368,9539 19TH BAY STREET,Initial Inspection,1/27/2020 16:48,Completed with open violations,,,,,,,,East Ocean View,5,6,65.02,POINT (-76.1960985 36.92750762),
1550653820,9573 19TH BAY STREET,Initial Inspection,4/25/2019 18:08,Completed with open violations,Nuisance,Trash & Debris,April 25 2019,Closed,Tall Weeds and Grass,April 29 2019,Closed - Corrected,East Ocean View,5,6,65.02,POINT (-76.1957974 36.92866099),
1550653940,3819 PLEASANT AVENUE,Field Observation,10/16/2020 12:27,Completed with open violations,,,,,,,,East Ocean View,5,6,65.02,POINT (-76.19585306 36.9289229),
1550653969,3814 PLEASANT AVENUE,Initial Inspection,3/11/2021,Pending,,,,,,,,East Ocean View,5,6,65.02,POINT (-76.19585711 36.92923481),"5,898"
1550653969,3816 PLEASANT AVENUE,Field Observation,7/11/2018,Completed with open violations,,,,,Tall Weeds and Grass,July 11 2018,Closed - Corrected,East Ocean View,5,6,65.02,POINT (-76.19585711 36.92923481),"5,904"
1550653969,3822 PLEASANT AVENUE,Field Observation,7/11/2018,Completed with open violations,,,,,Tall Weeds and Grass,July 11 2018,Closed - Corrected,East Ocean View,5,6,65.02,POINT (-76.19585711 36.92923481),"5,913"
1550653969,3824 PLEASANT AVENUE,Initial Inspection,8/16/2018,Completed with open violations,Housing/Structures,Interior,August 16 2018,Completed with open violations,305.3 General Requirements- Interior surfaces,August 20 2018,Not Corrected,East Ocean View,5,6,65.02,POINT (-76.19585711 36.92923481),"5,925"
1550654483,9544 19TH BAY STREET,Field Observation,10/31/2019,Completed with open violations,,,,,302.7 General Requirements-Exterior Property Areas,October 31 2019,New,East Ocean View,5,6,65.02,POINT (-76.19555461 36.92765377),"10,620"
1550654902,3823 PLEASANT AVENUE,Field Observation,11/24/2020 14:38,Completed with open violations,,,,,,,,East Ocean View,5,6,65.02,POINT (-76.19572925 36.92878806),
1550655186,9527 20TH BAY STREET,Initial Inspection,8/10/2020 7:35,Pending,,,,,,,,East Ocean View,5,6,65.02,POINT (-76.19498988 36.92683907),
1550655500,9548 19TH BAY STREET,Field Observation,10/28/2019 13:44,Completed with open violations,,,,,Inoperable Vehicle,October 28 2019,Warning Issued,East Ocean View,5,6,65.02,POINT (-76.19551858 36.92779144),
1550655807,3901 PLEASANT AVENUE,Field Observation,6/5/2020,Completed with open violations,,,,,,,,East Ocean View,5,6,65.02,POINT (-76.19532796 36.92887513),"5,971"
1550655919,3900 PLEASANT AVENUE,Initial Inspection,8/9/2019 13:39,Completed with open violations,Housing/Structures,Accessory Structure,August 09 2019,Completed with open violations,Zoning Violation,August 13 2019,New,East Ocean View,5,6,65.02,POINT (-76.19521211 36.92927704),
1550656423,9549 20TH BAY STREET,Initial Inspection,8/14/2020 15:13,Pending,,,,,,,,East Ocean View,5,6,65.02,POINT (-76.19486267 36.92758137),
1550658202,9534 20TH BAY STREET,Field Observation,2/5/2019 14:09,Completed with open violations,,,,,Trash And Debris,February 05 2019,Closed - Corrected,East Ocean View,5,6,65.02,POINT (-76.1942254 36.92699916),
1550658229,9546 20TH BAY STREET,Field Observation,11/20/2018,Completed with open violations,,,,,305.3 General Requirements- Interior surfaces,November 20 2018,New,East Ocean View,5,6,65.02,POINT (-76.19416197 36.92736576),"10,622"
1550658554,9560 20TH BAY STREET,Initial Inspection,7/26/2018,Pending,Nuisance,Trash & Debris,July 26 2018,Completed with open violations,Trash And Debris,July 30 2018,Closed - Corrected,East Ocean View,5,6,65.02,POINT (-76.19395897 36.92794187),"10,666"
1550659377,9539 21ST BAY STREET,Initial Inspection,6/24/2019,Completed with open violations,Housing/Structures,Exterior,June 24 2019,Completed with open violations,304.7 General Requirements-Exterior Structure,June 25 2019,Closed - Corrected,East Ocean View,5,6,65.02,POINT (-76.19371307 36.92747899),"10,605"
1550659921,9600 20TH BAY STREET,Initial Inspection,12/30/2019 14:25,Pending,,,,,,,,East Ocean View,5,6,65.02,POINT (-76.1939874 36.92895668),
1550660224,9619 18TH BAY STREET,Field Observation,4/23/2018 15:01,Completed with open violations,,,,,302.7 General Requirements-Exterior Property Areas,April 23 2018,Closed - Administrative Decision,East Ocean View,5,6,65.02,POINT (-76.19677575 36.92992844),
1550660224,9617 18TH BAY STREET,Initial Inspection,4/20/2018,Pending,Housing/Structures,Exterior,April 20 2018,Closed - Completed w/Notes,,,,East Ocean View,5,6,65.02,POINT (-76.19677575 36.92992844),"10,785"
1550660332,9621 18TH BAY STREET,Initial Inspection,4/26/2018,Completed with open violations,Nuisance,Tall Grass & Weeds,April 26 2018,Completed with open violations,Tall Weeds and Grass,April 27 2018,Closed - Corrected,East Ocean View,5,6,65.02,POINT (-76.19677578 36.93008961),"10,787"
1550660344,9627 18TH BAY STREET,Initial Inspection,4/26/2018 15:53,Completed with open violations,Nuisance,Tall Grass & Weeds,April 26 2018,Completed with open violations,Tall Weeds and Grass,April 27 2018,Closed - Corrected,East Ocean View,5,6,65.02,POINT (-76.19671733 36.93021916),
1550660462,9631 18TH BAY STREET,Initial Inspection,4/26/2018 15:53,Completed with open violations,Nuisance,Tall Grass & Weeds,April 26 2018,Completed with open violations,Tall Weeds and Grass,April 27 2018,Closed - Corrected,East Ocean View,5,6,65.02,POINT (-76.19671353 36.93034407),
1550661706,,Initial Inspection,1/25/2021 17:45,Completed with open violations,,,,,,,,East Ocean View,0,0,65.02,POINT (-76.19657926 36.93127716),+
1550662012,3808 PLEASANT AVENUE,Field Observation,6/27/2019,Completed with open violations,,,,,Tall Weeds and Grass,June 27 2019,Closed - Corrected,East Ocean View,5,6,65.02,POINT (-76.19639115 36.92932467),"5,891"
1550662012,9600 18TH BAY STREET,Initial Inspection,7/6/2018,Completed with open violations,Housing/Structures,Accessory Structure,July 06 2018,Completed with open violations,Open and Vacant,July 09 2018,Closed - Corrected,East Ocean View,5,6,65.02,POINT (-76.19639115 36.92932467),"10,714"
1550662134,9610 18TH BAY STREET,Initial Inspection,5/14/2018 8:05,Completed with open violations,Nuisance,Tall Grass & Weeds,May 14 2018,Completed with open violations,Tall Weeds and Grass,May 15 2018,Closed - Corrected,East Ocean View,5,6,65.02,POINT (-76.19629243 36.92955785),
1550662139,9612 18TH BAY STREET,Initial Inspection,5/15/2018 11:22,Completed with open violations,Nuisance,Trash & Debris,May 15 2018,Completed with open violations,,,,East Ocean View,5,6,65.02,POINT (-76.19618714 36.92977714),
1550663199,9615 19TH BAY STREET,Field Observation,5/31/2018 15:21,Completed with open violations,,,,,Tall Weeds and Grass,May 31 2018,Closed - Corrected,East Ocean View,5,6,65.02,POINT (-76.19575197 36.92975224),
1550663541,3813 E OCEAN VIEW AVENUE,Initial Inspection,5/22/2018 8:13,Completed with open violations,Nuisance,Tall Grass & Weeds,May 22 2018,Completed with open violations,,,,East Ocean View,5,6,65.02,POINT (-76.19582485 36.93058446),
1550663762,3821 BAY OAKS PLACE,Field Observation,3/5/2021 15:37,Completed with open violations,,,,,,,,East Ocean View,5,6,65.02,POINT (-76.19568621 36.93111652),
1550664329,9633 19TH BAY STREET,Initial Inspection,5/23/2018 11:45,Completed with open violations,Housing/Structures,Exterior,May 23 2018,Completed with open violations,304.12 General Requirements-Exterior Structure,May 24 2018,Closed - Corrected,East Ocean View,5,6,65.02,POINT (-76.19561373 36.93029367),
1550664540,3825 E OCEAN VIEW AVENUE,Initial Inspection,10/16/2018,Pending,Housing/Structures,Exterior,October 16 2018,Closed - Unfounded,,,,East Ocean View,5,6,65.02,POINT (-76.19547245 36.93053065),"5,929"
1550665076,9608 19TH BAY STREET,Field Observation,4/18/2018 13:49,Completed with open violations,,,,,Tall Weeds and Grass,April 18 2018,Closed - Corrected,East Ocean View,5,6,65.02,POINT (-76.19507281 36.92941443),
1550665198,9616 19TH BAY STREET,Field Observation,5/24/2018 15:19,Completed with open violations,,,,,Tall Weeds and Grass,May 24 2018,Closed - Corrected,East Ocean View,5,6,65.02,POINT (-76.19509202 36.92968331),
1550665854,3840 BAY OAKS PLACE,Initial Inspection,11/6/2019 13:04,Pending,,,,,,,,East Ocean View,5,6,65.02,POINT (-76.19501339 36.93156351),
1550666311,9628 19TH BAY STREET,Initial Inspection,10/29/2019,Completed with open violations,,,,,Trash And Debris,November 05 2019,Closed - Corrected,East Ocean View,5,6,65.02,POINT (-76.19493602 36.93007308),"10,831"
1550667021,9607 20TH BAY STREET,Initial Inspection,2/28/2020 9:46,Pending,,,,,,,,East Ocean View,5,6,65.02,POINT (-76.19463107 36.92919059),
1550667243,9625 20TH BAY STREET,Initial Inspection,12/19/2018,Pending,Housing/Structures,Interior,December 19 2018,Closed - Unable to Inspect,,,,East Ocean View,5,6,65.02,POINT (-76.19441879 36.92985926),"10,819"
1550667363,9633 20TH BAY STREET,Initial Inspection,6/22/2018 15:47,Completed with open violations,Nuisance,Trash & Debris,June 22 2018,Completed with open violations,Trash And Debris,June 25 2018,Closed - Corrected,East Ocean View,5,6,65.02,POINT (-76.19447845 36.93014823),
1550669268,9624 20TH BAY STREET,Initial Inspection,11/30/2019 9:30,Pending,,,,,,,,East Ocean View,5,6,65.02,POINT (-76.19367698 36.92993913),
1550703347,4216 HEUTTE DRIVE,Initial Inspection,10/12/2018 17:41,Completed with open violations,Nuisance,Illegal Parking in yard (2+ offenses),October 12 2018,Closed,Parking on the Unimproved Surface,October 15 2018,Closed - Corrected,Camellia Shores/ Camellia Acres,5,6,66.05,POINT (-76.19294549 36.91367576),
1550705370,4236 HEUTTE DRIVE,Initial Inspection,3/5/2020 10:25,Completed with open violations,,,,,,,,Camellia Shores/ Camellia Acres,5,6,66.05,POINT (-76.19216587 36.91340262),
1550707199,4260 HEUTTE DRIVE,Field Observation,4/25/2018,Completed with open violations,,,,,304.2 General Requirements-Exterior Structure,April 25 2018,Closed - Corrected,Camellia Shores/ Camellia Acres,5,6,66.05,POINT (-76.19142077 36.91317392),"6,278"
1550721969,4225 DUNNING ROAD,Initial Inspection,6/18/2018,Completed with open violations,Nuisance,Tall Grass & Weeds,June 18 2018,Completed with open violations,Tall Weeds and Grass,June 19 2018,Closed - Corrected,East Ocean View,5,6,66.04,POINT (-76.193292 36.92088553),"6,235"
1550725753,7950 SHORE DRIVE,Field Observation,6/15/2018 10:29,Completed with open violations,,,,,302.7 General Requirements-Exterior Property Areas,June 15 2018,Closed - Corrected,East Ocean View,5,6,66.04,POINT (-76.19215085 36.91994182),
1550728830,4318 TIDES COURT,Initial Inspection,5/15/2018,Completed with open violations,Housing/Structures,Interior,May 15 2018,Closed,602.4 Mechanical And Electrical Requirements-Heating And Cooling Facilities,May 16 2018,Closed - Corrected,East Ocean View,5,6,66.04,POINT (-76.1909698 36.92036157),"6,312"
1550729838,4335 DUNNING ROAD,Field Observation,3/3/2020 9:35,Completed with open violations,,,,,,,,East Ocean View,5,6,66.04,POINT (-76.19062672 36.92054708),
1550729896,7953 TURNER ROAD,Initial Inspection,10/9/2018 14:38,Completed with open violations,Nuisance,Trash & Debris,October 09 2018,Closed,Trash And Debris,October 10 2018,Closed - Corrected,East Ocean View,5,6,66.04,POINT (-76.19038282 36.92047833),
1550730202,8111 LAMESA AVENUE,Field Observation,11/6/2018,Completed with open violations,,,,,304.2 General Requirements-Exterior Structure,November 06 2018,Closed - Corrected,East Ocean View,5,6,66.04,POINT (-76.1937513 36.92151836),"9,212"
1550730202,8113 LAMESA AVENUE,Initial Inspection,5/17/2018,Completed with open violations,Housing/Structures,Exterior,May 17 2018,Closed,304.15 General Requirements-Exterior Structure,May 18 2018,Closed - Corrected,East Ocean View,5,6,66.04,POINT (-76.1937513 36.92151836),"9,217"
1550731274,8114 LAMESA AVENUE,Field Observation,5/18/2018,Completed with open violations,,,,,Trash And Debris,May 18 2018,Closed - Corrected,East Ocean View,5,6,66.04,POINT (-76.19321073 36.92154723),"9,219"
1550731279,8118 LAMESA AVENUE,Field Observation,11/6/2018 12:14,Completed with open violations,,,,,304.3 General Requirements-Exterior Structure,November 06 2018,Closed - Corrected,East Ocean View,5,6,66.04,POINT (-76.19318225 36.92168896),
1550736006,4314 DUNNING ROAD,Initial Inspection,2/23/2021 11:21,Completed with open violations,,,,,,,,East Ocean View,5,6,66.04,POINT (-76.1917588 36.92111712),
1550736500,8132 SHORE DRIVE,Initial Inspection,6/25/2018 15:13,Completed with open violations,Nuisance,Tall Grass & Weeds,June 25 2018,Completed with open violations,Tall Weeds and Grass,June 26 2018,Closed - Administrative Decision,East Ocean View,5,6,66.04,POINT (-76.19178622 36.9222393),
1550737022,4320 DUNNING ROAD,Initial Inspection,8/19/2019 14:19,Pending,Nuisance,Illegal Parking in yard (2+ offenses),August 19 2019,Closed - Unfounded,,,,East Ocean View,5,6,66.04,POINT (-76.19133406 36.9210633),
1550751420,9542 21ST BAY STREET,Initial Inspection,8/18/2020 10:02,Pending,,,,,,,,East Ocean View,5,6,65.02,POINT (-76.1931533 36.92752127),
1550761670,4040 E OCEAN VIEW AVENUE,Initial Inspection,6/9/2020,Pending,,,,,,,,East Ocean View,5,6,65.02,POINT (-76.19298835 36.93079992),"6,043"
1550763644,4110 E OCEAN VIEW AVENUE,Field Observation,12/4/2019 13:49,Completed with open violations,,,,,,,,East Ocean View,5,6,65.02,POINT (-76.19232698 36.93111312),
1550821296,7900 TURNER ROAD,Field Observation,7/9/2019,Completed with open violations,,,,,Failure to keep property free from accumulation of solid waste,July 09 2019,Closed - Corrected,East Ocean View,5,6,66.04,POINT (-76.19003045 36.91879174),"8,907"
1550821869,7954 TURNER ROAD,Field Observation,9/19/2018 11:55,Completed with open violations,,,,,Tall Weeds and Grass,September 19 2018,Closed - Corrected,East Ocean View,5,6,66.04,POINT (-76.1898392 36.92055396),
1550821997,8100 TURNER ROAD,Initial Inspection,7/11/2018,Pending,Nuisance,Tall Grass & Weeds,July 11 2018,Closed - Unfounded,,,,East Ocean View,5,6,66.04,POINT (-76.18975957 36.92079036),"9,184"
1550822633,7934 TURNER ROAD,Field Observation,7/16/2019,Completed with open violations,,,,,Trash And Debris,July 16 2019,Closed - Corrected,East Ocean View,5,6,66.04,POINT (-76.18957657 36.91983378),"8,949"
1550822724,7938 TURNER ROAD,Field Observation,7/16/2019,Completed with open violations,,,,,Failure to keep property free from accumulation of solid waste,July 16 2019,Closed - NA Contractor Completed,East Ocean View,5,6,66.04,POINT (-76.18953055 36.92009938),"8,951"
1550830129,8115 TURNER ROAD,Initial Inspection,6/13/2019,Completed with open violations,Nuisance,Tall Grass & Weeds,June 13 2019,Closed,Tall Weeds and Grass,July 02 2019,Closed - Corrected,East Ocean View,5,6,66.04,POINT (-76.19015059 36.92133967),"9,228"
1550832133,8112 TURNER ROAD,Field Observation,9/26/2018 10:48,Completed with open violations,,,,,Tall Weeds and Grass,September 26 2018,Closed - Corrected,East Ocean View,5,6,66.04,POINT (-76.18970443 36.9211585),
1550832241,8120 TURNER ROAD,Field Observation,7/2/2019,Completed with open violations,,,,,Trash And Debris,July 02 2019,Closed - Corrected,East Ocean View,5,6,66.04,POINT (-76.18957488 36.92143352),"9,260"
1550864099,9646 24TH BAY STREET,Initial Inspection,4/14/2020 7:44,Pending,,,,,,,,East Ocean View,5,6,65.02,POINT (-76.18846702 36.92931306),
1550952890,9637 27TH BAY STREET,Initial Inspection,9/20/2018 12:45,Pending,Special Programs,Virginia Natural Gas Red Tag,September 20 2018,Closed - Completed w/Notes,,,,East Ocean View,5,6,65.02,POINT (-76.18580094 36.92847912),
1550957371,,Initial Inspection,5/14/2018 15:04,Completed with open violations,Nuisance,Tall Grass & Weeds,May 14 2018,Completed with open violations,Tall Weeds and Grass,May 15 2018,Closed - Corrected,East Ocean View,0,0,65.02,POINT (-76.18417451 36.92707734),+
1550957371,,Initial Inspection,12/9/2019 9:29,Completed with open violations,,,,,,,,East Ocean View,0,0,65.02,POINT (-76.18417451 36.92707734),+
1560032716,9500 30TH BAY STREET,Field Observation,4/22/2019 8:03,Completed with open violations,,,,,Trash And Debris,April 22 2019,Closed - Corrected,East Ocean View,5,6,65.02,POINT (-76.18302183 36.92417073),
1560047751,9556 BAY FRONT DRIVE,Initial Inspection,7/30/2019 8:35,Pending,Housing/Structures,Exterior,July 30 2019,Closed - Unfounded,,,,East Ocean View,5,6,65.02,POINT (-76.18078426 36.9253744),
1560056504,9617 BAY POINT DRIVE,Initial Inspection,5/14/2018 8:44,Completed with open violations,Nuisance,Tall Grass & Weeds,May 14 2018,Completed with open violations,Tall Weeds and Grass,May 15 2018,Closed - Corrected,East Ocean View,5,6,65.02,POINT (-76.18135766 36.92767677),
1560062151,4980 EAST BEACH DRIVE,Initial Inspection,7/6/2018 13:13,Pending,Nuisance,Trash & Debris,July 06 2018,Closed - Unfounded,,,,East Ocean View,5,6,65.02,POINT (-76.18246827 36.9292437),
1560150698,9716 BAY POINT DRIVE,Field Observation,5/16/2018 15:37,Completed with open violations,,,,,Tall Weeds and Grass,May 16 2018,Closed - Corrected,East Ocean View,5,6,65.02,POINT (-76.17959628 36.92819578),
