10/6/2020,SEC-20-00209,Secure Property,"501 STUDEBAKER St, SOUTH BEND IN 46628",501 STUDEBAKER,Review Case for Collections,
10/6/2020,ENV-20-19116,Litter,"1139 HUEY St, SOUTH BEND IN 46628",1139 HUEY,Review Case for Collections,
10/6/2020,ENV-20-19115,Grass and Weeds,"2508 BERTRAND St, SOUTH BEND IN 46628",2508 BERTRAND,Review Case for Collections,
10/6/2020,ENV-20-19114,Litter,"727 LINCOLN Way W, SOUTH BEND IN 46616",727 LINCOLN ay,Closed,
10/6/2020,ENV-20-19113,Grass and Weeds,"2506 BERTRAND St, SOUTH BEND IN 46628",2506 BERTRAND,Review Case for Collections,
10/6/2020,ENV-20-19112,Grass and Weeds,"2502 BERTRAND St, SOUTH BEND IN 46628",2502 BERTRAND,Review Case for Collections,
10/6/2020,ENV-20-19111,Grass and Weeds,"1051 HUEY St, SOUTH BEND IN 46628",1051 HUEY,Review Case for Collections,
10/6/2020,ENV-20-19110,Grass and Weeds,"727 LINCOLN Way W, SOUTH BEND IN 46616",727 LINCOLN ay,Closed,
10/6/2020,ENV-20-19109,Grass and Weeds,"1315 W DUBAIL St, SOUTH BEND IN 46613",1315 W DUBAIL,Review Case for Collections,
10/6/2020,ENV-20-19108,Vegetation,"2507 HURON St, SOUTH BEND IN 46619",2507 HURON,Closed,
10/6/2020,ENV-20-19107,Grass and Weeds,"1534 S SWYGART, SOUTH BEND IN 46613",1534 S,Review Case for Collections,
10/6/2020,ENV-20-19106,Litter,"523 N SCOTT St, SOUTH BEND IN 46616",523 N SCOTT,Closed,
10/6/2020,ENV-20-19105,Grass and Weeds,"1510 N ELMER St, SOUTH BEND IN 46628",1510 N ELMER,Closed,
10/6/2020,ENV-20-19104,Vegetation,"1520 SWYGART Ave, SOUTH BEND IN 46613",1520 SWYGART,Closed,
10/6/2020,ENV-20-19103,Litter,"2222 PRAST Blvd, SOUTH BEND IN 46628",2222 PRAST,Review Case for Collections,
10/6/2020,ENV-20-19102,Grass and Weeds,"1516 N ELMER St, SOUTH BEND IN 46628",1516 N ELMER,Closed,
10/6/2020,ENV-20-19101,Litter,"830 HUEY St, SOUTH BEND IN 46628",830 HUEY,Closed,
10/6/2020,ENV-20-19100,Litter,"1337 N ELMER St, SOUTH BEND IN 46628",1337 N ELMER,Closed,
10/6/2020,HSG-20-00159,Sub-standard Housing,"1717 E BOWMAN St, SOUTH BEND IN 46613",1717 E BOWMAN,In Violation,
10/6/2020,SEC-20-00208,Secure Property,"514 STUDEBAKER St, SOUTH BEND IN 46628",514 STUDEBAKER,Closed,
10/6/2020,ENV-20-19099,Litter,"1347 N ELMER St, SOUTH BEND IN 46628",1347 N ELMER,Review Case for Collections,
10/6/2020,ENV-20-19098,Litter,"3108 REXFORD Dr, SOUTH BEND IN 46615",3108 REXFORD,Closed,
10/6/2020,ENV-20-19097,Grass and Weeds,"205 HUEY St, SOUTH BEND IN 46628",205 HUEY,Closed,
10/6/2020,ENV-20-19096,Grass and Weeds,"1321 N OLIVE St, SOUTH BEND IN 46628",1321 N OLIVE,Closed,
10/6/2020,ENV-20-19095,Grass and Weeds,"201 HUEY St, SOUTH BEND IN 46628",201 HUEY,Review Case for Collections,
10/6/2020,ENV-20-19094,Grass and Weeds,"1917 SWYGART Ave, SOUTH BEND IN 46613",1917 SWYGART,Review Case for Collections,
10/6/2020,ENV-20-19093,Litter,"1917 SWYGART Ave, SOUTH BEND IN 46613",1917 SWYGART,Closed,
10/6/2020,ENV-20-19092,Vegetation,"1145 N OLIVE St, SOUTH BEND IN 46628",1145 N OLIVE,Closed,
10/6/2020,ENV-20-19091,Grass and Weeds,"1207 E DONALD St, SOUTH BEND IN 46613",1207 E DONALD,Closed,
10/6/2020,ENV-20-19090,Litter,"615 N SCOTT St, SOUTH BEND IN 46616",615 N SCOTT,Review Case for Collections,
10/6/2020,ENV-20-19089,Grass and Weeds,"615 N SCOTT St, SOUTH BEND IN 46616",615 N SCOTT,Review Case for Collections,
10/6/2020,ENV-20-19088,Litter,"2110 KENDALL St, SOUTH BEND IN 46613",2110 KENDALL,Closed,
10/6/2020,ENV-20-19087,Grass and Weeds,"2110 KENDALL St, SOUTH BEND IN 46613",2110 KENDALL,Closed,
10/6/2020,ENV-20-19086,Litter,"2116 KENDALL St, SOUTH BEND IN 46613",2116 KENDALL,Closed,
10/6/2020,ENV-20-19085,Grass and Weeds,"613 N SCOTT St, SOUTH BEND IN 46616",613 N SCOTT,Review Case for Collections,
10/6/2020,ENV-20-19084,Litter,"623 W MARION St, SOUTH BEND IN 46628",623 W MARION,Closed,
10/6/2020,ENV-20-19083,Litter,"501 N LAFAYETTE Blvd, SOUTH BEND IN 46601",501 N LAFAYETTE,Closed,
10/6/2020,ENV-20-19082,Vegetation,"1112 E FOX St, SOUTH BEND IN 46613",1112 E FOX,Closed,
10/5/2020,ENV-20-19081,Litter,"1020 MILTON St, SOUTH BEND IN 46613",1020 MILTON,Closed,
10/5/2020,ENV-20-19080,Litter,"1870 N BROOKFIELD St, SOUTH BEND IN 46628",1870 N BROOKFIELD,Closed,
10/5/2020,ENV-20-19079,Grass and Weeds,"802 N ELMER St, SOUTH BEND IN 46628",802 N ELMER,Closed,
10/5/2020,ENV-20-19078,Grass and Weeds,"2105 BERTRAND St, SOUTH BEND IN 46628",2105 BERTRAND,Closed,
10/5/2020,ENV-20-19077,Grass and Weeds,"2106 BERTRAND St, SOUTH BEND IN 46628",2106 BERTRAND,Closed,
10/5/2020,ENV-20-19076,Grass and Weeds,"824 MILTON St, SOUTH BEND IN 46613",824 MILTON,Closed,
10/5/2020,ENV-20-19075,Litter,"2417 FREDERICKSON St, SOUTH BEND IN 46628",2417 FREDERICKSON,Notice Sent to Owner,
10/5/2020,ENV-20-19074,Litter,"1502 LINCOLN Way W, SOUTH BEND IN 466282420",1502 LINCOLN ay,Closed,
10/5/2020,ENV-20-19073,Grass and Weeds,"1142 N JOHNSON St, SOUTH BEND IN 46628",1142 N JOHNSON,Review Case for Collections,
10/5/2020,ENV-20-19072,Grass and Weeds,"1138 N JOHNSON St, SOUTH BEND IN 46628",1138 N JOHNSON,Closed,
10/5/2020,ENV-20-19071,Grass and Weeds,"2835 TOMAHAWK Trl, SOUTH BEND IN 46628",2835 TOMAHAWK,Closed,
10/5/2020,ENV-20-19070,Litter,"931 MERRILL Ct S, SOUTH BEND IN 46637",931 MERRILL Ct,Closed,
10/5/2020,ENV-20-19069,Litter,"912 MERRILL Ct S, SOUTH BEND IN 46637",912 MERRILL Ct,Closed,
10/5/2020,ENV-20-19068,Litter,"5014 LINDENWOOD Dr W, SOUTH BEND IN 46637",5014 LINDENOOD Dr,Closed,
10/5/2020,ENV-20-19067,Litter,"1052 OBRIEN St, SOUTH BEND IN 46628",1052 OBRIEN,Closed,
10/5/2020,ENV-20-19066,Grass and Weeds,"1049 N JOHNSON St, SOUTH BEND IN 46628",1049 N JOHNSON,Closed,
10/5/2020,ENV-20-19065,Grass and Weeds,"1043 N JOHNSON St, SOUTH BEND IN 46628",1043 N JOHNSON,Review Case for Collections,
10/5/2020,ENV-20-19064,Grass and Weeds,"3604 SORIN St, SOUTH BEND IN 46615",3604 SORIN,Closed,
10/5/2020,ENV-20-19063,Grass and Weeds,"1029 N JOHNSON St, SOUTH BEND IN 46628",1029 N JOHNSON,Review Case for Collections,
10/5/2020,ENV-20-19062,Grass and Weeds,"1026 N JOHNSON St, SOUTH BEND IN 46628",1026 N JOHNSON,Review Case for Collections,
10/5/2020,ENV-20-19061,Litter,"804 LANCASTER Dr, SOUTH BEND IN 46614",804 LANCASTER,Closed,
10/5/2020,ENV-20-19060,Litter,"3719 W WESTERN Ave, SOUTH BEND IN 46619",3719 W WESTERN,Review Case for Collections,
10/5/2020,ENV-20-19059,Grass and Weeds,"326 S ILLINOIS St, SOUTH BEND IN 46619",326 S ILLINOIS,Closed,
10/5/2020,ENV-20-19058,Litter,"1049 N BROOKFIELD St, SOUTH BEND IN 46628",1049 N BROOKFIELD,Review Case for Collections,
10/5/2020,ENV-20-19057,Litter,"1110 E FOX St, SOUTH BEND IN 46613",1110 E FOX,Closed,
10/5/2020,ENV-20-19056,Litter,"1108 E FOX St, SOUTH BEND IN 46613",1108 E FOX,Closed,
10/5/2020,ENV-20-19055,Litter,"1737 MARINE St, SOUTH BEND IN 46613",1737 MARINE,Closed,
10/5/2020,ENV-20-19054,Litter,"1618 MARINE St, SOUTH BEND IN 46613",1618 MARINE,Closed,
10/5/2020,ENV-20-19053,Litter,"2715 PRAST Blvd, SOUTH BEND IN 46628",2715 PRAST,Closed,
10/5/2020,ENV-20-19052,Grass and Weeds,"822 BLAINE Ave, SOUTH BEND IN 46616",822 BLAINE,Review Case for Collections,
10/5/2020,ENV-20-19051,Grass and Weeds,"1227 N ELLIOTT, SOUTH BEND IN 46628",1227 N,Closed,
10/5/2020,ENV-20-19050,Litter,"1203 LINCOLN Way W, SOUTH BEND IN 466282413",1203 LINCOLN ay,Closed,
10/5/2020,ENV-20-19049,Litter,"739 ALLEN St, SOUTH BEND IN 46616",739 ALLEN,Closed,
10/5/2020,ENV-20-19048,Grass and Weeds,"221 N OLIVE St, SOUTH BEND IN 46619",221 N OLIVE,Review Case for Collections,
10/5/2020,ENV-20-19047,Vegetation,"229 PAGIN St, SOUTH BEND IN 46601",229 PAGIN,Closed,
10/5/2020,ENV-20-19046,Grass and Weeds,"1416 LINDEN Ave, SOUTH BEND IN 46628",1416 LINDEN,Closed,
10/5/2020,ENV-20-19045,Litter,"2723 WESTMOOR St, SOUTH BEND IN 46628",2723 WESTMOOR,Closed,
10/5/2020,ENV-20-19044,Grass and Weeds,"1110 W BRYAN St, SOUTH BEND IN 46616",1110 W BRYAN,Closed,
10/5/2020,ENV-20-19043,Grass and Weeds,"1114 W BRYAN St, SOUTH BEND IN 46616",1114 W BRYAN,Closed,
10/5/2020,ENV-20-19042,Grass and Weeds,"1126 MCCARTNEY St, SOUTH BEND IN 46616",1126 MCCARTNEY,Closed,
10/5/2020,ENV-20-19041,Grass and Weeds,"1126 W MCCARTNEY, SOUTH BEND IN 46616",1126 W,Closed,
10/5/2020,ENV-20-19040,Grass and Weeds,"1109 MCCARTNEY St, SOUTH BEND IN 46616",1109 MCCARTNEY,Closed,
10/2/2020,ENV-20-19039,Litter,"1534 S SWYGART, SOUTH BEND IN 46613",1534 S,Review Case for Collections,
10/2/2020,ENV-20-19038,Grass and Weeds,"1602 SIBLEY Ave, SOUTH BEND IN 46628",1602 SIBLEY,Review Case for Collections,
10/2/2020,ENV-20-19037,Grass and Weeds,"1637 LINDEN Ave, SOUTH BEND IN 46628",1637 LINDEN,Review Case for Collections,
10/2/2020,ENV-20-19036,Grass and Weeds,"407 BIRDSELL St, SOUTH BEND IN 46628",407 BIRDSELL,Review Case for Collections,
10/2/2020,ENV-20-19035,Grass and Weeds,"314 BIRDSELL St, SOUTH BEND IN 46628",314 BIRDSELL,Review Case for Collections,
10/2/2020,ENV-20-19034,Grass and Weeds,"1423 LINDEN Ave, SOUTH BEND IN 46628",1423 LINDEN,Review Case for Collections,
10/2/2020,ENV-20-19033,Grass and Weeds,"1431 LINDEN Ave, SOUTH BEND IN 46628",1431 LINDEN,Review Case for Collections,
10/2/2020,ENV-20-19032,Vegetation,"1322 HINE St, SOUTH BEND IN 46628",1322 HINE,Opened In Error,
10/2/2020,HSG-20-00158,Sub-standard Housing,"1326 W COLFAX Ave, SOUTH BEND IN 46628",1326 W COLFAX,In Violation,
10/2/2020,ENV-20-19031,Grass and Weeds,"1326 W COLFAX Ave, SOUTH BEND IN 46628",1326 W COLFAX,Review Case for Collections,
10/2/2020,SEC-20-00207,Secure Property,"1326 W COLFAX Ave, SOUTH BEND IN 46628",1326 W COLFAX,Review Case for Collections,
10/2/2020,HSG-20-00157,Sub-standard Housing,"1616 ELDORA Ct, SOUTH BEND IN 46613",1616 ELDORA,Hearing Recommended,
10/2/2020,ENV-20-19030,Litter,"1410 SORIN St, SOUTH BEND IN 46617",1410 SORIN,Closed,
10/2/2020,ENV-20-19029,Litter,"222 LA PORTE Ave, SOUTH BEND IN 46616",222 LA PORTE,Closed,
10/2/2020,ENV-20-19028,Litter,"1305 W DUBAIL St, SOUTH BEND IN 46613",1305 W DUBAIL,Closed,
10/2/2020,ENV-20-19027,Litter,"918 MILTON St, SOUTH BEND IN 46613",918 MILTON,Review Case for Collections,
10/2/2020,ENV-20-19026,Litter,"906 E CALVERT St, SOUTH BEND IN 46613",906 E CALVERT,Closed,
10/2/2020,ENV-20-19025,Litter,"1114 GOODLAND Ave, SOUTH BEND IN 46628",1114 GOODLAND,Closed,
10/2/2020,ENV-20-19024,Litter,"1226 E CALVERT St, SOUTH BEND IN 46613",1226 E CALVERT,Closed,
10/2/2020,ENV-20-19023,Litter,"1335 E FOX St, SOUTH BEND IN 46613",1335 E FOX,Closed,
10/2/2020,ENV-20-19022,Vegetation,"908 W OAK St, SOUTH BEND IN 46616",908 W OAK,Closed,
10/2/2020,ENV-20-19021,Litter,"3701 LINCOLN Way W, SOUTH BEND IN 46628",3701 LINCOLN ay,Closed,
10/2/2020,ENV-20-19020,Vegetation,"909 W OAK St, SOUTH BEND IN 46616",909 W OAK,Closed,
10/2/2020,ENV-20-19019,Litter,"909 W OAK St, SOUTH BEND IN 46616",909 W OAK,Opened In Error,
10/2/2020,ENV-20-19018,Litter,"748 PORTAGE Ave, SOUTH BEND IN 46628",748 PORTAGE,Closed,
10/2/2020,ENV-20-19017,Litter,"736 PORTAGE Ave, SOUTH BEND IN 46635",736 PORTAGE,Closed,
10/2/2020,ENV-20-19016,Grass and Weeds,"909 W OAK St, SOUTH BEND IN 46616",909 W OAK,Closed,
10/2/2020,ENV-20-19015,Litter,"907 W OAK St, SOUTH BEND IN 46616",907 W OAK,Hearing Scheduled,
10/2/2020,ENV-20-19014,Litter,"1620 PORTAGE Ave, SOUTH BEND IN 46616",1620 PORTAGE,Closed,
10/2/2020,ENV-20-19013,Grass and Weeds,"1114 BEALE St, SOUTH BEND IN 46616",1114 BEALE,Closed,
10/2/2020,ENV-20-19012,Litter,"1114 BEALE St, SOUTH BEND IN 46616",1114 BEALE,Closed,
10/2/2020,ENV-20-19011,Litter,"1103 KINYON St, SOUTH BEND IN 46616",1103 KINYON,Closed,
10/2/2020,HSG-20-00156,Sub-standard Housing,"1828 SOMERSWORTH Dr, SOUTH BEND IN 46614",1828 SOMERSWORTH,Closed,
10/2/2020,ENV-20-19010,Litter,"1206 WOODWARD Ave, SOUTH BEND IN 46616",1206 WOODWARD,Closed,
10/2/2020,ENV-20-19009,Litter,"426 S GLADSTONE Ave, SOUTH BEND IN 46619",426 S GLADSTONE,Closed,
10/2/2020,ENV-20-19008,Litter,"2623 BONDS Ave, SOUTH BEND IN 46628",2623 BONDS,Closed,
10/2/2020,ENV-20-19007,Litter,"2705 BONDS Ave, SOUTH BEND IN 46628",2705 BONDS,Review Case for Collections,
10/2/2020,ENV-20-19006,Litter,"1117 WOODWARD Ave, SOUTH BEND IN 46616",1117 WOODWARD,Closed,
10/2/2020,ENV-20-19005,Litter,"2705 PRAST Blvd, SOUTH BEND IN 46628",2705 PRAST,Closed,
10/2/2020,ENV-20-19004,Vegetation,"829 S GLADSTONE Ave, SOUTH BEND IN 46619",829 S GLADSTONE,Closed,
10/2/2020,ENV-20-19003,Vegetation,"1101 S 25TH St, SOUTH BEND IN 46615",1101 S 25TH,Closed,
10/2/2020,SEC-20-00206,Secure Property,"3113 PLEASANT St, SOUTH BEND IN 46615",3113 PLEASANT,Review Case for Collections,
10/2/2020,ENV-20-19002,Litter,"846 S GLADSTONE Ave, SOUTH BEND IN 46619",846 S GLADSTONE,Review Case for Collections,
10/2/2020,ENV-20-19001,Grass and Weeds,"937 S 25TH St, SOUTH BEND IN 46615",937 S 25TH,Review Case for Collections,
10/2/2020,ENV-20-19000,Grass and Weeds,"1001 S 23RD St, SOUTH BEND IN 46615",1001 S 23RD,Closed,
10/2/2020,ENV-20-18999,Vegetation,"1001 S 23RD St, SOUTH BEND IN 46615",1001 S 23RD,Closed,
10/2/2020,ENV-20-18998,Vegetation,"2316 VINE St, SOUTH BEND IN 46615",2316 VINE,Closed,
10/2/2020,ENV-20-18997,Litter,"845 S EDISON Ave, SOUTH BEND IN 46619",845 S EDISON,Review Case for Collections,
10/2/2020,ENV-20-18996,Litter,"309 HUEY St, SOUTH BEND IN 46628",309 HUEY,Closed,
10/2/2020,ENV-20-18995,Litter,"1008 S 23RD St, SOUTH BEND IN 46615",1008 S 23RD,Closed,
10/2/2020,ENV-20-18994,Litter,"934 S 23RD St, SOUTH BEND IN 46615",934 S 23RD,Closed,
10/2/2020,SEC-20-00205,Secure Property,"1617 N ADAMS St, SOUTH BEND IN 46628",1617 N ADAMS,Review Case for Collections,
10/2/2020,ENV-20-18993,Litter,"3107 S SAINT JOSEPH St, SOUTH BEND IN 46614",3107 S SAINT JOSEPH,Closed,
10/2/2020,ENV-20-18992,Litter,"1114 E BROADWAY St, SOUTH BEND IN 46601",1114 E BROADWAY,Review Case for Collections,
10/2/2020,ENV-20-18991,Grass and Weeds,"1114 E BROADWAY St, SOUTH BEND IN 46601",1114 E BROADWAY,Review Case for Collections,
10/2/2020,ENV-20-18990,Grass and Weeds,"408 E ECKMAN St, SOUTH BEND IN 46614",408 E ECKMAN,Closed,
10/2/2020,ENV-20-18989,Vegetation,"426 S ALBERT Ave, SOUTH BEND IN 46619",426 S ALBERT,Closed,
10/2/2020,ENV-20-18988,Litter,"1322 E INDIANA Ave, SOUTH BEND IN 46613",1322 E INDIANA,Closed,
10/2/2020,ENV-20-18987,Vegetation,"422 S ALBERT Ave, SOUTH BEND IN 46619",422 S ALBERT,Closed,
10/2/2020,ENV-20-18986,Litter,"417 S SHERIDAN St, SOUTH BEND IN 46619",417 S SHERIDAN,Review Case for Collections,
10/2/2020,ENV-20-18985,Litter,"818 S ALBERT Ave, SOUTH BEND IN 46619",818 S ALBERT,Closed,
10/2/2020,ENV-20-18984,Litter,"1626 KENDALL St, SOUTH BEND IN 46613",1626 KENDALL,Closed,
10/2/2020,ENV-20-18983,Litter,"1649 OBRIEN St, SOUTH BEND IN 46628",1649 OBRIEN,Closed,
10/2/2020,ENV-20-18982,Litter,"1645 OBRIEN St, SOUTH BEND IN 46628",1645 OBRIEN,Review Case for Collections,
10/2/2020,ENV-20-18981,Vegetation,"1630 HUEY St, SOUTH BEND IN 46628",1630 HUEY,Closed,
10/2/2020,ENV-20-18980,Litter,"1630 HUEY St, SOUTH BEND IN 46628",1630 HUEY,Closed,
10/2/2020,ENV-20-18979,Litter,"621 N FRANCES St, SOUTH BEND IN 46617",621 N FRANCES,Closed,
10/2/2020,ENV-20-18978,Grass and Weeds,"718 N FRANCES St, SOUTH BEND IN 46617",718 N FRANCES,Closed,
10/2/2020,ENV-20-18977,Grass and Weeds,"1521 OBRIEN St, SOUTH BEND IN 46628",1521 OBRIEN,Review Case for Collections,
10/2/2020,ENV-20-18976,Vegetation,"715 N EDDY St, SOUTH BEND IN 46617",715 N EDDY,Closed,
10/2/2020,ENV-20-18975,Litter,"1502 HUEY St, SOUTH BEND IN 46628",1502 HUEY,Closed,
10/2/2020,ENV-20-18974,Litter,"618 N FRANCES St, SOUTH BEND IN 46617",618 N FRANCES,Closed,
10/2/2020,ENV-20-18973,Litter,"608 N FRANCES St, SOUTH BEND IN 46617",608 N FRANCES,Closed,
10/2/2020,ENV-20-18972,Litter,"1237 OBRIEN St, SOUTH BEND IN 46628",1237 OBRIEN,Review Case for Collections,
10/2/2020,ENV-20-18971,Litter,"749 SOUTH BEND Ave, SOUTH BEND IN 46617",749 SOUTH BEND,Closed,
10/2/2020,ENV-20-18970,Litter,"710 CORBY Blvd, SOUTH BEND IN 46617",710 CORBY,Closed,
10/2/2020,ENV-20-18969,Litter,"813 TURNOCK St, SOUTH BEND IN 46617",813 TURNOCK,Closed,
10/2/2020,ENV-20-18968,Litter,"3821 GREENMONT Dr, SOUTH BEND IN 46628",3821 GREENMONT,Closed,
10/2/2020,ENV-20-18967,Litter,"1047 OBRIEN St, SOUTH BEND IN 46628",1047 OBRIEN,Review Case for Collections,
10/2/2020,ENV-20-18966,Litter,"741 LINCOLN Way E, SOUTH BEND IN 46617",741 LINCOLN Way,Closed,
10/2/2020,ENV-20-18965,Litter,"3714 GLENVIEW Dr, SOUTH BEND IN 46628",3714 GLENVIEW,Closed,
10/2/2020,ENV-20-18964,Litter,"1046 HUEY St, SOUTH BEND IN 46628",1046 HUEY,Review Case for Collections,
10/2/2020,ENV-20-18963,Litter,"1327 NORTHLEA Dr, SOUTH BEND IN 46628",1327 NORTHLEA,Closed,
10/2/2020,ENV-20-18962,Litter,"4016 EASTMONT Dr, SOUTH BEND IN 46628",4016 EASTMONT,Closed,
10/2/2020,ENV-20-18961,Litter,"1606 S GRANT St, SOUTH BEND IN 46613",1606 S GRANT,Closed,
10/2/2020,ENV-20-18960,Grass and Weeds,"1628 S GRANT St, SOUTH BEND IN 46619",1628 S GRANT,Review Case for Collections,
10/2/2020,ENV-20-18959,Grass and Weeds,"1403 N OLIVE St, SOUTH BEND IN 46628",1403 N OLIVE,Review Case for Collections,
10/2/2020,ENV-20-18958,Litter,"1110 VICTORY Ave, SOUTH BEND IN 46615",1110 VICTORY,Closed,
10/2/2020,HSG-20-00155,Sub-standard Housing,"625 E DUBAIL Ave, SOUTH BEND IN 46613",625 E DUBAIL,In Violation,
10/1/2020,ENV-20-18957,Litter,"1814 VASSAR Ave, SOUTH BEND IN 46628",1814 VASSAR,Review Case for Collections,
10/1/2020,ENV-20-18956,Litter,"527 KOSCIUSZKO St, SOUTH BEND IN 46619",527 KOSCIUSZKO,Closed,
10/1/2020,ENV-20-18955,Litter,"529 KOSCIUSZKO St, SOUTH BEND IN 46619",529 KOSCIUSZKO,Review Case for Collections,
10/1/2020,ENV-20-18954,Litter,"529 KOSCIUSZKO St, SOUTH BEND IN 46619",529 KOSCIUSZKO,Closed,
10/1/2020,ENV-20-18953,Litter,"1021 N MEADE St, SOUTH BEND IN 46628",1021 N MEADE,Closed,
10/1/2020,ENV-20-18952,Vegetation,"2519 BONDS Ave, SOUTH BEND IN 46628",2519 BONDS,Closed,
10/1/2020,ENV-20-18951,Litter,"523 KOSCIUSZKO St, SOUTH BEND IN 46614",523 KOSCIUSZKO,Review Case for Collections,
10/1/2020,ENV-20-18950,Litter,"515 KOSCIUSZKO St, SOUTH BEND IN 46619",515 KOSCIUSZKO,Closed,
10/1/2020,ENV-20-18949,Grass and Weeds,"114 N CARLISLE St, SOUTH BEND IN 46628",114 N CARLISLE,Review Case for Collections,
10/1/2020,ENV-20-18948,Grass and Weeds,"2121 W WASHINGTON St, SOUTH BEND IN 46628",2121 W WASHINGTON,Review Case for Collections,
10/1/2020,ENV-20-18947,Litter,"434 S JACKSON St, SOUTH BEND IN 46619",434 S JACKSON,Closed,
10/1/2020,ENV-20-18946,Litter,"519 E DUBAIL Ave, SOUTH BEND IN 46613",519 E DUBAIL,Closed,
10/1/2020,ENV-20-18945,Litter,"433 PULASKI St, SOUTH BEND IN 46619",433 PULASKI,Closed,
10/1/2020,ENV-20-18944,Litter,"701 N JOHNSON St, SOUTH BEND IN 46628",701 N JOHNSON,Review Case for Collections,
10/1/2020,ENV-20-18943,Litter,"526 E INDIANA Ave, SOUTH BEND IN 46613",526 E INDIANA,Closed,
10/1/2020,ENV-20-18942,Grass and Weeds,"2115 BERTRAND St, SOUTH BEND IN 46628",2115 BERTRAND,Closed,
10/1/2020,ENV-20-18941,Grass and Weeds,"1417 JOYCE Dr, SOUTH BEND IN 46616",1417 JOYCE,Closed,
10/1/2020,ENV-20-18940,Litter,"1417 JOYCE Dr, SOUTH BEND IN 46616",1417 JOYCE,Review Case for Collections,
10/1/2020,HSG-20-00154,Sub-standard Housing,"208 E FOX St, SOUTH BEND IN 46613",208 E FOX,Hearing Recommended,
10/1/2020,ENV-20-18939,Grass and Weeds,"424 S CHICAGO St, SOUTH BEND IN 46619",424 S CHICAGO,Review Case for Collections,
10/1/2020,ENV-20-18938,Grass and Weeds,"627 E DAYTON St, SOUTH BEND IN 46613",627 E DAYTON,Closed,
10/1/2020,ENV-20-18937,Vegetation,"524 E DAYTON St, SOUTH BEND IN 46613",524 E DAYTON,Closed,
10/1/2020,ENV-20-18936,Litter,"620 E DUBAIL Ave, SOUTH BEND IN 46613",620 E DUBAIL,Review Case for Collections,
10/1/2020,ENV-20-18935,Litter,"929 E BOWMAN St, SOUTH BEND IN 46613",929 E BOWMAN,Closed,
10/1/2020,ENV-20-18934,Litter,"811 E DONALD St, SOUTH BEND IN 46613",811 E DONALD,Closed,
10/1/2020,ENV-20-18933,Litter,"614 S BROOKFIELD St, SOUTH BEND IN 46619",614 S BROOKFIELD,Closed,
10/1/2020,ENV-20-18932,Grass and Weeds,"421 S WELLINGTON St, SOUTH BEND IN 46619",421 S WELLINGTON,Review Case for Collections,
10/1/2020,ENV-20-18931,Grass and Weeds,"517 E FAIRVIEW Ave, SOUTH BEND IN 46614",517 E FAIRVIEW,Closed,
10/1/2020,ENV-20-18930,Grass and Weeds,"1401 N OLIVE St, SOUTH BEND IN 46628",1401 N OLIVE,Review Case for Collections,
10/1/2020,HSG-20-00153,Sub-standard Housing,"625 E DUBAIL Ave, SOUTH BEND IN 46613",625 E DUBAIL,Closed,
10/1/2020,ENV-20-18929,Vegetation,"705 S KENMORE St, SOUTH BEND IN 46617",705 S KENMORE,Closed,
10/1/2020,ENV-20-18928,Litter,"705 S KENMORE St, SOUTH BEND IN 46617",705 S KENMORE,Closed,
10/1/2020,ENV-20-18927,Litter,"2910 ELWOOD Ave, SOUTH BEND IN 46628",2910 ELWOOD,Closed,
10/1/2020,ENV-20-18926,Litter,"810 S KENMORE St, SOUTH BEND IN 46619",810 S KENMORE,Closed,
10/1/2020,ENV-20-18925,Litter,"806 S KENMORE St, SOUTH BEND IN 46618",806 S KENMORE,Closed,
10/1/2020,ENV-20-18924,Grass and Weeds,"721 S LAKE St, SOUTH BEND IN 46619",721 S LAKE,Review Case for Collections,
10/1/2020,ENV-20-18923,Grass and Weeds,"737 S LAKE St, SOUTH BEND IN 46619",737 S LAKE,Review Case for Collections,
10/1/2020,HSG-20-00152,Sub-standard Housing,"2719 MARINE St, SOUTH BEND IN 46614",2719 MARINE,In Violation,
10/1/2020,ENV-20-18922,Litter,"1630 N ILLINOIS St, SOUTH BEND IN 46628",1630 N ILLINOIS,Closed,
10/1/2020,HSG-20-00151,Sub-standard Housing,"1215 RANDOLPH St, SOUTH BEND IN 46613",1215 RANDOLPH,Stern Letter Request,
10/1/2020,ENV-20-18921,Grass and Weeds,"717 N ELMER St, SOUTH BEND IN 46628",717 N ELMER,Review Case for Collections,
10/1/2020,ENV-20-18920,Litter,"451 S GRANT St, SOUTH BEND IN 46619",451 S GRANT,Closed,
10/1/2020,ENV-20-18919,Litter,"3311 W WESTERN Ave, SOUTH BEND IN 46613",3311 W WESTERN,Closed,
10/1/2020,ENV-20-18918,Litter,"226 OBRIEN St, Unit 228, SOUTH BEND IN 46628",226 OBRIEN,Closed,
10/1/2020,ENV-20-18917,Grass and Weeds,"1104 N ADAMS St, SOUTH BEND IN 46628",1104 N ADAMS,Closed,
10/1/2020,ENV-20-18916,Litter,"519 S GRANT St, SOUTH BEND IN 46619",519 S GRANT,Closed,
10/1/2020,HSG-20-00150,Sub-standard Housing,"1830 LEER St, SOUTH BEND IN 46613",1830 LEER,Hearing Recommended,
10/1/2020,ENV-20-18915,Litter,"226 OBRIEN St, Unit 228, SOUTH BEND IN 46628",226 OBRIEN,Closed,
10/1/2020,ENV-20-18914,Litter,"534 S GRANT St, SOUTH BEND IN 46619",534 S GRANT,Review Case for Collections,
10/1/2020,ENV-20-18913,Litter,"1146 N BROOKFIELD St, SOUTH BEND IN 46628",1146 N BROOKFIELD,Review Case for Collections,
10/1/2020,ENV-20-18912,Litter,"608 S KENTUCKY St, SOUTH BEND IN 46619",608 S KENTUCKY,Closed,
10/1/2020,ENV-20-18911,Litter,"1134 N BROOKFIELD St, SOUTH BEND IN 46628",1134 N BROOKFIELD,Closed,
10/1/2020,ENV-20-18910,Litter,"750 DUNDEE St, SOUTH BEND IN 46619",750 DUNDEE,Closed,
10/1/2020,SEC-20-00204,Secure Property,"1352 E DAYTON St, SOUTH BEND IN 46613",1352 E DAYTON,Review Case for Collections,
10/1/2020,ENV-20-18909,Litter,"1102 N BROOKFIELD St, SOUTH BEND IN 46628",1102 N BROOKFIELD,Closed,
10/1/2020,ENV-20-18908,Litter,"750 DUNDEE St, SOUTH BEND IN 46619",750 DUNDEE,Closed,
10/1/2020,ENV-20-18907,Litter,"1117 COLLEGE St, SOUTH BEND IN 46628",1117 COLLEGE,Closed,
10/1/2020,ENV-20-18906,Grass and Weeds,"750 DUNDEE St, SOUTH BEND IN 46619",750 DUNDEE,Closed,
10/1/2020,ENV-20-18905,Litter,"1130 N BROOKFIELD St, SOUTH BEND IN 46628",1130 N BROOKFIELD,Closed,
10/1/2020,ENV-20-18904,Litter,"1138 N BROOKFIELD St, SOUTH BEND IN 46628",1138 N BROOKFIELD,Closed,
10/1/2020,ENV-20-18903,Litter,"1804 LINCOLN Way W, SOUTH BEND IN 466282620",1804 LINCOLN ay,Review Case for Collections,
10/1/2020,ENV-20-18902,Grass and Weeds,"3105 HURON St, SOUTH BEND IN 46619",3105 HURON,Review Case for Collections,
10/1/2020,ENV-20-18901,Litter,"501 W COLFAX Ave, SOUTH BEND IN 46601",501 W COLFAX,Closed,
10/1/2020,ENV-20-18900,Litter,"1113 N BROOKFIELD St, SOUTH BEND IN 46628",1113 N BROOKFIELD,Review Case for Collections,
10/1/2020,HSG-20-00149,Sub-standard Housing,"1413 FREMONT St, SOUTH BEND IN 46628",1413 FREMONT,Hearing Deadline Not Met,
10/1/2020,ENV-20-18899,Litter,"514 S 24TH St, SOUTH BEND IN 46615",514 S 24TH,Closed,
10/1/2020,ENV-20-18898,Litter,"614 S 24TH St, SOUTH BEND IN 46615",614 S 24TH,Closed,
10/1/2020,ENV-20-18897,Litter,"610 DUNDEE St, SOUTH BEND IN 46619",610 DUNDEE,Review Case for Collections,
10/1/2020,ENV-20-18896,Litter,"718 DUNDEE St, SOUTH BEND IN 46619",718 DUNDEE,Closed,
10/1/2020,ENV-20-18895,Litter,"3422 MISHAWAKA Ave, SOUTH BEND IN 46615",3422 MISHAWAKA,Closed,
10/1/2020,ENV-20-18894,Grass and Weeds,"1013 S 31 St, SOUTH BEND IN 46615",1013 S 31,Review Case for Collections,
10/1/2020,ENV-20-18893,Litter,"1102 S 34TH St, SOUTH BEND IN 46615",1102 S 34TH,Closed,
10/1/2020,ENV-20-18892,Litter,"1022 S 34TH St, SOUTH BEND IN 46615",1022 S 34TH,Closed,
10/1/2020,ENV-20-18891,Litter,"805 S 34TH St, SOUTH BEND IN 46615",805 S 34TH,Closed,
10/1/2020,ENV-20-18890,Grass and Weeds,"718 HARRISON Ave, SOUTH BEND IN 46616",718 HARRISON,Closed,
10/1/2020,ENV-20-18889,Litter,"601 S 30TH St, SOUTH BEND IN 46615",601 S 30TH,Closed,
10/1/2020,ENV-20-18888,Grass and Weeds,"2905 PLEASANT St, SOUTH BEND IN 46615",2905 PLEASANT,Closed,
10/1/2020,ENV-20-18887,Grass and Weeds,"947 S 27TH St, SOUTH BEND IN 46615",947 S 27TH,Closed,
10/1/2020,ENV-20-18886,Litter,"914 S 26TH St, SOUTH BEND IN 46615",914 S 26TH,Closed,
10/1/2020,ENV-20-18885,Grass and Weeds,"806 S 26TH St, SOUTH BEND IN 46615",806 S 26TH,Closed,
10/1/2020,ENV-20-18884,Litter,"524 S 25TH St, SOUTH BEND IN 46615",524 S 25TH,Closed,
10/1/2020,ENV-20-18883,Litter,"147 N EDISON Ave, SOUTH BEND IN 46619",147 N EDISON,Closed,
10/1/2020,ENV-20-18882,Litter,"1630 COLLEGE St, SOUTH BEND IN 46628",1630 COLLEGE,Closed,
10/1/2020,ENV-20-18881,Litter,"803 DOVER Dr, SOUTH BEND IN 46614",803 DOVER,Closed,
10/1/2020,ENV-20-18880,Litter,"1653 N ADAMS St, SOUTH BEND IN 46628",1653 N ADAMS,Closed,
10/1/2020,ENV-20-18879,Litter,"1617 N ADAMS St, SOUTH BEND IN 46628",1617 N ADAMS,Review Case for Collections,
10/1/2020,HSG-20-00148,Sub-standard Housing,"4214 MEADOW Ln, SOUTH BEND IN 46619",4214 MEADOW,Stern Letter Request,
10/1/2020,HSG-20-00147,Sub-standard Housing,"1329 OBRIEN St, SOUTH BEND IN 46628",1329 OBRIEN,Closed,
10/1/2020,ENV-20-18878,Grass and Weeds,"1113 ROOSEVELT St, SOUTH BEND IN 46616",1113 ROOSEVELT,Closed,
10/1/2020,ENV-20-18877,Grass and Weeds,"1106 BEALE St, SOUTH BEND IN 46616",1106 BEALE,Review Case for Collections,
10/1/2020,ENV-20-18876,Litter,"904 SPRUCEWOOD Ln, SOUTH BEND IN 46637",904 SPRUCEWOOD,Closed,
10/1/2020,ENV-20-18875,Litter,"1126 W JEFFERSON Blvd, SOUTH BEND IN 46625",1126 W JEFFERSON,Closed,
10/1/2020,ENV-20-18874,Litter,"723 ALLEN St, SOUTH BEND IN 46616",723 ALLEN,Closed,
10/1/2020,ENV-20-18873,Litter,"1210 W JEFFERSON Blvd, SOUTH BEND IN 46601",1210 W JEFFERSON,Closed,
10/1/2020,ENV-20-18872,Vegetation,"718 BLAINE Ave, SOUTH BEND IN 46616",718 BLAINE,Closed,
9/30/2020,ENV-20-18871,Grass and Weeds,"1413 VAN BUREN St, SOUTH BEND IN 46628",1413 VAN BUREN,Closed,
9/30/2020,ENV-20-18870,Litter,"813 LAWNDALE Ave, SOUTH BEND IN 46628",813 LAWNDALE,Closed,
9/30/2020,ENV-20-18869,Litter,"1213 E EWING Ave, SOUTH BEND IN 46613",1213 E EWING,Closed,
9/30/2020,ENV-20-18868,Vegetation,"806 SANCOME Ave, SOUTH BEND IN 46628",806 SANCOME,Review Case for Collections,
9/30/2020,ENV-20-18867,Vegetation,"810 SANCOME Ave, SOUTH BEND IN 46628",810 SANCOME,Review Case for Collections,
9/30/2020,ENV-20-18866,Grass and Weeds,"810 SANCOME Ave, SOUTH BEND IN 46628",810 SANCOME,Closed,
9/30/2020,ENV-20-18865,Litter,"1109 N BROOKFIELD St, SOUTH BEND IN 46628",1109 N BROOKFIELD,Closed,
9/30/2020,ENV-20-18864,Litter,"225 E CALVERT St, SOUTH BEND IN 46613",225 E CALVERT,Closed,
9/30/2020,ENV-20-18863,Litter,"1101 N BROOKFIELD St, SOUTH BEND IN 46628",1101 N BROOKFIELD,Notice Sent to Owner,
9/30/2020,ENV-20-18862,Grass and Weeds,"904 SANCOME Ave, SOUTH BEND IN 46628",904 SANCOME,Closed,
9/30/2020,ENV-20-18861,Grass and Weeds,"902 SANCOME Ave, SOUTH BEND IN 46628",902 SANCOME,Closed,
9/30/2020,ENV-20-18860,Litter,"419 SHERWOOD Ave, SOUTH BEND IN 46614",419 SHERWOOD,Closed,
9/30/2020,ENV-20-18859,Grass and Weeds,"818 SANCOME Ave, SOUTH BEND IN 46628",818 SANCOME,Closed,
9/30/2020,ENV-20-18858,Litter,"419 SHERWOOD Ave, SOUTH BEND IN 46614",419 SHERWOOD,Closed,
9/30/2020,ENV-20-18857,Grass and Weeds,"814 SANCOME Ave, SOUTH BEND IN 46628",814 SANCOME,Closed,
9/30/2020,ENV-20-18856,Litter,"3621 ADDISON St, SOUTH BEND IN 46614",3621 ADDISON,Closed,
9/30/2020,ENV-20-18855,Litter,"814 SANCOME Ave, SOUTH BEND IN 46628",814 SANCOME,Review Case for Collections,
9/30/2020,ENV-20-18854,Litter,"310 HANEY Ave, SOUTH BEND IN 46613",310 HANEY,Closed,
9/30/2020,ENV-20-18853,Grass and Weeds,"4221 CORAL Dr, SOUTH BEND IN 46614",4221 CORAL,Closed,
9/30/2020,ENV-20-18852,Litter,"4328 CORAL Dr, SOUTH BEND IN 46614",4328 CORAL,Closed,
9/30/2020,ENV-20-18851,Grass and Weeds,"1317 E INDIANA Ave, SOUTH BEND IN 46613",1317 E INDIANA,Closed,
9/30/2020,ENV-20-18850,Litter,"1422 LEER St, SOUTH BEND IN 46613",1422 LEER,Closed,
9/30/2020,ENV-20-18849,Litter,"1218 SORIN St, SOUTH BEND IN 46617",1218 SORIN,Closed,
9/30/2020,ENV-20-18848,Grass and Weeds,"1428 SUTHERLAND Ln, SOUTH BEND IN 46614",1428 SUTHERLAND,Closed,
9/30/2020,ENV-20-18847,Litter,"1434 SUTHERLAND Ln, SOUTH BEND IN 46614",1434 SUTHERLAND,Closed,
9/30/2020,ENV-20-18846,Vegetation,"1451 SUTHERLAND Ln, SOUTH BEND IN 46614",1451 SUTHERLAND,Closed,
9/30/2020,ENV-20-18845,Litter,"4817 HUNTLEY Ct, SOUTH BEND IN 46614",4817 HUNTLEY,Closed,
9/30/2020,ENV-20-18844,Litter,"747 HUEY St, SOUTH BEND IN 46628",747 HUEY,Review Case for Collections,
9/30/2020,ENV-20-18843,Litter,"1430 MINER St, SOUTH BEND IN 46617",1430 MINER,Closed,
9/30/2020,ENV-20-18842,Litter,"4823 HUNTLEY Ct, SOUTH BEND IN 46614",4823 HUNTLEY,Closed,
9/30/2020,ENV-20-18841,Grass and Weeds,"4841 HUNTLEY Ct, SOUTH BEND IN 46614",4841 HUNTLEY,Closed,
9/30/2020,ENV-20-18840,Litter,"640 OBRIEN St, SOUTH BEND IN 46619",640 OBRIEN,Review Case for Collections,
9/30/2020,ENV-20-18839,Litter,"2115 RENFREW Ct, SOUTH BEND IN 46614",2115 RENFREW,Closed,
9/30/2020,ENV-20-18838,Litter,"1609 N ADAMS St, SOUTH BEND IN 46628",1609 N ADAMS,Review Case for Collections,
9/30/2020,ENV-20-18837,Vegetation,"1609 N ADAMS St, SOUTH BEND IN 46628",1609 N ADAMS,Review Case for Collections,
9/30/2020,ENV-20-18836,Grass and Weeds,"1720 S TAYLOR St, SOUTH BEND IN 46613",1720 S TAYLOR,Review Case for Collections,
9/30/2020,HSG-20-00146,Sub-standard Housing,"610 DUNDEE St, SOUTH BEND IN 46619",610 DUNDEE,Stern Letter Request,
9/30/2020,ENV-20-18835,Grass and Weeds,"201 S KENMORE St, SOUTH BEND IN 46619",201 S KENMORE,Closed,
9/30/2020,ENV-20-18834,Grass and Weeds,"226 S KENMORE St, SOUTH BEND IN",226 S KENMORE,Closed,
9/30/2020,ENV-20-18833,Litter,"225 S KENMORE St, SOUTH BEND IN 46619",225 S KENMORE,Closed,
9/30/2020,ENV-20-18832,Litter,"709 HARRISON Ave, SOUTH BEND IN 46616",709 HARRISON,Closed,
9/30/2020,ENV-20-18831,Vegetation,"718 HARRISON Ave, SOUTH BEND IN 46616",718 HARRISON,Review Case for Collections,
9/30/2020,ENV-20-18830,Litter,"718 HARRISON Ave, SOUTH BEND IN 46616",718 HARRISON,Review Case for Collections,
9/30/2020,ENV-20-18829,Litter,"1013 ALTGELD St, SOUTH BEND IN 46614",1013 ALTGELD,Closed,
9/30/2020,ENV-20-18828,Vegetation,"1615 N WELLINGTON St, SOUTH BEND IN 46628",1615 N WELLINGTON,Closed,
9/30/2020,ENV-20-18827,Vegetation,"1214 N MEADE St, SOUTH BEND IN 46628",1214 N MEADE,Closed,
9/30/2020,ENV-20-18826,Litter,"1608 N WELLINGTON St, SOUTH BEND IN 46628",1608 N WELLINGTON,Closed,
9/30/2020,ENV-20-18825,Grass and Weeds,"2515 HUMBOLDT St, SOUTH BEND IN 46613",2515 HUMBOLDT,Closed,
9/30/2020,ENV-20-18824,Vegetation,"3517 ELWOOD Ave, SOUTH BEND IN 46628",3517 ELWOOD,Closed,
9/30/2020,ENV-20-18823,Litter,"2515 HUMBOLDT St, SOUTH BEND IN 46613",2515 HUMBOLDT,Closed,
9/30/2020,ENV-20-18822,Litter,"1910 LINCOLN Way W, SOUTH BEND IN 466282622",1910 LINCOLN ay,Closed,
9/30/2020,ENV-20-18821,Litter,"1022 E MADISON St, SOUTH BEND IN 46617",1022 E MADISON,Closed,
9/30/2020,ENV-20-18820,Litter,"509 E ECKMAN St, SOUTH BEND IN 46614",509 E ECKMAN,Closed,
9/30/2020,ENV-20-18819,Vegetation,"314 N OLIVE St, SOUTH BEND IN 46616",314 N OLIVE,Review Case for Collections,
9/30/2020,ENV-20-18818,Litter,"2211 E SOLOMON, SOUTH BEND IN 46615",2211 E,Closed,
9/30/2020,ENV-20-18817,Vegetation,"829 N ELMER St, SOUTH BEND IN 46628",829 N ELMER,Review Case for Collections,
9/30/2020,ENV-20-18816,Litter,"814 N OLIVE St, SOUTH BEND IN 46628",814 N OLIVE,Review Case for Collections,
9/30/2020,ENV-20-18815,Litter,"622 E ECKMAN St, SOUTH BEND IN 46614",622 E ECKMAN,Closed,
9/30/2020,ENV-20-18814,Litter,"1721 STERLING St, SOUTH BEND IN 46635",1721 STERLING,Closed,
9/30/2020,ENV-20-18813,Litter,"725 N ELMER St, SOUTH BEND IN 46628",725 N ELMER,Closed,
9/30/2020,ENV-20-18812,Litter,"3107 KETTERING Dr, SOUTH BEND IN 46635",3107 KETTERING,Closed,
9/30/2020,ENV-20-18811,Vegetation,"1121 N ELMER St, SOUTH BEND IN 46628",1121 N ELMER,Review Case for Collections,
9/30/2020,ENV-20-18810,Grass and Weeds,"1121 N ELMER St, SOUTH BEND IN 46628",1121 N ELMER,Closed,
9/30/2020,ENV-20-18809,Litter,"1138 HUEY St, SOUTH BEND IN 46628",1138 HUEY,Closed,
9/30/2020,ENV-20-18808,Grass and Weeds,"919 DOVER Dr, SOUTH BEND IN 46614",919 DOVER,Closed,
9/30/2020,ENV-20-18807,Litter,"2022 W INDIANA Ave, SOUTH BEND IN 46613",2022 W INDIANA,Closed,
9/30/2020,ENV-20-18806,Litter,"1125 N ELMER St, SOUTH BEND IN 46628",1125 N ELMER,Closed,
9/30/2020,ENV-20-18805,Litter,"3422 SORIN St, SOUTH BEND IN 46615",3422 SORIN,Closed,
9/30/2020,ENV-20-18804,Litter,"1154 N OLIVE St, SOUTH BEND IN 46628",1154 N OLIVE,Closed,
9/30/2020,ENV-20-18803,Litter,"3526 CORBY Blvd, SOUTH BEND IN 46615",3526 CORBY,Closed,
9/30/2020,ENV-20-18802,Litter,"1145 N ELMER St, SOUTH BEND IN 46628",1145 N ELMER,Closed,
9/30/2020,ENV-20-18801,Litter,"1133 N ELMER St, SOUTH BEND IN 46628",1133 N ELMER,Closed,
9/30/2020,ENV-20-18800,Vegetation,"1131 N ELMER St, SOUTH BEND IN 46628",1131 N ELMER,Review Case for Collections,
9/30/2020,ENV-20-18799,Litter,"1131 N ELMER St, SOUTH BEND IN 46628",1131 N ELMER,Review Case for Collections,
9/30/2020,ENV-20-18798,Grass and Weeds,"2503 HUMBOLDT St, SOUTH BEND IN 46628",2503 HUMBOLDT,Review Case for Collections,
9/30/2020,ENV-20-18797,Litter,"1801 SOUTH BEND Ave, SOUTH BEND IN 46637",1801 SOUTH BEND,Closed,
9/30/2020,ENV-20-18796,Litter,"3110 E JEFFERSON Blvd, SOUTH BEND IN 46615",3110 E JEFFERSON,Closed,
9/30/2020,ENV-20-18795,Litter,"408 TONTI St, SOUTH BEND IN 46617",408 TONTI,Closed,
9/29/2020,ENV-20-18794,Litter,"1534 VIRGINIA St, SOUTH BEND IN 46613",1534 VIRGINIA,Review Case for Collections,
9/29/2020,ENV-20-18793,Litter,"1805 LEER St, SOUTH BEND IN 46613",1805 LEER,Closed,
9/29/2020,ENV-20-18792,Litter,"1817 LEER St, SOUTH BEND IN 46613",1817 LEER,Closed,
9/29/2020,ENV-20-18791,Litter,"1346 N OLIVE St, SOUTH BEND IN 46628",1346 N OLIVE,Review Case for Collections,
9/29/2020,ENV-20-18790,Litter,"734 N SCOTT St, SOUTH BEND IN 46616",734 N SCOTT,Closed,
9/29/2020,HSG-20-00145,Sub-standard Housing,"215 E FOX St, SOUTH BEND IN 46614",215 E FOX,Hearing Recommended,
9/29/2020,ENV-20-18789,Litter,"726 N SCOTT St, SOUTH BEND IN 46616",726 N SCOTT,Closed,
9/29/2020,ENV-20-18788,Vegetation,"713 N SCOTT St, SOUTH BEND IN 46616",713 N SCOTT,Closed,
9/29/2020,ENV-20-18787,Litter,"1502 HIGH St, SOUTH BEND IN 46613",1502 HIGH,Payment Plan,
9/29/2020,ENV-20-18786,Grass and Weeds,"726 CUSHING St, SOUTH BEND IN 46616",726 CUSHING,Closed,
9/29/2020,ENV-20-18785,Grass and Weeds,"719 PIERCE St, SOUTH BEND IN 46616",719 PIERCE,Closed,
9/29/2020,ENV-20-18784,Litter,"3026 PRAST Blvd, SOUTH BEND IN 46628",3026 PRAST,Closed,
9/29/2020,ENV-20-18783,Litter,"729 CUSHING St, SOUTH BEND IN 46616",729 CUSHING,Closed,
9/29/2020,ENV-20-18782,Litter,"726 CUSHING St, SOUTH BEND IN 46616",726 CUSHING,Closed,
9/29/2020,ENV-20-18781,Grass and Weeds,"718 CUSHING St, SOUTH BEND IN 46616",718 CUSHING,Closed,
9/29/2020,ENV-20-18780,Litter,"1114 OBRIEN St, SOUTH BEND IN 46628",1114 OBRIEN,Review Case for Collections,
9/29/2020,ENV-20-18779,Vegetation,"1114 OBRIEN St, SOUTH BEND IN 46628",1114 OBRIEN,Closed,
9/29/2020,HSG-20-00144,Sub-standard Housing,"205 E IRVINGTON Ave, SOUTH BEND IN 46614",205 E IRVINGTON,Hearing Recommended,
9/29/2020,SEC-20-00203,Secure Property,"613 N SCOTT St, SOUTH BEND IN 46616",613 N SCOTT,Review Case for Collections,
9/29/2020,ENV-20-18778,Grass and Weeds,"728 N ELMER St, SOUTH BEND IN 46628",728 N ELMER,Closed,
9/29/2020,ENV-20-18777,Litter,"709 HUEY St, SOUTH BEND IN 46628",709 HUEY,Closed,
9/29/2020,ENV-20-18776,Litter,"530 N SCOTT St, SOUTH BEND IN 46616",530 N SCOTT,Closed,
9/29/2020,ENV-20-18775,Litter,"1123 N JOHNSON St, SOUTH BEND IN 46628",1123 N JOHNSON,Review Case for Collections,
9/29/2020,ENV-20-18774,Litter,"615 OBRIEN St, SOUTH BEND IN 46614",615 OBRIEN,Closed,
9/29/2020,ENV-20-18773,Vegetation,"615 OBRIEN St, SOUTH BEND IN 46614",615 OBRIEN,Closed,
9/29/2020,ENV-20-18772,Vegetation,"2013 ROGER St, SOUTH BEND IN 46628",2013 ROGER,Closed,
9/29/2020,ENV-20-18771,Litter,"2230 ROGER St, SOUTH BEND IN 46628",2230 ROGER,Closed,
9/29/2020,ENV-20-18770,Grass and Weeds,"511 N JOHNSON St, SOUTH BEND IN 46628",511 N JOHNSON,Closed,
9/29/2020,ENV-20-18769,Grass and Weeds,"2102 BERTRAND St, SOUTH BEND IN 46628",2102 BERTRAND,Review Case for Collections,
9/29/2020,ENV-20-18768,Litter,"2310 BERTRAND St, SOUTH BEND IN 46628",2310 BERTRAND,Closed,
9/29/2020,HSG-20-00143,Sub-standard Housing,"732 E VICTORIA St, SOUTH BEND IN 46614",732 E VICTORIA,In Violation,
9/29/2020,ENV-20-18767,Litter,"2113 KENWOOD Ave, SOUTH BEND IN 46625",2113 KENWOOD,Review Case for Collections,
9/29/2020,ENV-20-18766,Litter,"710 CUSHING St, SOUTH BEND IN 46616",710 CUSHING,Review Case for Collections,
9/29/2020,ENV-20-18765,Litter,"2101 KENWOOD Ave, SOUTH BEND IN 46628",2101 KENWOOD,Closed,
9/29/2020,ENV-20-18764,Grass and Weeds,"710 CUSHING St, SOUTH BEND IN 46616",710 CUSHING,Review Case for Collections,
9/29/2020,ENV-20-18763,Litter,"2007 KENWOOD Ave, SOUTH BEND IN 46628",2007 KENWOOD,Closed,
9/29/2020,ENV-20-18762,Vegetation,"612 CUSHING St, SOUTH BEND IN 46616",612 CUSHING,Review Case for Collections,
9/29/2020,ENV-20-18761,Litter,"615 N SCOTT St, SOUTH BEND IN 46616",615 N SCOTT,Review Case for Collections,
9/29/2020,ENV-20-18760,Litter,"1115 N JOHNSON St, SOUTH BEND IN 46628",1115 N JOHNSON,Closed,
9/29/2020,ENV-20-18759,Litter,"612 CUSHING St, SOUTH BEND IN 46616",612 CUSHING,Review Case for Collections,
9/29/2020,ENV-20-18758,Litter,"1958 N JOHNSON St, SOUTH BEND IN 46628",1958 N JOHNSON,Closed,
9/29/2020,ENV-20-18757,Litter,"2119 BERGAN St, SOUTH BEND IN 46628",2119 BERGAN,Closed,
9/29/2020,HSG-20-00142,Sub-standard Housing,"2020 HIGH St, SOUTH BEND IN 46613",2020 HIGH,Repair Order Affirmed,
9/29/2020,ENV-20-18756,Vegetation,"1802 LEER St, SOUTH BEND IN 46613",1802 LEER,Closed,
9/29/2020,HSG-20-00141,Sub-standard Housing,"702 HANEY Ave, SOUTH BEND IN 46613",702 HANEY,Repair Order Affirmed,
9/29/2020,ENV-20-18755,Litter,"411 CAMDEN St, SOUTH BEND IN 46619",411 CAMDEN,Closed,
9/29/2020,ENV-20-18754,Litter,"1725 HUEY St, SOUTH BEND IN 46628",1725 HUEY,Closed,
9/29/2020,ENV-20-18753,Grass and Weeds,"1604 LONGLEY Ave, SOUTH BEND IN 46628",1604 LONGLEY,Review Case for Collections,
9/29/2020,ENV-20-18752,Grass and Weeds,"1602 LONGLEY Ave, SOUTH BEND IN 46628",1602 LONGLEY,Review Case for Collections,
9/29/2020,ENV-20-18751,Litter,"611 BIRDSELL St, SOUTH BEND IN 46628",611 BIRDSELL,Closed,
9/29/2020,ENV-20-18750,Litter,"1325 RANDOLPH St, SOUTH BEND IN 46613",1325 RANDOLPH,Closed,
9/29/2020,ENV-20-18749,Litter,"327 BIRDSELL St, SOUTH BEND IN 46628",327 BIRDSELL,Review Case for Collections,
9/29/2020,ENV-20-18748,Litter,"1758 OBRIEN St, SOUTH BEND IN 46628",1758 OBRIEN,Closed,
9/29/2020,ENV-20-18747,Vegetation,"1819 LINDEN Ave, SOUTH BEND IN 46628",1819 LINDEN,Review Case for Collections,
9/29/2020,ENV-20-18746,Grass and Weeds,"1815 LINDEN Ave, SOUTH BEND IN 46628",1815 LINDEN,Review Case for Collections,
9/29/2020,ENV-20-18745,Grass and Weeds,"201 S LOGAN St, SOUTH BEND IN 46615",201 S LOGAN,Closed,
9/29/2020,ENV-20-18744,Litter,"216 S SAINT PETER St, SOUTH BEND IN 46617",216 S SAINT PETER,Review Case for Collections,
9/29/2020,ENV-20-18743,Litter,"206 N BROOKFIELD St, SOUTH BEND IN 46628",206 N BROOKFIELD,Closed,
9/29/2020,ENV-20-18742,Litter,"115 E SOUTH St, SOUTH BEND IN 46624",115 E SOUTH,Closed,
9/29/2020,ENV-20-18741,Litter,"1331 RANDOLPH St, SOUTH BEND IN 46613",1331 RANDOLPH,Closed,
9/29/2020,ENV-20-18740,Grass and Weeds,"1016 CLOVER St, SOUTH BEND IN 46615",1016 CLOVER,Closed,
9/29/2020,ENV-20-18739,Grass and Weeds,"1019 CLOVER St, SOUTH BEND IN 46615",1019 CLOVER,Closed,
9/29/2020,HSG-20-00140,Sub-standard Housing,"926 E CALVERT St, SOUTH BEND IN 46613",926 E CALVERT,Repair Order Affirmed,
9/29/2020,ENV-20-18738,Litter,"1707 N OLIVE St, SOUTH BEND IN 46628",1707 N OLIVE,Closed,
9/29/2020,HSG-20-00139,Sub-standard Housing,"930 E CALVERT St, SOUTH BEND IN 46613",930 E CALVERT,Closed,
9/29/2020,ENV-20-18737,Litter,"1602 FREMONT St, SOUTH BEND IN 46628",1602 FREMONT,Review Case for Collections,
9/29/2020,ENV-20-18736,Grass and Weeds,"1505 FREMONT St, SOUTH BEND IN 46628",1505 FREMONT,Review Case for Collections,
9/29/2020,ENV-20-18735,Litter,"1526 FREMONT St, SOUTH BEND IN 46628",1526 FREMONT,Review Case for Collections,
9/29/2020,ENV-20-18734,Litter,"623 S SAINT JOSEPH St, SOUTH BEND IN 46601",623 S SAINT JOSEPH,Closed,
9/29/2020,ENV-20-18733,Grass and Weeds,"623 S SAINT JOSEPH St, SOUTH BEND IN 46601",623 S SAINT JOSEPH,Closed,
9/29/2020,ENV-20-18732,Vegetation,"623 S SAINT JOSEPH St, SOUTH BEND IN 46601",623 S SAINT JOSEPH,Closed,
9/29/2020,ENV-20-18731,Grass and Weeds,"1137 N OLIVE St, SOUTH BEND IN 46628",1137 N OLIVE,Review Case for Collections,
9/29/2020,ENV-20-18730,Grass and Weeds,"1130 N OLIVE St, SOUTH BEND IN 46628",1130 N OLIVE,Closed,
9/29/2020,ENV-20-18729,Vegetation,"1130 N OLIVE St, SOUTH BEND IN 46628",1130 N OLIVE,Closed,
9/29/2020,ENV-20-18728,Litter,"902 ALLEN St, SOUTH BEND IN 46616",902 ALLEN,Closed,
9/29/2020,ENV-20-18727,Litter,"1102 FREMONT St, SOUTH BEND IN 46628",1102 FREMONT,Review Case for Collections,
9/29/2020,ENV-20-18726,Vegetation,"1102 FREMONT St, SOUTH BEND IN 46628",1102 FREMONT,Notice Sent to Owner,
9/29/2020,ENV-20-18725,Vegetation,"1101 N OLIVE St, SOUTH BEND IN 46628",1101 N OLIVE,Closed,
9/29/2020,ENV-20-18724,Grass and Weeds,"104 S 33RD St, SOUTH BEND IN 46615",104 S 33RD,Closed,
9/29/2020,ENV-20-18723,Litter,"214 N WELLINGTON St, SOUTH BEND IN 46619",214 N WELLINGTON,Closed,
9/29/2020,ENV-20-18722,Grass and Weeds,"418 S 27TH St, SOUTH BEND IN 46615",418 S 27TH,Closed,
9/29/2020,ENV-20-18721,Litter,"411 S 27TH St, SOUTH BEND IN 46615",411 S 27TH,Closed,
9/29/2020,ENV-20-18720,Grass and Weeds,"2424 KELLER St, SOUTH BEND IN 46628",2424 KELLER,Review Case for Collections,
9/29/2020,ENV-20-18719,Vegetation,"1617 FREMONT St, SOUTH BEND IN 46628",1617 FREMONT,Review Case for Collections,
9/29/2020,ENV-20-18718,Grass and Weeds,"1333 E CALVERT St, SOUTH BEND IN 46613",1333 E CALVERT,Closed,
9/29/2020,ENV-20-18717,Litter,"1617 FREMONT St, SOUTH BEND IN 46628",1617 FREMONT,Review Case for Collections,
9/29/2020,ENV-20-18716,Grass and Weeds,"1025 S TWYCKENHAM Dr, SOUTH BEND IN 46615",1025 S TWYCKENHAM,Closed,
9/29/2020,ENV-20-18715,Litter,"1111 S TWYCKENHAM Dr, SOUTH BEND IN 46615",1111 S TWYCKENHAM,Closed,
9/29/2020,ENV-20-18714,Litter,"1726 S TWYCKENHAM Dr, SOUTH BEND IN 46613",1726 S TWYCKENHAM,Closed,
9/29/2020,ENV-20-18713,Litter,"2504 KELLER St, SOUTH BEND IN 46628",2504 KELLER,Closed,
9/29/2020,ENV-20-18712,Litter,"1654 N MEADE St, SOUTH BEND IN 46628",1654 N MEADE,Review Case for Collections,
9/29/2020,ENV-20-18711,Litter,"1621 FREMONT St, SOUTH BEND IN 46628",1621 FREMONT,Closed,
9/29/2020,ENV-20-18710,Grass and Weeds,"1229 N MEADE St, SOUTH BEND IN 46628",1229 N MEADE,Closed,
9/29/2020,ENV-20-18709,Grass and Weeds,"2611 HUMBOLDT St, SOUTH BEND IN 46628",2611 HUMBOLDT,Closed,
9/29/2020,ENV-20-18708,Litter,"2611 HUMBOLDT St, SOUTH BEND IN 46628",2611 HUMBOLDT,Closed,
9/29/2020,ENV-20-18707,Vegetation,"2611 HUMBOLDT St, SOUTH BEND IN 46628",2611 HUMBOLDT,Review Case for Collections,
9/29/2020,ENV-20-18706,Litter,"1224 N KALEY St, SOUTH BEND IN 46628",1224 N KALEY,Closed,
9/29/2020,ENV-20-18705,Litter,"1215 RANDOLPH St, SOUTH BEND IN 46613",1215 RANDOLPH,Closed,
9/29/2020,ENV-20-18704,Litter,"1218 E DAYTON St, SOUTH BEND IN 46613",1218 E DAYTON,Closed,
9/29/2020,ENV-20-18703,Litter,"1134 N KALEY St, SOUTH BEND IN 46628",1134 N KALEY,Review Case for Collections,
9/29/2020,ENV-20-18702,Litter,"1124 N KALEY St, SOUTH BEND IN 46613",1124 N KALEY,Closed,
9/29/2020,ENV-20-18701,Litter,"3103 HILLTOP Dr, SOUTH BEND IN 46614",3103 HILLTOP,Closed,
9/29/2020,ENV-20-18700,Litter,"1252 CORBY Blvd, SOUTH BEND IN 46617",1252 CORBY,Review Case for Collections,
9/29/2020,ENV-20-18699,Litter,"715 W WAYNE St, SOUTH BEND IN 46617",715 W WAYNE,Closed,
9/29/2020,ENV-20-18698,Litter,"604 PRESTON Dr, SOUTH BEND IN 46615",604 PRESTON,Closed,
9/29/2020,ENV-20-18697,Vegetation,"710 HOOSE Ct, SOUTH BEND IN 46628",710 HOOSE,Closed,
9/29/2020,ENV-20-18696,Litter,"710 HOOSE Ct, SOUTH BEND IN 46628",710 HOOSE,Closed,
9/29/2020,ENV-20-18695,Vegetation,"717 W WAYNE St, SOUTH BEND IN 46601",717 W WAYNE,Closed,
9/29/2020,ENV-20-18694,Litter,"717 W WAYNE St, SOUTH BEND IN 46601",717 W WAYNE,Closed,
9/29/2020,ENV-20-18693,Litter,"929 WHITEHALL Dr, SOUTH BEND IN 46615",929 WHITEHALL,Closed,
9/29/2020,ENV-20-18692,Litter,"3517 CORBY Blvd, SOUTH BEND IN 46615",3517 CORBY,Closed,
9/29/2020,ENV-20-18691,Litter,"234 CHAPIN St, Unit A, SOUTH BEND IN 46601",234 CHAPIN,Closed,
9/29/2020,ENV-20-18690,Grass and Weeds,"2013 LEER St, SOUTH BEND IN 46613",2013 LEER,Closed,
9/29/2020,ENV-20-18689,Litter,"314 E BOWMAN St, SOUTH BEND IN 46613",314 E BOWMAN,Review Case for Collections,
9/29/2020,ENV-20-18688,Litter,"1152 MANCHESTER Dr, SOUTH BEND IN 46615",1152 MANCHESTER,Closed,
9/29/2020,ENV-20-18687,Grass and Weeds,"2017 LEER St, SOUTH BEND IN 46614",2017 LEER,Closed,
9/29/2020,ENV-20-18686,Litter,"3114 REXFORD Dr, SOUTH BEND IN 46615",3114 REXFORD,Closed,
9/29/2020,ENV-20-18685,Litter,"3038 REXFORD Dr, SOUTH BEND IN 46615",3038 REXFORD,Closed,
9/29/2020,ENV-20-18684,Litter,"2519 MACARTHUR Ave, SOUTH BEND IN 46615",2519 MACARTHUR,Closed,
9/29/2020,ENV-20-18683,Litter,"1158 E DONALD St, SOUTH BEND IN 46613",1158 E DONALD,Closed,
9/28/2020,ENV-20-18682,Litter,"634 PENNSYLVANIA Ave, SOUTH BEND IN 46601",634 PENNSYLVANIA,Closed,
9/28/2020,ENV-20-18681,Litter,"1509 VIRGINIA St, SOUTH BEND IN 46613",1509 VIRGINIA,Closed,
9/28/2020,ENV-20-18680,Litter,"501 STUDEBAKER St, SOUTH BEND IN 46628",501 STUDEBAKER,Closed,
9/28/2020,ENV-20-18679,Litter,"2408 ERSKINE Blvd, SOUTH BEND IN 46614",2408 ERSKINE,Review Case for Collections,
9/28/2020,ENV-20-18678,Litter,"514 STUDEBAKER St, SOUTH BEND IN 46628",514 STUDEBAKER,Closed,
9/28/2020,ENV-20-18677,Grass and Weeds,"1203 E INDIANA Ave, SOUTH BEND IN 46613",1203 E INDIANA,Review Case for Collections,
9/28/2020,ENV-20-18676,Litter,"1503 LEER St, SOUTH BEND IN 46613",1503 LEER,Closed,
9/28/2020,ENV-20-18675,Litter,"1637 LINCOLN Way W, SOUTH BEND IN 466282642",1637 LINCOLN ay,Closed,
9/28/2020,HSG-20-00138,Sub-standard Housing,"115 E LASALLE Ave, SOUTH BEND IN 46601",115 E LASALLE,Repair Agreement Signed,
9/28/2020,ENV-20-18674,Litter,"1709 SIBLEY Ave, SOUTH BEND IN 46619",1709 SIBLEY,Review Case for Collections,
9/28/2020,ENV-20-18673,Litter,"1416 LINDEN Ave, SOUTH BEND IN 46628",1416 LINDEN,Review Case for Collections,
9/28/2020,ENV-20-18672,Litter,"1418 LINDEN Ave, SOUTH BEND IN 46628",1418 LINDEN,Closed,
9/28/2020,HSG-20-00137,Sub-standard Housing,"1416 FASSNACHT Ave, SOUTH BEND IN 46628",1416 FASSNACHT,Closed,
9/28/2020,ENV-20-18671,Litter,"728 PORTAGE Ave, SOUTH BEND IN 46635",728 PORTAGE,Review Case for Collections,
9/28/2020,ENV-20-18670,Litter,"2333 KENWOOD Ave, SOUTH BEND IN 46624",2333 KENWOOD,Review Case for Collections,
9/28/2020,ENV-20-18669,Litter,"2329 KENWOOD Ave, SOUTH BEND IN 46628",2329 KENWOOD,Review Case for Collections,
9/28/2020,ENV-20-18668,Grass and Weeds,"1645 OBRIEN St, SOUTH BEND IN 46628",1645 OBRIEN,Review Case for Collections,
9/28/2020,ENV-20-18667,Grass and Weeds,"1642 N ELMER St, SOUTH BEND IN 46628",1642 N ELMER,Closed,
9/28/2020,ENV-20-18666,Grass and Weeds,"1637 N ELMER St, SOUTH BEND IN 46628",1637 N ELMER,Review Case for Collections,
9/28/2020,ENV-20-18665,Grass and Weeds,"1016 N OLIVE St, SOUTH BEND IN 46613",1016 N OLIVE,Review Case for Collections,
9/28/2020,ENV-20-18664,Vegetation,"3210 PLEASANT St, SOUTH BEND IN 46615",3210 PLEASANT,Closed,
9/28/2020,ENV-20-18663,Grass and Weeds,"1014 N OLIVE St, SOUTH BEND IN 46628",1014 N OLIVE,Review Case for Collections,
9/28/2020,ENV-20-18662,Litter,"1307 S 33RD St, SOUTH BEND IN 46615",1307 S 33RD,Closed,
9/28/2020,ENV-20-18661,Litter,"2405 LINCOLN Way W, SOUTH BEND IN 466281915",2405 LINCOLN ay,Review Case for Collections,
9/28/2020,ENV-20-18660,Grass and Weeds,"1307 S 33RD St, SOUTH BEND IN 46615",1307 S 33RD,Closed,
9/28/2020,ENV-20-18659,Litter,"1306 JOYCE Dr, SOUTH BEND IN 46616",1306 JOYCE,Closed,
9/28/2020,ENV-20-18658,Litter,"913 BEALE St, SOUTH BEND IN 46616",913 BEALE,Closed,
9/28/2020,ENV-20-18657,Litter,"1021 ROOSEVELT St, SOUTH BEND IN 46616",1021 ROOSEVELT,Closed,
9/28/2020,ENV-20-18656,Grass and Weeds,"2517 PRAST Blvd, SOUTH BEND IN 46628",2517 PRAST,Review Case for Collections,
9/28/2020,ENV-20-18655,Litter,"1025 W ROSE St, SOUTH BEND IN 46616",1025 W ROSE,Closed,
9/28/2020,ENV-20-18654,Litter,"1028 KINYON St, SOUTH BEND IN 46616",1028 KINYON,Closed,
9/28/2020,ENV-20-18653,Litter,"1031 N QUEEN St, SOUTH BEND IN 46628",1031 N QUEEN,Closed,
9/28/2020,ENV-20-18652,Grass and Weeds,"1102 KINYON St, SOUTH BEND IN 46616",1102 KINYON,Closed,
9/28/2020,ENV-20-18651,Vegetation,"2021 W HAMILTON, SOUTH BEND IN 46628",2021 W,Closed,
9/28/2020,ENV-20-18650,Grass and Weeds,"5515 ABSHIRE Dr, SOUTH BEND IN 46614",5515 ABSHIRE,Closed,
9/28/2020,ENV-20-18649,Litter,"1158 E CALVERT St, SOUTH BEND IN 46613",1158 E CALVERT,Closed,
9/28/2020,ENV-20-18648,Litter,"1202 QUEEN St, SOUTH BEND IN 46616",1202 QUEEN,Closed,
9/28/2020,ENV-20-18647,Litter,"2226 LONGLEY Ave, SOUTH BEND IN 46628",2226 LONGLEY,Closed,
9/28/2020,ENV-20-18646,Litter,"1905 LINDEN Ave, SOUTH BEND IN 46628",1905 LINDEN,Closed,
9/28/2020,ENV-20-18645,Litter,"513 S 26TH St, SOUTH BEND IN 46615",513 S 26TH,Closed,
9/28/2020,ENV-20-18644,Grass and Weeds,"2123 LINDEN Ave, SOUTH BEND IN 46628",2123 LINDEN,Review Case for Collections,
9/28/2020,ENV-20-18643,Litter,"1317 S 31 St, SOUTH BEND IN 46615",1317 S 31,Closed,
9/28/2020,ENV-20-18642,Litter,"2206 KENWOOD Ave, SOUTH BEND IN 46637",2206 KENWOOD,Closed,
9/28/2020,ENV-20-18641,Vegetation,"621 S 32ND St, SOUTH BEND IN 46615",621 S 32ND,Closed,
9/28/2020,ENV-20-18640,Litter,"722 N JOHNSON St, SOUTH BEND IN 46628",722 N JOHNSON,Closed,
9/28/2020,ENV-20-18639,Litter,"639 N BROOKFIELD St, SOUTH BEND IN 46628",639 N BROOKFIELD,Review Case for Collections,
9/28/2020,ENV-20-18638,Litter,"504 N MAIN St, SOUTH BEND IN 46601",504 N MAIN,Review Case for Collections,
9/28/2020,ENV-20-18637,Grass and Weeds,"2530 BONDS Ave, SOUTH BEND IN 46628",2530 BONDS,Closed,
9/28/2020,ENV-20-18636,Grass and Weeds,"1009 N MEADE St, SOUTH BEND IN 46628",1009 N MEADE,Closed,
9/28/2020,ENV-20-18635,Litter,"1018 S 34TH St, SOUTH BEND IN 46615",1018 S 34TH,Closed,
9/28/2020,ENV-20-18634,Grass and Weeds,"3001 WESTMOOR St, SOUTH BEND IN 46628",3001 WESTMOOR,Closed,
9/28/2020,ENV-20-18633,Grass and Weeds,"3002 FREDERICKSON St, SOUTH BEND IN 46628",3002 FREDERICKSON,Closed,
9/28/2020,ENV-20-18632,Grass and Weeds,"716 MARQUETTE Ave, SOUTH BEND IN 46617",716 MARQUETTE,Closed,
9/28/2020,ENV-20-18631,Grass and Weeds,"747 W NORTH SHORE Dr, SOUTH BEND IN 46617",747 W NORTH SHORE,Closed,
9/28/2020,ENV-20-18630,Grass and Weeds,"735 W NORTH SHORE Dr, SOUTH BEND IN 46617",735 W NORTH SHORE,Closed,
9/28/2020,ENV-20-18629,Grass and Weeds,"1401 N BENDIX Dr, SOUTH BEND IN 46628",1401 N BENDIX,Closed,
9/28/2020,ENV-20-18628,Grass and Weeds,"837 W NORTH SHORE Dr, SOUTH BEND IN 46617",837 W NORTH SHORE,Review Case for Collections,
9/25/2020,ENV-20-18627,Grass and Weeds,"126 N WALNUT St, SOUTH BEND IN 46601",126 N WALNUT,Review Case for Collections,
9/25/2020,ENV-20-18626,Litter,"1430 MINER St, SOUTH BEND IN 46617",1430 MINER,Closed,
9/25/2020,ENV-20-18625,Litter,"126 HANEY Ave, SOUTH BEND IN 46618",126 HANEY,Closed,
9/25/2020,ENV-20-18624,Litter,"806 S 26TH St, SOUTH BEND IN 46615",806 S 26TH,Review Case for Collections,
9/25/2020,ENV-20-18623,Litter,"701 N JOHNSON St, SOUTH BEND IN 46628",701 N JOHNSON,Review Case for Collections,
9/25/2020,ENV-20-18622,Litter,"706 OBRIEN St, SOUTH BEND IN 46628",706 OBRIEN,Review Case for Collections,
9/25/2020,SEC-20-00202,Secure Property,"2005 BERGAN St, SOUTH BEND IN 46628",2005 BERGAN,Closed,
9/25/2020,ENV-20-18621,Vegetation,"636 OBRIEN St, SOUTH BEND IN 46628",636 OBRIEN,Review Case for Collections,
9/25/2020,ENV-20-18620,Litter,"636 OBRIEN St, SOUTH BEND IN 46628",636 OBRIEN,Review Case for Collections,
9/25/2020,ENV-20-18619,Grass and Weeds,"1508 W WESTERN Ave, SOUTH BEND IN 46619",1508 W WESTERN,Review Case for Collections,
9/25/2020,ENV-20-18618,Grass and Weeds,"1520 W HURON St, SOUTH BEND IN 46615",1520 W HURON,Closed,
9/25/2020,ENV-20-18617,Grass and Weeds,"1508 W WESTERN Ave, SOUTH BEND IN 46619",1508 W WESTERN,Closed,
9/25/2020,ENV-20-18616,Litter,"1614 FREMONT St, SOUTH BEND IN 46628",1614 FREMONT,Closed,
9/25/2020,ENV-20-18615,Grass and Weeds,"3113 BOYNTON Ave, SOUTH BEND IN 46615",3113 BOYNTON,Closed,
9/25/2020,ENV-20-18614,Grass and Weeds,"3108 BOYNTON Ave, SOUTH BEND IN 46615",3108 BOYNTON,Closed,
9/25/2020,ENV-20-18613,Grass and Weeds,"3108 BOYNTON Ave, SOUTH BEND IN 46615",3108 BOYNTON,Closed,
9/25/2020,ENV-20-18612,Litter,"3012 EDISON Rd, SOUTH BEND IN 46615",3012 EDISON,Closed,
9/25/2020,ENV-20-18611,Litter,"428 N SUNNYSIDE Ave, SOUTH BEND IN 46617",428 N SUNNYSIDE,Closed,
9/25/2020,ENV-20-18610,Grass and Weeds,"916 GREENVIEW Ave, SOUTH BEND IN 46619",916 GREENVIEW,Review Case for Collections,
9/25/2020,ENV-20-18609,Litter,"2217 KENWOOD Ave, SOUTH BEND IN 46628",2217 KENWOOD,Closed,
9/25/2020,ENV-20-18608,Litter,"2217 KENWOOD Ave, SOUTH BEND IN 46628",2217 KENWOOD,Closed,
9/25/2020,ENV-20-18607,Grass and Weeds,"2318 ROGER St, SOUTH BEND IN 46628",2318 ROGER,Closed,
9/25/2020,ENV-20-18606,Litter,"2017 W SAMPLE St, SOUTH BEND IN 46619",2017 W SAMPLE,Closed,
9/25/2020,ENV-20-18605,Vegetation,"2017 W SAMPLE St, SOUTH BEND IN 46619",2017 W SAMPLE,Closed,
9/25/2020,ENV-20-18604,Grass and Weeds,"2213 ROGER St, SOUTH BEND IN 46628",2213 ROGER,Closed,
9/25/2020,ENV-20-18603,Grass and Weeds,"2204 ROGER St, SOUTH BEND IN 46628",2204 ROGER,Closed,
9/25/2020,ENV-20-18602,Grass and Weeds,"823 S BROOKFIELD, SOUTH BEND IN 46619",823 S,Review Case for Collections,
9/25/2020,ENV-20-18601,Litter,"4115 W WASHINGTON St, SOUTH BEND IN 46619",4115 W WASHINGTON,Closed,
9/25/2020,ENV-20-18600,Vegetation,"827 PULASKI St, SOUTH BEND IN 46619",827 PULASKI,Closed,
9/25/2020,ENV-20-18599,Litter,"827 PULASKI St, SOUTH BEND IN 46619",827 PULASKI,Closed,
9/25/2020,ENV-20-18598,Litter,"1801 W SAMPLE St, SOUTH BEND IN 46617",1801 W SAMPLE,Closed,
9/25/2020,ENV-20-18597,Litter,"203 N ALBERT Ave, SOUTH BEND IN 46619",203 N ALBERT,Closed,
9/25/2020,ENV-20-18596,Vegetation,"839 S JACKSON St, SOUTH BEND IN 46619",839 S JACKSON,Closed,
9/25/2020,ENV-20-18595,Grass and Weeds,"2118 S WARREN St, SOUTH BEND IN 46613",2118 S WARREN,Closed,
9/25/2020,ENV-20-18594,Grass and Weeds,"1715 DUNHAM St, SOUTH BEND IN 46619",1715 DUNHAM,Review Case for Collections,
9/25/2020,ENV-20-18593,Litter,"2118 S WARREN St, SOUTH BEND IN 46613",2118 S WARREN,Hearing Scheduled,
9/25/2020,ENV-20-18592,Grass and Weeds,"1706 DUNHAM St, SOUTH BEND IN 46619",1706 DUNHAM,Review Case for Collections,
9/25/2020,ENV-20-18591,Grass and Weeds,"1708 DUNHAM St, SOUTH BEND IN 46619",1708 DUNHAM,Review Case for Collections,
9/25/2020,ENV-20-18590,Grass and Weeds,"1635 DUNHAM St, SOUTH BEND IN 46619",1635 DUNHAM,Closed,
9/25/2020,ENV-20-18589,Grass and Weeds,"1614 DUNHAM St, SOUTH BEND IN 46619",1614 DUNHAM,Review Case for Collections,
9/25/2020,ENV-20-18588,Litter,"1516 FISHER St, SOUTH BEND IN 46619",1516 FISHER,Closed,
9/25/2020,ENV-20-18587,Vegetation,"1514 FISHER St, SOUTH BEND IN 46619",1514 FISHER,Review Case for Collections,
9/25/2020,ENV-20-18586,Vegetation,"1512 FISHER St, SOUTH BEND IN 46619",1512 FISHER,Review Case for Collections,
9/25/2020,ENV-20-18585,Litter,"5005 LINDENWOOD Dr W, SOUTH BEND IN 46637",5005 LINDENOOD Dr,Closed,
9/25/2020,ENV-20-18584,Grass and Weeds,"718 HARRIS St, SOUTH BEND IN 46619",718 HARRIS,Review Case for Collections,
9/25/2020,ENV-20-18583,Grass and Weeds,"1344 FORD St, SOUTH BEND IN 46619",1344 FORD,Closed,
9/25/2020,ENV-20-18582,Grass and Weeds,"1358 FISHER St, SOUTH BEND IN 46619",1358 FISHER,Review Case for Collections,
9/25/2020,ENV-20-18581,Vegetation,"1321 W SAMPLE St, SOUTH BEND IN 46619",1321 W SAMPLE,Closed,
9/25/2020,ENV-20-18580,Litter,"1323 W SAMPLE St, SOUTH BEND IN 46619",1323 W SAMPLE,Closed,
9/25/2020,ENV-20-18579,Grass and Weeds,"1323 W SAMPLE St, SOUTH BEND IN 46619",1323 W SAMPLE,Closed,
9/25/2020,ENV-20-18578,Vegetation,"1327 W SAMPLE St, SOUTH BEND IN 46619",1327 W SAMPLE,Review Case for Collections,
9/25/2020,ENV-20-18577,Grass and Weeds,"1327 W SAMPLE St, SOUTH BEND IN 46619",1327 W SAMPLE,Review Case for Collections,
9/25/2020,ENV-20-18576,Litter,"2005 BERGAN St, SOUTH BEND IN 46628",2005 BERGAN,Closed,
9/25/2020,ENV-20-18575,Litter,"424 CAMDEN St, SOUTH BEND IN 46619",424 CAMDEN,Closed,
9/25/2020,ENV-20-18574,Grass and Weeds,"2232 BERTRAND St, SOUTH BEND IN 46628",2232 BERTRAND,Review Case for Collections,
9/25/2020,ENV-20-18574,Grass and Weeds,"2232 BERTRAND St, SOUTH BEND IN 46628",2232 BERTRAND,Review Case for Collections,
9/25/2020,ENV-20-18573,Litter,"440 CAMDEN St, SOUTH BEND IN 46619",440 CAMDEN,Closed,
9/25/2020,ENV-20-18572,Litter,"1534 MEDORA St, SOUTH BEND IN 46628",1534 MEDORA,Closed,
9/25/2020,ENV-20-18571,Grass and Weeds,"1534 MEDORA St, SOUTH BEND IN 46628",1534 MEDORA,Closed,
9/25/2020,ENV-20-18570,Litter,"811 S ARNOLD St, SOUTH BEND IN 46619",811 S ARNOLD,Review Case for Collections,
9/25/2020,ENV-20-18569,Litter,"1405 PORTAGE Ave, SOUTH BEND IN 0",1405 PORTAGE,Closed,
9/25/2020,ENV-20-18568,Grass and Weeds,"715 E INDIANA Ave, SOUTH BEND IN 46613",715 E INDIANA,Closed,
9/24/2020,ENV-20-18567,Litter,"415 SHERMAN Ave, SOUTH BEND IN 46616",415 SHERMAN,Closed,
9/24/2020,ENV-20-18566,Litter,"518 S WARREN St, SOUTH BEND IN 46619",518 S WARREN,Closed,
9/24/2020,ENV-20-18565,Litter,"2206 MIAMI St, SOUTH BEND IN 46613",2206 MIAMI,Closed,
9/24/2020,ENV-20-18564,Litter,"442 S WARREN St, SOUTH BEND IN 46619",442 S WARREN,Closed,
9/24/2020,ENV-20-18563,Litter,"2524 S MICHIGAN St, SOUTH BEND IN 46614",2524 S MICHIGAN,Closed,
9/24/2020,ENV-20-18562,Grass and Weeds,"1522 RENFREW Dr, SOUTH BEND IN 46614",1522 RENFREW,Closed,
9/24/2020,ENV-20-18561,Grass and Weeds,"758 N ELMER St, SOUTH BEND IN 46628",758 N ELMER,Review Case for Collections,
9/24/2020,ENV-20-18560,Vegetation,"1629 E BOWMAN St, SOUTH BEND IN 46613",1629 E BOWMAN,Closed,
9/24/2020,ENV-20-18559,Grass and Weeds,"2016 FREDERICKSON St, SOUTH BEND IN 46628",2016 FREDERICKSON,Closed,
9/24/2020,ENV-20-18558,Grass and Weeds,"2012 FREDERICKSON St, SOUTH BEND IN 46628",2012 FREDERICKSON,Review Case for Collections,
9/24/2020,ENV-20-18557,Litter,"1412 VAN BUREN St, SOUTH BEND IN 46628",1412 VAN BUREN,Closed,
9/24/2020,ENV-20-18556,Litter,"708 OBRIEN St, SOUTH BEND IN 46628",708 OBRIEN,Closed,
9/24/2020,ENV-20-18555,Grass and Weeds,"1819 LINDEN Ave, SOUTH BEND IN 46628",1819 LINDEN,Review Case for Collections,
9/24/2020,ENV-20-18554,Litter,"2922 SUNNYMEDE Ave, SOUTH BEND IN 46615",2922 SUNNYMEDE,Closed,
9/24/2020,ENV-20-18553,Vegetation,"918 N ADAMS St, SOUTH BEND IN 46628",918 N ADAMS,Closed,
9/24/2020,ENV-20-18552,Vegetation,"920 N ADAMS St, SOUTH BEND IN 46628",920 N ADAMS,Review Case for Collections,
9/24/2020,ENV-20-18551,Grass and Weeds,"2513 BERTRAND St, SOUTH BEND IN 46628",2513 BERTRAND,Closed,
9/24/2020,ENV-20-18550,Grass and Weeds,"926 N ADAMS St, SOUTH BEND IN 46628",926 N ADAMS,Closed,
9/24/2020,ENV-20-18549,Grass and Weeds,"2509 BERTRAND St, SOUTH BEND IN 46628",2509 BERTRAND,Review Case for Collections,
9/24/2020,ENV-20-18548,Grass and Weeds,"2501 BERTRAND St, SOUTH BEND IN 46628",2501 BERTRAND,Review Case for Collections,
9/24/2020,ENV-20-18547,Litter,"916 N ADAMS St, SOUTH BEND IN 46628",916 N ADAMS,Closed,
9/24/2020,ENV-20-18546,Grass and Weeds,"913 WILBER St, SOUTH BEND IN 46628",913 WILBER,Closed,
9/24/2020,ENV-20-18545,Grass and Weeds,"906 N ADAMS St, SOUTH BEND IN 46628",906 N ADAMS,Review Case for Collections,
9/24/2020,ENV-20-18544,Litter,"906 N ADAMS St, SOUTH BEND IN 46628",906 N ADAMS,Review Case for Collections,
9/24/2020,ENV-20-18543,Grass and Weeds,"411 DUNDEE St, SOUTH BEND IN 46619",411 DUNDEE,Closed,
9/24/2020,ENV-20-18542,Grass and Weeds,"729 E BROADWAY St, SOUTH BEND IN 46601",729 E BROADWAY,Review Case for Collections,
9/24/2020,ENV-20-18541,Litter,"1114 QUEEN St, SOUTH BEND IN 46628",1114 QUEEN,Closed,
9/24/2020,ENV-20-18540,Litter,"1414 MIAMI St, SOUTH BEND IN 46613",1414 MIAMI,Closed,
9/24/2020,ENV-20-18539,Grass and Weeds,"831 WILBER St, SOUTH BEND IN 46628",831 WILBER,Closed,
9/24/2020,ENV-20-18538,Grass and Weeds,"820 N ADAMS St, SOUTH BEND IN 46628",820 N ADAMS,Closed,
9/24/2020,ENV-20-18537,Grass and Weeds,"822 N ADAMS St, SOUTH BEND IN 46628",822 N ADAMS,Review Case for Collections,
9/24/2020,ENV-20-18536,Litter,"822 N ADAMS St, SOUTH BEND IN 46628",822 N ADAMS,Review Case for Collections,
9/24/2020,ENV-20-18535,Vegetation,"820 N ADAMS St, SOUTH BEND IN 46628",820 N ADAMS,Closed,
9/24/2020,ENV-20-18534,Litter,"831 WILBER St, SOUTH BEND IN 46628",831 WILBER,Open for Collections,
9/24/2020,ENV-20-18533,Vegetation,"829 WILBER St, SOUTH BEND IN 46628",829 WILBER,Closed,
9/24/2020,ENV-20-18532,Litter,"840 WEBSTER St, SOUTH BEND IN 46619",840 WEBSTER,Closed,
9/24/2020,ENV-20-18531,Vegetation,"2017 SWYGART Ave, SOUTH BEND IN 46613",2017 SWYGART,Closed,
9/24/2020,ENV-20-18530,Grass and Weeds,"2017 SWYGART Ave, SOUTH BEND IN 46613",2017 SWYGART,Closed,
9/24/2020,ENV-20-18529,Litter,"1906 S WALNUT St, SOUTH BEND IN 46613",1906 S WALNUT,Closed,
9/24/2020,ENV-20-18528,Litter,"929 WHITEHALL Dr, SOUTH BEND IN 46615",929 WHITEHALL,Closed,
9/24/2020,ENV-20-18527,Litter,"1900 S WALNUT St, SOUTH BEND IN 46601",1900 S WALNUT,Closed,
9/24/2020,ENV-20-18526,Litter,"3407 OXFORD Ln, SOUTH BEND IN 46615",3407 OXFORD,Closed,
9/24/2020,ENV-20-18525,Litter,"1925 SWYGART Ave, SOUTH BEND IN 46613",1925 SWYGART,Closed,
9/24/2020,ENV-20-18524,Litter,"1917 SWYGART Ave, SOUTH BEND IN 46613",1917 SWYGART,Review Case for Collections,
9/24/2020,ENV-20-18523,Litter,"618 E SOUTH, SOUTH BEND IN 46601",618 E,Review Case for Collections,
9/24/2020,ENV-20-18522,Litter,"608 E SOUTH St, SOUTH BEND IN 46601",608 E SOUTH,Closed,
9/24/2020,ENV-20-18521,Grass and Weeds,"2200 MCKINLEY Ave, SOUTH BEND IN 46615",2200 MCKINLEY,Closed,
9/24/2020,ENV-20-18520,Litter,"742 LIBERTY St, SOUTH BEND IN 46619",742 LIBERTY,Review Case for Collections,
9/24/2020,ENV-20-18519,Litter,"717 S BENDIX Dr, SOUTH BEND IN 46619",717 S BENDIX,Closed,
9/24/2020,ENV-20-18518,Vegetation,"714 LIBERTY St, SOUTH BEND IN 46619",714 LIBERTY,Hearing Scheduled,
9/24/2020,ENV-20-18517,Grass and Weeds,"754 LIBERTY St, SOUTH BEND IN 46619",754 LIBERTY,Review Case for Collections,
9/24/2020,ENV-20-18516,Litter,"821 S BENDIX Dr, SOUTH BEND IN 46619",821 S BENDIX,Closed,
9/24/2020,ENV-20-18515,Grass and Weeds,"805 S BENDIX Dr, SOUTH BEND IN 46619",805 S BENDIX,Closed,
9/24/2020,ENV-20-18514,Litter,"801 S BENDIX Dr, SOUTH BEND IN 46619",801 S BENDIX,Closed,
9/24/2020,ENV-20-18513,Litter,"1020 SORIN St, SOUTH BEND IN 46617",1020 SORIN,Review Case for Collections,
9/24/2020,ENV-20-18512,Litter,"604 CLEVELAND Ave, SOUTH BEND IN 46628",604 CLEVELAND,Review Case for Collections,
9/24/2020,ENV-20-18511,Litter,"433 S BENDIX Dr, SOUTH BEND IN 46619",433 S BENDIX,Closed,
9/24/2020,ENV-20-18510,Grass and Weeds,"934 SORIN St, SOUTH BEND IN 46617",934 SORIN,Closed,
9/24/2020,ENV-20-18509,Litter,"932 SORIN St, SOUTH BEND IN 46616",932 SORIN,Closed,
9/24/2020,ENV-20-18508,Grass and Weeds,"932 SORIN St, SOUTH BEND IN 46616",932 SORIN,Review Case for Collections,
9/24/2020,ENV-20-18507,Grass and Weeds,"822 SORIN St, SOUTH BEND IN 46617",822 SORIN,Closed,
9/24/2020,ENV-20-18506,Litter,"1138 N KENTUCKY St, SOUTH BEND IN 46619",1138 N KENTUCKY,Closed,
9/24/2020,ENV-20-18505,Litter,"1134 N KENTUCKY St, SOUTH BEND IN 46628",1134 N KENTUCKY,Closed,
9/24/2020,ENV-20-18504,Grass and Weeds,"2602 W WASHINGTON St, SOUTH BEND IN 46628",2602 W WASHINGTON,Review Case for Collections,
9/24/2020,ENV-20-18503,Litter,"108 S MEADE St, SOUTH BEND IN 46619",108 S MEADE,Closed,
9/24/2020,ENV-20-18502,Vegetation,"2602 W WASHINGTON St, SOUTH BEND IN 46628",2602 W WASHINGTON,Review Case for Collections,
9/24/2020,ENV-20-18501,Litter,"1159 LAKEWOOD Dr, SOUTH BEND IN 46614",1159 LAKEWOOD,Closed,
9/24/2020,ENV-20-18500,Litter,"111 S MEADE St, SOUTH BEND IN 46619",111 S MEADE,Review Case for Collections,
9/24/2020,ENV-20-18499,Grass and Weeds,"1154 LAKEWOOD Dr, SOUTH BEND IN 46614",1154 LAKEWOOD,Closed,
9/24/2020,ENV-20-18498,Grass and Weeds,"1160 LAKEWOOD Dr, SOUTH BEND IN 46614",1160 LAKEWOOD,Closed,
9/24/2020,ENV-20-18497,Grass and Weeds,"723 COTTAGE GROVE Ave, SOUTH BEND IN 46616",723 COTTAGE GROVE,Closed,
9/24/2020,ENV-20-18496,Litter,"723 COTTAGE GROVE Ave, SOUTH BEND IN 46616",723 COTTAGE GROVE,Closed,
9/24/2020,ENV-20-18495,Vegetation,"2174 PARKVIEW Pl, SOUTH BEND IN 46616",2174 PARKVIEW,Notice Sent to Owner,
9/24/2020,ENV-20-18494,Grass and Weeds,"752 HARRISON Ave, SOUTH BEND IN 46616",752 HARRISON,Closed,
9/24/2020,ENV-20-18493,Grass and Weeds,"829 N ELMER St, SOUTH BEND IN 46628",829 N ELMER,Review Case for Collections,
9/24/2020,ENV-20-18492,Litter,"824 SHERMAN Ave, SOUTH BEND IN 46616",824 SHERMAN,Review Case for Collections,
9/24/2020,ENV-20-18491,Litter,"1025 E CALVERT St, SOUTH BEND IN 46613",1025 E CALVERT,Closed,
9/24/2020,ENV-20-18490,Litter,"1258 ELWOOD Ave, SOUTH BEND IN 46680",1258 ELWOOD,Closed,
9/24/2020,ENV-20-18489,Vegetation,"927 E DAYTON St, SOUTH BEND IN 46613",927 E DAYTON,Billed,
9/24/2020,ENV-20-18488,Grass and Weeds,"1335 PORTAGE Ave, SOUTH BEND IN 46628",1335 PORTAGE,Closed,
9/23/2020,ENV-20-18487,Litter,"2108 MIAMI St, SOUTH BEND IN 46614",2108 MIAMI,Review Case for Collections,
9/23/2020,ENV-20-18486,Litter,"820 E FOX St, SOUTH BEND IN 46613",820 E FOX,Closed,
9/23/2020,ENV-20-18485,Litter,"811 E FOX St, SOUTH BEND IN 46613",811 E FOX,Closed,
9/23/2020,ENV-20-18484,Grass and Weeds,"1213 MCCARTNEY St, SOUTH BEND IN 46616",1213 MCCARTNEY,Closed,
9/23/2020,ENV-20-18483,Litter,"401 S BENDIX Dr, SOUTH BEND IN 46620",401 S BENDIX,Closed,
9/23/2020,ENV-20-18482,Vegetation,"925 LAWNDALE Ave, SOUTH BEND IN 46628",925 LAWNDALE,Closed,
9/23/2020,ENV-20-18481,Vegetation,"2918 HARTZER St, SOUTH BEND IN 46628",2918 HARTZER,Closed,
9/23/2020,ENV-20-18480,Grass and Weeds,"1614 MARINE St, SOUTH BEND IN 46613",1614 MARINE,Closed,
9/23/2020,ENV-20-18479,Litter,"1614 MARINE St, SOUTH BEND IN 46613",1614 MARINE,Closed,
9/23/2020,ENV-20-18478,Grass and Weeds,"1652 W INDIANA Ave, SOUTH BEND IN 46613",1652 W INDIANA,Closed,
9/23/2020,ENV-20-18477,Vegetation,"2709 HARTZER St, SOUTH BEND IN 46628",2709 HARTZER,Closed,
9/23/2020,ENV-20-18476,Litter,"925 LAWNDALE Ave, SOUTH BEND IN 46628",925 LAWNDALE,Closed,
9/23/2020,ENV-20-18475,Grass and Weeds,"822 N OLIVE St, SOUTH BEND IN 46628",822 N OLIVE,Closed,
9/23/2020,ENV-20-18474,Grass and Weeds,"2525 PRAST Blvd, SOUTH BEND IN 46628",2525 PRAST,Closed,
9/23/2020,ENV-20-18473,Litter,"1940 CHURCHILL Dr, SOUTH BEND IN 46617",1940 CHURCHILL,Closed,
9/23/2020,ENV-20-18472,Grass and Weeds,"2706 FREDERICKSON St, SOUTH BEND IN 46628",2706 FREDERICKSON,Closed,
9/23/2020,ENV-20-18471,Grass and Weeds,"2518 FREDERICKSON St, SOUTH BEND IN 46628",2518 FREDERICKSON,Review Case for Collections,
9/23/2020,ENV-20-18470,Grass and Weeds,"2502 FREDERICKSON St, SOUTH BEND IN 46628",2502 FREDERICKSON,Review Case for Collections,
9/23/2020,ENV-20-18469,Grass and Weeds,"2125 BERTRAND St, SOUTH BEND IN 46628",2125 BERTRAND,Review Case for Collections,
9/23/2020,ENV-20-18468,Grass and Weeds,"2119 BERTRAND St, SOUTH BEND IN 46628",2119 BERTRAND,Review Case for Collections,
9/23/2020,ENV-20-18467,Vegetation,"746 S 35TH St, SOUTH BEND IN 46615",746 S 35TH,Closed,
9/23/2020,ENV-20-18466,Grass and Weeds,"746 S 35TH St, SOUTH BEND IN 46615",746 S 35TH,Closed,
9/23/2020,ENV-20-18465,Grass and Weeds,"2202 ROGER St, SOUTH BEND IN 46628",2202 ROGER,Review Case for Collections,
9/23/2020,ENV-20-18464,Grass and Weeds,"132 E FOX St, SOUTH BEND IN 46613",132 E FOX,Review Case for Collections,
9/23/2020,ENV-20-18463,Litter,"822 S 35TH St, SOUTH BEND IN 46615",822 S 35TH,Closed,
9/23/2020,ENV-20-18462,Grass and Weeds,"126 E FOX St, SOUTH BEND IN 46613",126 E FOX,Review Case for Collections,
9/23/2020,ENV-20-18461,Grass and Weeds,"126 E FOX St, SOUTH BEND IN 46613",126 E FOX,Closed,
9/23/2020,ENV-20-18460,Grass and Weeds,"120 E FOX St, SOUTH BEND IN 46613",120 E FOX,Review Case for Collections,
9/23/2020,ENV-20-18459,Grass and Weeds,"118 E FOX St, SOUTH BEND IN 46613",118 E FOX,Review Case for Collections,
9/23/2020,ENV-20-18458,Litter,"639 OBRIEN St, SOUTH BEND IN 46613",639 OBRIEN,Closed,
9/23/2020,ENV-20-18457,Grass and Weeds,"621 S 31 St, SOUTH BEND IN 46615",621 S 31,Closed,
9/23/2020,ENV-20-18456,Grass and Weeds,"801 OBRIEN St, SOUTH BEND IN 46628",801 OBRIEN,Review Case for Collections,
9/23/2020,ENV-20-18455,Grass and Weeds,"1337 S 29TH St, SOUTH BEND IN 46615",1337 S 29TH,Closed,
9/23/2020,ENV-20-18454,Grass and Weeds,"702 N BROOKFIELD St, SOUTH BEND IN 46628",702 N BROOKFIELD,Closed,
9/23/2020,ENV-20-18453,Grass and Weeds,"231 E DONALD St, SOUTH BEND IN 46613",231 E DONALD,Closed,
9/23/2020,ENV-20-18452,Grass and Weeds,"229 E DONALD St, SOUTH BEND IN 46613",229 E DONALD,Closed,
9/23/2020,ENV-20-18451,Grass and Weeds,"926 S 28TH St, SOUTH BEND IN 46615",926 S 28TH,Closed,
9/23/2020,ENV-20-18450,Grass and Weeds,"223 E DONALD St, SOUTH BEND IN 46613",223 E DONALD,Closed,
9/23/2020,ENV-20-18449,Grass and Weeds,"232 N HUEY, SOUTH BEND IN 46628",232 N,Review Case for Collections,
9/23/2020,ENV-20-18448,Grass and Weeds,"207 E DONALD St, SOUTH BEND IN 46613",207 E DONALD,Closed,
9/23/2020,ENV-20-18447,Grass and Weeds,"232 HUEY St, SOUTH BEND IN 46628",232 HUEY,Review Case for Collections,
9/23/2020,ENV-20-18446,Grass and Weeds,"203 E DONALD St, SOUTH BEND IN 46613",203 E DONALD,Closed,
9/23/2020,ENV-20-18445,Grass and Weeds,"201 E DONALD St, SOUTH BEND IN 46613",201 E DONALD,Review Case for Collections,
9/23/2020,ENV-20-18444,Grass and Weeds,"307 E DONALD St, SOUTH BEND IN 46613",307 E DONALD,Review Case for Collections,
9/23/2020,ENV-20-18443,Grass and Weeds,"2022 LINDEN Ave, SOUTH BEND IN 46628",2022 LINDEN,Closed,
9/23/2020,ENV-20-18442,Grass and Weeds,"305 E DONALD St, SOUTH BEND IN 46613",305 E DONALD,Closed,
9/23/2020,ENV-20-18441,Grass and Weeds,"2020 LINDEN Ave, SOUTH BEND IN 46628",2020 LINDEN,Review Case for Collections,
9/23/2020,ENV-20-18440,Litter,"305 E DONALD St, SOUTH BEND IN 46613",305 E DONALD,Closed,
9/23/2020,ENV-20-18439,Grass and Weeds,"303 E DONALD St, SOUTH BEND IN 46613",303 E DONALD,Review Case for Collections,
9/23/2020,ENV-20-18438,Vegetation,"314 E BOWMAN St, SOUTH BEND IN 46613",314 E BOWMAN,Review Case for Collections,
9/23/2020,ENV-20-18437,Litter,"125 E BOWMAN St, SOUTH BEND IN 46613",125 E BOWMAN,Closed,
9/23/2020,ENV-20-18436,Grass and Weeds,"1425 N OLIVE St, SOUTH BEND IN 46628",1425 N OLIVE,Review Case for Collections,
9/23/2020,ENV-20-18435,Litter,"1013 E CALVERT St, SOUTH BEND IN 46613",1013 E CALVERT,Review Case for Collections,
9/23/2020,ENV-20-18434,Litter,"1217 HUEY St, SOUTH BEND IN 46628",1217 HUEY,Review Case for Collections,
9/23/2020,ENV-20-18433,Grass and Weeds,"225 E CALVERT St, SOUTH BEND IN 46613",225 E CALVERT,Review Case for Collections,
9/23/2020,ENV-20-18432,Grass and Weeds,"1818 CARROLL St, SOUTH BEND IN 46613",1818 CARROLL,Review Case for Collections,
9/23/2020,ENV-20-18431,Litter,"1817 CARROLL St, SOUTH BEND IN 46613",1817 CARROLL,Review Case for Collections,
9/23/2020,ENV-20-18430,Grass and Weeds,"1816 CARROLL St, SOUTH BEND IN 46613",1816 CARROLL,Review Case for Collections,
9/23/2020,ENV-20-18429,Grass and Weeds,"1814 CARROLL St, SOUTH BEND IN 46613",1814 CARROLL,Review Case for Collections,
9/23/2020,ENV-20-18428,Litter,"1524 GORDON Dr, SOUTH BEND IN 46635",1524 GORDON,Closed,
9/23/2020,ENV-20-18427,Grass and Weeds,"1903 ELWOOD Ave, SOUTH BEND IN 46628",1903 ELWOOD,Closed,
9/23/2020,ENV-20-18426,Litter,"2710 KETTERING Dr, SOUTH BEND IN 46635",2710 KETTERING,Closed,
9/23/2020,ENV-20-18425,Litter,"1710 S MICHIGAN St, SOUTH BEND IN 46613",1710 S MICHIGAN,Review Case for Collections,
9/23/2020,ENV-20-18424,Grass and Weeds,"1522 N MEADE St, SOUTH BEND IN 46628",1522 N MEADE,Closed,
9/23/2020,ENV-20-18423,Vegetation,"2428 W MONROE St, SOUTH BEND IN 46619",2428 W MONROE,Review Case for Collections,
9/23/2020,ENV-20-18422,Grass and Weeds,"2428 W MONROE St, SOUTH BEND IN 46619",2428 W MONROE,Closed,
9/23/2020,ENV-20-18421,Litter,"1605 N OLIVE St, SOUTH BEND IN 46628",1605 N OLIVE,Review Case for Collections,
9/23/2020,ENV-20-18420,Litter,"741 S 28TH St, SOUTH BEND IN 46615",741 S 28TH,Review Case for Collections,
9/23/2020,ENV-20-18419,Litter,"813 S 28TH St, SOUTH BEND IN 46615",813 S 28TH,Closed,
9/23/2020,ENV-20-18418,Grass and Weeds,"822 S 27TH St, SOUTH BEND IN 46615",822 S 27TH,Closed,
9/23/2020,ENV-20-18417,Litter,"806 S 27TH St, SOUTH BEND IN 46615",806 S 27TH,Closed,
9/23/2020,ENV-20-18416,Litter,"1026 E BOWMAN St, SOUTH BEND IN 46613",1026 E BOWMAN,Closed,
9/23/2020,ENV-20-18415,Litter,"411 S 27TH St, SOUTH BEND IN 46615",411 S 27TH,Closed,
9/23/2020,ENV-20-18414,Grass and Weeds,"2410 GRACE St, SOUTH BEND IN 46619",2410 GRACE,Closed,
9/23/2020,ENV-20-18413,Litter,"2418 GRACE St, SOUTH BEND IN 46619",2418 GRACE,Review Case for Collections,
9/23/2020,ENV-20-18412,Litter,"2216 PERSHING St, SOUTH BEND IN 46628",2216 PERSHING,Closed,
9/23/2020,ENV-20-18411,Litter,"2426 GRACE St, SOUTH BEND IN 46619",2426 GRACE,Closed,
9/23/2020,ENV-20-18410,Grass and Weeds,"2426 GRACE St, SOUTH BEND IN 46619",2426 GRACE,Closed,
9/23/2020,ENV-20-18409,Litter,"2515 FORD St, SOUTH BEND IN 46619",2515 FORD,Closed,
9/23/2020,ENV-20-18408,Grass and Weeds,"2614 FORD St, SOUTH BEND IN 46619",2614 FORD,Review Case for Collections,
9/23/2020,ENV-20-18407,Litter,"721 S MEADE St, SOUTH BEND IN 46619",721 S MEADE,Closed,
9/23/2020,ENV-20-18406,Grass and Weeds,"1734 N BROOKFIELD St, SOUTH BEND IN 46628",1734 N BROOKFIELD,Closed,
9/23/2020,ENV-20-18405,Grass and Weeds,"1730 N BROOKFIELD St, SOUTH BEND IN 46628",1730 N BROOKFIELD,Closed,
9/23/2020,ENV-20-18404,Grass and Weeds,"2415 POLAND St, SOUTH BEND IN 46619",2415 POLAND,Closed,
9/23/2020,ENV-20-18403,Grass and Weeds,"1726 N BROOKFIELD St, SOUTH BEND IN 46628",1726 N BROOKFIELD,Closed,
9/23/2020,ENV-20-18402,Grass and Weeds,"822 S MEADE St, SOUTH BEND IN 46619",822 S MEADE,Closed,
9/23/2020,ENV-20-18401,Litter,"1637 COLLEGE St, SOUTH BEND IN 46628",1637 COLLEGE,Closed,
9/23/2020,ENV-20-18400,Litter,"1634 N BROOKFIELD St, SOUTH BEND IN 46628",1634 N BROOKFIELD,Review Case for Collections,
9/23/2020,ENV-20-18399,Litter,"1514 N BROOKFIELD St, SOUTH BEND IN 46628",1514 N BROOKFIELD,Closed,
9/23/2020,ENV-20-18398,Grass and Weeds,"1809 ELWOOD Ave, SOUTH BEND IN 46628",1809 ELWOOD,Review Case for Collections,
9/23/2020,ENV-20-18397,Vegetation,"1809 ELWOOD Ave, SOUTH BEND IN 46628",1809 ELWOOD,Closed,
9/23/2020,ENV-20-18396,Litter,"1809 ELWOOD Ave, SOUTH BEND IN 46628",1809 ELWOOD,Review Case for Collections,
9/23/2020,ENV-20-18395,Litter,"1413 COLLEGE St, SOUTH BEND IN 46628",1413 COLLEGE,Review Case for Collections,
9/23/2020,ENV-20-18394,Grass and Weeds,"1427 COLLEGE St, SOUTH BEND IN 46628",1427 COLLEGE,Review Case for Collections,
9/23/2020,ENV-20-18393,Grass and Weeds,"1529 N ADAMS St, SOUTH BEND IN 46628",1529 N ADAMS,Closed,
9/23/2020,ENV-20-18392,Grass and Weeds,"1116 E BOWMAN St, SOUTH BEND IN 46613",1116 E BOWMAN,Closed,
9/23/2020,ENV-20-18391,Litter,"1605 ANDERSON Ave, SOUTH BEND IN 46628",1605 ANDERSON,Closed,
9/23/2020,ENV-20-18390,Litter,"1116 E BOWMAN St, SOUTH BEND IN 46613",1116 E BOWMAN,Closed,
9/23/2020,ENV-20-18389,Litter,"1115 E DONALD St, SOUTH BEND IN 46613",1115 E DONALD,Closed,
9/23/2020,ENV-20-18388,Vegetation,"1601 ANDERSON Ave, SOUTH BEND IN 46628",1601 ANDERSON,Review Case for Collections,
9/23/2020,ENV-20-18387,Grass and Weeds,"1329 N BROOKFIELD St, SOUTH BEND IN 46628",1329 N BROOKFIELD,Review Case for Collections,
9/23/2020,ENV-20-18386,Litter,"1151 E DONALD St, SOUTH BEND IN 46613",1151 E DONALD,Closed,
9/23/2020,ENV-20-18385,Grass and Weeds,"1049 N BROOKFIELD St, SOUTH BEND IN 46628",1049 N BROOKFIELD,Review Case for Collections,
9/23/2020,ENV-20-18384,Grass and Weeds,"1041 N BROOKFIELD St, SOUTH BEND IN 46628",1041 N BROOKFIELD,Review Case for Collections,
9/23/2020,ENV-20-18383,Litter,"2721 S MAIN St, SOUTH BEND IN 46614",2721 S MAIN,Closed,
9/23/2020,ENV-20-18382,Litter,"1517 ELWOOD Ave, SOUTH BEND IN 46628",1517 ELWOOD,Closed,
9/23/2020,ENV-20-18381,Litter,"1319 MIAMI St, SOUTH BEND IN 46601",1319 MIAMI,Closed,
9/23/2020,ENV-20-18380,Vegetation,"828 LANCASTER Dr, SOUTH BEND IN 46614",828 LANCASTER,Closed,
9/23/2020,ENV-20-18379,Litter,"305 E BOWMAN St, SOUTH BEND IN 46613",305 E BOWMAN,Closed,
9/23/2020,ENV-20-18378,Vegetation,"309 E BOWMAN St, SOUTH BEND IN 46613",309 E BOWMAN,Closed,
9/23/2020,ENV-20-18377,Litter,"1307 LINCOLN Way W, SOUTH BEND IN 466282415",1307 LINCOLN ay,Review Case for Collections,
9/23/2020,ENV-20-18376,Grass and Weeds,"601 E FAIRVIEW Ave, SOUTH BEND IN 46614",601 E FAIRVIEW,Review Case for Collections,
9/23/2020,ENV-20-18375,Grass and Weeds,"525 E VICTORIA St, SOUTH BEND IN 46614",525 E VICTORIA,Closed,
9/22/2020,ENV-20-18374,Litter,"727 BLAINE Ave, SOUTH BEND IN 46616",727 BLAINE,Closed,
9/22/2020,ENV-20-18373,Litter,"711 BLAINE Ave, SOUTH BEND IN 46616",711 BLAINE,Closed,
9/22/2020,ENV-20-18372,Vegetation,"401 S BENDIX Dr, SOUTH BEND IN 46620",401 S BENDIX,Closed,
9/22/2020,ENV-20-18371,Vegetation,"520 RIVER Ave, SOUTH BEND IN 46601",520 RIVER,Closed,
9/22/2020,ENV-20-18370,Litter,"2729 PRAST Blvd, SOUTH BEND IN 46628",2729 PRAST,Closed,
9/22/2020,ENV-20-18369,Litter,"2609 PRAST Blvd, SOUTH BEND IN 46628",2609 PRAST,Closed,
9/22/2020,ENV-20-18368,Vegetation,"1820 MIAMI St, SOUTH BEND IN 46613",1820 MIAMI,Closed,
9/22/2020,ENV-20-18367,Vegetation,"1901 BERGAN St, SOUTH BEND IN 46628",1901 BERGAN,Closed,
9/22/2020,ENV-20-18366,Litter,"2910 PRAST Blvd, SOUTH BEND IN 46628",2910 PRAST,Closed,
9/22/2020,ENV-20-18365,Grass and Weeds,"1619 CLYDE St, SOUTH BEND IN 46613",1619 CLYDE,Closed,
9/22/2020,ENV-20-18364,Litter,"212 E SOUTH St, SOUTH BEND IN 46601",212 E SOUTH,Closed,
9/22/2020,ENV-20-18363,Grass and Weeds,"1302 E INDIANA Ave, SOUTH BEND IN 46613",1302 E INDIANA,Review Case for Collections,
9/22/2020,ENV-20-18362,Grass and Weeds,"1130 COLLEGE St, SOUTH BEND IN 46628",1130 COLLEGE,Closed,
9/22/2020,ENV-20-18361,Litter,"1137 N ADAMS St, SOUTH BEND IN 46628",1137 N ADAMS,Closed,
9/22/2020,ENV-20-18360,Grass and Weeds,"1220 E INDIANA Ave, SOUTH BEND IN 46613",1220 E INDIANA,Review Case for Collections,
9/22/2020,ENV-20-18359,Litter,"1103 S LOGAN St, SOUTH BEND IN 46615",1103 S LOGAN,Closed,
9/22/2020,ENV-20-18358,Litter,"1226 E INDIANA Ave, SOUTH BEND IN 46613",1226 E INDIANA,Review Case for Collections,
9/22/2020,ENV-20-18357,Grass and Weeds,"3215 VOLL Ln, SOUTH BEND IN 46615",3215 VOLL,Review Case for Collections,
9/22/2020,ENV-20-18356,Litter,"1141 N ADAMS St, SOUTH BEND IN 46628",1141 N ADAMS,Closed,
9/22/2020,ENV-20-18355,Grass and Weeds,"121 E TUTT, SOUTH BEND IN 46601",121 E,Closed,
9/22/2020,ENV-20-18354,Litter,"830 E DAYTON St, SOUTH BEND IN 46613",830 E DAYTON,Closed,
9/22/2020,ENV-20-18353,Grass and Weeds,"2326 KENWOOD Ave, SOUTH BEND IN 46628",2326 KENWOOD,Review Case for Collections,
9/22/2020,ENV-20-18352,Grass and Weeds,"906 E DAYTON St, SOUTH BEND IN 46613",906 E DAYTON,Review Case for Collections,
9/22/2020,ENV-20-18351,Grass and Weeds,"219 E TUTT St, SOUTH BEND IN 46601",219 E TUTT,Closed,
9/22/2020,ENV-20-18350,Grass and Weeds,"2105 KENWOOD Ave, SOUTH BEND IN 46628",2105 KENWOOD,Closed,
9/22/2020,ENV-20-18349,Grass and Weeds,"901 E DAYTON, SOUTH BEND IN 46613",901 E,Review Case for Collections,
9/22/2020,ENV-20-18348,Grass and Weeds,"237 E TUTT St, SOUTH BEND IN 46618",237 E TUTT,Closed,
9/22/2020,ENV-20-18347,Grass and Weeds,"1210 N BROOKFIELD St, SOUTH BEND IN 46628",1210 N BROOKFIELD,Review Case for Collections,
9/22/2020,ENV-20-18346,Litter,"1708 HIGH St, SOUTH BEND IN 46613",1708 HIGH,Closed,
9/22/2020,ENV-20-18345,Grass and Weeds,"1214 N BROOKFIELD St, SOUTH BEND IN 46628",1214 N BROOKFIELD,Closed,
9/22/2020,ENV-20-18344,Litter,"211 E TUTT St, SOUTH BEND IN 46618",211 E TUTT,Closed,
9/22/2020,ENV-20-18343,Litter,"207 E TUTT St, SOUTH BEND IN 46618",207 E TUTT,Closed,
9/22/2020,ENV-20-18342,Litter,"115 E TUTT St, SOUTH BEND IN 46618",115 E TUTT,Closed,
9/22/2020,ENV-20-18341,Litter,"204 E TUTT St, SOUTH BEND IN 46618",204 E TUTT,Closed,
9/22/2020,ENV-20-18340,Vegetation,"1929 N FREMONT, SOUTH BEND IN 46628",1929 N,Closed,
9/22/2020,ENV-20-18339,Grass and Weeds,"1929 N FREMONT, SOUTH BEND IN 46628",1929 N,Closed,
9/22/2020,ENV-20-18338,Grass and Weeds,"801 MILTON St, SOUTH BEND IN 46614",801 MILTON,Review Case for Collections,
9/22/2020,ENV-20-18337,Litter,"1813 S DOUGLAS St, SOUTH BEND IN 46613",1813 S DOUGLAS,Closed,
9/22/2020,ENV-20-18336,Vegetation,"1923 N FREMONT, SOUTH BEND IN 46628",1923 N,Closed,
9/22/2020,ENV-20-18335,Grass and Weeds,"1923 N FREMONT, SOUTH BEND IN 46628",1923 N,Review Case for Collections,
9/22/2020,ENV-20-18334,Vegetation,"1701 SWYGART Ave, SOUTH BEND IN 46613",1701 SWYGART,Closed,
9/22/2020,ENV-20-18333,Litter,"919 E CALVERT St, SOUTH BEND IN 46613",919 E CALVERT,Closed,
9/22/2020,ENV-20-18332,Litter,"401 S LAFAYETTE Blvd, SOUTH BEND IN 46601",401 S LAFAYETTE,Review Case for Collections,
9/22/2020,ENV-20-18331,Litter,"1806 W INDIANA Ave, SOUTH BEND IN 46613",1806 W INDIANA,Closed,
9/22/2020,ENV-20-18330,Litter,"1858 HUEY St, SOUTH BEND IN 46628",1858 HUEY,Closed,
9/22/2020,ENV-20-18329,Litter,"830 MILTON St, SOUTH BEND IN 46613",830 MILTON,Closed,
9/22/2020,ENV-20-18328,Grass and Weeds,"1802 HUEY St, SOUTH BEND IN 46628",1802 HUEY,Closed,
9/22/2020,ENV-20-18327,Vegetation,"903 E CALVERT St, SOUTH BEND IN 46613",903 E CALVERT,Closed,
9/22/2020,ENV-20-18326,Litter,"1106 COLLEGE St, SOUTH BEND IN 46628",1106 COLLEGE,Closed,
9/22/2020,ENV-20-18325,Litter,"1145 N ADAMS St, SOUTH BEND IN 46628",1145 N ADAMS,Closed,
9/22/2020,ENV-20-18324,Litter,"1149 N ADAMS St, SOUTH BEND IN 46628",1149 N ADAMS,Closed,
9/22/2020,ENV-20-18323,Grass and Weeds,,1149 N ADAMS,Closed,
9/22/2020,ENV-20-18322,Grass and Weeds,,1149 N ADAMS,Closed,
9/22/2020,ENV-20-18321,Litter,"2524 BERTRAND St, SOUTH BEND IN 46628",2524 BERTRAND,Closed,
9/22/2020,ENV-20-18320,Litter,"2516 BERTRAND St, SOUTH BEND IN 46628",2516 BERTRAND,Closed,
9/22/2020,ENV-20-18319,Vegetation,"2517 KENWOOD Ave, SOUTH BEND IN 46628",2517 KENWOOD,Closed,
9/22/2020,ENV-20-18318,Litter,"2517 KENWOOD Ave, SOUTH BEND IN 46628",2517 KENWOOD,Closed,
9/22/2020,ENV-20-18317,Vegetation,"2503 LINDEN Ave, SOUTH BEND IN 46628",2503 LINDEN,Closed,
9/22/2020,ENV-20-18316,Grass and Weeds,"105 N WELLINGTON St, SOUTH BEND IN 46619",105 N WELLINGTON,Closed,
9/22/2020,ENV-20-18315,Litter,"3018 ROGER St, SOUTH BEND IN 46628",3018 ROGER,Closed,
9/22/2020,ENV-20-18314,Litter,"110 N ILLINOIS St, SOUTH BEND IN 46619",110 N ILLINOIS,Closed,
9/22/2020,ENV-20-18313,Grass and Weeds,"129 N WELLINGTON St, SOUTH BEND IN 46619",129 N WELLINGTON,Review Case for Collections,
9/22/2020,ENV-20-18312,Grass and Weeds,"147 N WELLINGTON St, SOUTH BEND IN 46619",147 N WELLINGTON,Review Case for Collections,
9/22/2020,ENV-20-18311,Litter,"1426 WILBER St, SOUTH BEND IN 46628",1426 WILBER,Closed,
9/22/2020,ENV-20-18310,Grass and Weeds,"822 E ECKMAN St, SOUTH BEND IN 46614",822 E ECKMAN,Closed,
9/22/2020,ENV-20-18309,Grass and Weeds,"2730 FREDERICKSON St, SOUTH BEND IN 46628",2730 FREDERICKSON,Review Case for Collections,
9/22/2020,ENV-20-18308,Vegetation,"1426 WILBER St, SOUTH BEND IN 46628",1426 WILBER,Closed,
9/22/2020,ENV-20-18307,Litter,"1426 WILBER St, SOUTH BEND IN 46628",1426 WILBER,Review Case for Collections,
9/22/2020,ENV-20-18306,Litter,"1818 PHILIPPA St, SOUTH BEND IN 46613",1818 PHILIPPA,Closed,
9/22/2020,ENV-20-18305,Litter,"930 E VICTORIA St, SOUTH BEND IN 46614",930 E VICTORIA,Closed,
9/22/2020,ENV-20-18304,Vegetation,"1502 WILBER St, SOUTH BEND IN 46628",1502 WILBER,Closed,
9/22/2020,ENV-20-18303,Grass and Weeds,"253 N WELLINGTON St, SOUTH BEND IN 46619",253 N WELLINGTON,Closed,
9/22/2020,ENV-20-18302,Grass and Weeds,"2730 FREDERICKSON St, SOUTH BEND IN 46628",2730 FREDERICKSON,Closed,
9/22/2020,ENV-20-18301,Grass and Weeds,"405 STUDEBAKER St, SOUTH BEND IN 46628",405 STUDEBAKER,Review Case for Collections,
9/22/2020,ENV-20-18300,Vegetation,"2628 FREDERICKSON St, SOUTH BEND IN 46619",2628 FREDERICKSON,Closed,
