OPEN,112,,E,BALTIMORE,ST, 04/09/2021,E BALTIMORE ST
OPEN,112,,E,LEE,ST, 02/11/2020,E LEE ST
OPEN,112,,E,LEE,ST, 11/12/2020,E LEE ST
OPEN,112,,E,WASHINGTON,ST, 01/15/2020,E WASHINGTON ST
OPEN,112,,N,MULBERRY,ST, 08/25/2020,N MULBERRY ST
OPEN,112,,N,MULBERRY,ST, 10/16/2020,N MULBERRY ST
OPEN,112,,N,MULBERRY,ST, 11/16/2020,N MULBERRY ST
OPEN,112,,,RANDOLPH,AVE, 05/10/2020,RANDOLPH AVE
OPEN,112,,,RANDOLPH,AVE, 11/30/2020,RANDOLPH AVE
OPEN,112,,,RAY,ST, 09/15/2020,RAY ST
OPEN,113,-115,,BESTER,ST, 09/02/2020,BESTER ST
OPEN,113,-115,,BROADWAY,, 05/14/2020,BROADWAY
OPEN,113,-115,,ELM,ST, 09/16/2020,ELM ST
OPEN,113,,,MCCOMAS,ST, 07/06/2020,MCCOMAS ST
OPEN,113,,,RANDOLPH,AVE, 09/29/2020,RANDOLPH AVE
OPEN,114,-116,,HIGH,ST, 04/20/2021,HIGH ST
OPEN,114,-116,W,FRANKLIN,ST, 11/12/2020,W FRANKLIN ST
OPEN,114,,,EAST,AVE, 02/12/2021,EAST AVE
OPEN,114,,,EAST,AVE, 08/03/2020,EAST AVE
OPEN,114,,,EAST,AVE, 08/17/2020,EAST AVE
OPEN,114,,,EAST,AVE, 09/14/2020,EAST AVE
OPEN,114,,E,FIRST,ST, 09/24/2020,E FIRST ST
OPEN,115,-117,S,POTOMAC,ST, 11/16/2020,S POTOMAC ST
OPEN,115,,,BETHEL,ST, 09/21/2020,BETHEL ST
OPEN,115,,,EAST,AVE, 01/28/2020,EAST AVE
OPEN,115,,,EAST,AVE, 06/23/2020,EAST AVE
OPEN,115,,,EAST,AVE, 08/08/2020,EAST AVE
OPEN,115,,,EAST,AVE, 11/02/2020,EAST AVE
OPEN,115,,,EAST,AVE, 12/11/2020,EAST AVE
OPEN,115,,E,FRANKLIN,ST, 04/08/2021,E FRANKLIN ST
OPEN,115,,,KING,ST, 02/28/2020,KING ST
OPEN,115,,,MCCOMAS,ST, 07/06/2020,MCCOMAS ST
OPEN,116,-118�,N,MULBERRY,ST, 01/15/2021,N MULBERRY ST
OPEN,116,-118,,ELM,ST, 09/16/2020,ELM ST
OPEN,116,,,EAST,AVE, 06/28/2020,EAST AVE
OPEN,116,,E,BALTIMORE,ST, 04/09/2021,E BALTIMORE ST
OPEN,116,,E,WASHINGTON,ST, 03/30/2021,E WASHINGTON ST
OPEN,116,,S,LOCUST,ST, 10/13/2020,S LOCUST ST
OPEN,116,,,WAYSIDE,AVE, 09/21/2020,WAYSIDE AVE
OPEN,117,-119,,RAY,ST, 04/13/2021,RAY ST
OPEN,117,-119,,RAY,ST, 09/15/2020,RAY ST
OPEN,117,,E,FRANKLIN,ST, 04/09/2021,E FRANKLIN ST
OPEN,117,,,RANDOLPH,AVE, 11/30/2020,RANDOLPH AVE
OPEN,117,,,WINTER,ST, 10/16/2020,WINTER ST
OPEN,118,-120,,ALEXANDER,ST, 04/20/2021,ALEXANDER ST
OPEN,118,-120,,ALEXANDER,ST, 04/28/2021,ALEXANDER ST
OPEN,119,-121,E,ANTIETAM,ST, 08/25/2020,E ANTIETAM ST
OPEN,119,-121,S,LOCUST,ST, 11/16/2020,S LOCUST ST
OPEN,119,,S,LOCUST,ST, 05/26/2020,S LOCUST ST
OPEN,119,,W,ANTIETAM,ST, 04/02/2020,W ANTIETAM ST
OPEN,120,,,ROSS,ST, 05/04/2020,ROSS ST
OPEN,121,-123,,BUENA VISTA,AVE, 04/28/2021,BUENA VISTA AVE
OPEN,121,-123,,JOHN,ST, 10/19/2020,JOHN ST
OPEN,121,,,ALEXANDER,ST, 03/02/2021,ALEXANDER ST
OPEN,121,,E,FRANKLIN,ST, 02/09/2021,E FRANKLIN ST
OPEN,121,,E,WASHINGTON,ST, 11/04/2020,E WASHINGTON ST
OPEN,121,,,MCCOMAS,ST, 07/06/2020,MCCOMAS ST
OPEN,121,,,MCCOMAS,ST, 09/22/2020,MCCOMAS ST
OPEN,121,,,RANDOLPH,AVE, 06/13/2020,RANDOLPH AVE
OPEN,121,,,RANDOLPH,AVE, 10/06/2020,RANDOLPH AVE
OPEN,122,-124,,HIGH,ST, 04/20/2021,HIGH ST
OPEN,122,-124,W,HOWARD,ST, 08/24/2020,W HOWARD ST
OPEN,122,,,BROADWAY,, 08/06/2020,BROADWAY
OPEN,122,,,BROADWAY,, 09/29/2020,BROADWAY
OPEN,122,,,FAIRGROUND,AVE, 09/22/2020,FAIRGROUND AVE
OPEN,122,,,RAY,ST, 09/15/2020,RAY ST
OPEN,123,�,S,LOCUST,ST, 11/16/2020,S LOCUST ST
OPEN,123,-125,E,LEE,ST, 04/20/2021,E LEE ST
OPEN,123,,E,ANTIETAM,ST, 08/25/2020,E ANTIETAM ST
OPEN,123,,E,ANTIETAM,ST, 10/24/2020,E ANTIETAM ST
OPEN,123,,,EAST,AVE, 02/24/2021,EAST AVE
OPEN,123,,,EAST,AVE, 10/02/2020,EAST AVE
OPEN,123,,E,FRANKLIN,ST, 02/09/2021,E FRANKLIN ST
OPEN,123,,,MCCOMAS,ST, 09/22/2020,MCCOMAS ST
OPEN,123,,,RAY,ST, 09/15/2020,RAY ST
OPEN,124,,,RAY,ST, 07/06/2020,RAY ST
OPEN,124,,,RAY,ST, 09/15/2020,RAY ST
OPEN,124,,,RAY,ST, 10/28/2020,RAY ST
OPEN,124,,S,LOCUST,ST, 03/12/2021,S LOCUST ST
OPEN,124,,,WAYSIDE,AVE, 09/21/2020,WAYSIDE AVE
OPEN,125,-127,,ELM,ST, 09/16/2020,ELM ST
OPEN,125,,,CHURCH,ST, 04/10/2020,CHURCH ST
OPEN,125,,,CHURCH,ST, 09/02/2020,CHURCH ST
OPEN,125,,E,ANTIETAM,ST, 08/25/2020,E ANTIETAM ST
OPEN,125,,E,FRANKLIN,ST, 02/09/2021,E FRANKLIN ST
OPEN,125,,,JOHN,ST, 10/19/2020,JOHN ST
OPEN,126,,,FAIRGROUND,AVE, 08/07/2020,FAIRGROUND AVE
OPEN,126,,N,LOCUST,ST, 11/02/2020,N LOCUST ST
OPEN,126,,,RANDOLPH,AVE, 11/30/2020,RANDOLPH AVE
OPEN,126,,,RAY,ST, 04/20/2021,RAY ST
OPEN,127,,E,FRANKLIN,ST, 01/15/2021,E FRANKLIN ST
OPEN,127,,E,FRANKLIN,ST, 02/09/2021,E FRANKLIN ST
OPEN,127,,E,LEE,ST, 06/03/2020,E LEE ST
OPEN,127,,,MCCOMAS,ST, 07/06/2020,MCCOMAS ST
OPEN,127,,N,LOCUST,ST, 03/05/2020,N LOCUST ST
OPEN,127,,N,LOCUST,ST, 08/26/2020,N LOCUST ST
OPEN,127,,N,LOCUST,ST, 09/08/2020,N LOCUST ST
OPEN,127,,,RAY,ST, 04/20/2021,RAY ST
OPEN,128,-130,E,BALTIMORE,ST, 09/01/2020,E BALTIMORE ST
OPEN,128,,E,FRANKLIN,ST, 09/16/2020,E FRANKLIN ST
OPEN,128,,E,FRANKLIN,ST, 11/05/2020,E FRANKLIN ST
OPEN,128,,N,MULBERRY,ST, 08/24/2020,N MULBERRY ST
OPEN,128,,,RAY,ST, 09/15/2020,RAY ST
OPEN,129,-131,,ELM,ST, 09/16/2020,ELM ST
OPEN,129,-131,,WAKEFIELD,RD, 10/15/2020,WAKEFIELD RD
OPEN,129,-133,E,BALTIMORE,ST, 09/01/2020,E BALTIMORE ST
OPEN,129,,,ALEXANDER,ST, 02/03/2020,ALEXANDER ST
OPEN,129,,,ALEXANDER,ST, 04/20/2021,ALEXANDER ST
OPEN,129,,,ALEXANDER,ST, 05/22/2020,ALEXANDER ST
OPEN,129,,,ALEXANDER,ST, 10/02/2020,ALEXANDER ST
OPEN,129,,,ALEXANDER,ST, 11/12/2020,ALEXANDER ST
OPEN,129,,,CHURCH,ST, 09/02/2020,CHURCH ST
OPEN,129,,E,ANTIETAM,ST, 08/25/2020,E ANTIETAM ST
OPEN,129,,,MCCOMAS,ST, 07/06/2020,MCCOMAS ST
OPEN,129,,,RAY,ST, 09/15/2020,RAY ST
OPEN,130,�,,ELM,ST, 09/16/2020,ELM ST
OPEN,130,,,BETHEL,ST, 09/21/2020,BETHEL ST
OPEN,130,,,ELM,ST, 09/16/2020,ELM ST
OPEN,131,-133,,RAY,ST, 04/19/2021,RAY ST
OPEN,131,-133,,RAY,ST, 09/15/2020,RAY ST
OPEN,131,,E,BALTIMORE,ST, 02/06/2020,E BALTIMORE ST
OPEN,131,,E,BALTIMORE,ST, 02/07/2020,E BALTIMORE ST
OPEN,131,,N,MULBERRY,ST, 05/29/2020,N MULBERRY ST
OPEN,131,,,WINTER,ST, 04/20/2021,WINTER ST
OPEN,132,,,BETHEL,ST, 09/23/2020,BETHEL ST
OPEN,132,,,RANDOLPH,AVE, 11/30/2020,RANDOLPH AVE
OPEN,132,,,WINTER,ST, 04/20/2021,WINTER ST
OPEN,133,-135,,SUMMIT,AVE, 04/13/2021,SUMMIT AVE
OPEN,133,,,BETHEL,ST, 09/21/2020,BETHEL ST
OPEN,133,,,FAIRGROUND,AVE, 09/22/2020,FAIRGROUND AVE
OPEN,133,,,MCCOMAS,ST, 07/06/2020,MCCOMAS ST
OPEN,133,,N,MULBERRY,ST, 03/04/2020,N MULBERRY ST
OPEN,134,-136,N,POTOMAC,ST, 03/30/2021,N POTOMAC ST
OPEN,134,-140,,RAY,ST, 09/15/2020,RAY ST
OPEN,134,,,ELM,ST, 09/16/2020,ELM ST
OPEN,135,,,BETHEL,ST, 09/21/2020,BETHEL ST
OPEN,135,,E,ANTIETAM,ST, 02/09/2021,E ANTIETAM ST
OPEN,135,,E,BALTIMORE,ST, 02/06/2020,E BALTIMORE ST
OPEN,135,,,ELM,ST, 06/02/2020,ELM ST
OPEN,135,,,HIGH,ST, 04/28/2021,HIGH ST
OPEN,135,,,MCCOMAS,ST, 07/06/2020,MCCOMAS ST
OPEN,135,,N,LOCUST,ST, 08/10/2020,N LOCUST ST
OPEN,135,,N,MULBERRY,ST, 06/01/2020,N MULBERRY ST
OPEN,135,,,RAY,ST, 06/25/2020,RAY ST
OPEN,135,,S,LOCUST,ST, 10/10/2020,S LOCUST ST
OPEN,136,-138,,BROADWAY,, 06/26/2020,BROADWAY
OPEN,136,-138,,BROADWAY,, 07/27/2020,BROADWAY
OPEN,136,-150,,JONATHAN,ST, 06/23/2020,JONATHAN ST
OPEN,136,,,BROADWAY,, 01/04/2020,BROADWAY
OPEN,136,,,BROADWAY,, 01/13/2020,BROADWAY
OPEN,136,,,BROADWAY,, 02/03/2020,BROADWAY
OPEN,136,,,BROADWAY,, 03/28/2020,BROADWAY
OPEN,136,,,BROADWAY,, 04/04/2020,BROADWAY
OPEN,136,,,BROADWAY,, 05/03/2020,BROADWAY
OPEN,136,,,BROADWAY,, 06/17/2020,BROADWAY
OPEN,136,,,BROADWAY,, 10/16/2020,BROADWAY
OPEN,136,,E,FRANKLIN,ST, 11/05/2020,E FRANKLIN ST
OPEN,136,,N,LOCUST,ST, 02/24/2020,N LOCUST ST
OPEN,136,,N,LOCUST,ST, 07/01/2020,N LOCUST ST
OPEN,136,,N,LOCUST,ST, 08/25/2020,N LOCUST ST
OPEN,136,,,WINTER,ST, 04/20/2021,WINTER ST
OPEN,137,-139,,ELM,ST, 09/16/2020,ELM ST
OPEN,137,,E,ANTIETAM,ST, 02/09/2021,E ANTIETAM ST
OPEN,137,,,MCCOMAS,ST, 10/13/2020,MCCOMAS ST
OPEN,138,-140,N,MULBERRY,ST, 10/30/2020,N MULBERRY ST
OPEN,138,,E,ANTIETAM,ST, 02/20/2020,E ANTIETAM ST
OPEN,138,,E,ANTIETAM,ST, 03/26/2020,E ANTIETAM ST
OPEN,138,,E,ANTIETAM,ST, 04/21/2021,E ANTIETAM ST
OPEN,138,,E,FRANKLIN,ST, 05/04/2020,E FRANKLIN ST
OPEN,138,,S,PROSPECT,ST, 01/13/2021,S PROSPECT ST
OPEN,139,,,MCCOMAS,ST, 09/22/2020,MCCOMAS ST
OPEN,139,,N,CANNON,AVE, 05/03/2020,N CANNON AVE
OPEN,139,,,SUMMIT,AVE, 08/10/2020,SUMMIT AVE
OPEN,139,,,SUMMIT,AVE, 08/11/2020,SUMMIT AVE
OPEN,139,,,SUMMIT,AVE, 09/14/2020,SUMMIT AVE
OPEN,139,,,SUMMIT,AVE, 09/25/2020,SUMMIT AVE
OPEN,140,,S,MULBERRY,ST, 10/14/2020,S MULBERRY ST
OPEN,141,-143,,KING,ST, 07/31/2020,KING ST
OPEN,141,-143,,WAKEFIELD,RD, 10/15/2020,WAKEFIELD RD
OPEN,141,-145,E,ANTIETAM,ST, 08/25/2020,E ANTIETAM ST
OPEN,141,,E,BALTIMORE,ST, 08/12/2020,E BALTIMORE ST
OPEN,141,,E,BALTIMORE,ST, 09/01/2020,E BALTIMORE ST
OPEN,141,,,HIGH,ST, 02/04/2021,HIGH ST
OPEN,142,,,WINTER,ST, 04/20/2021,WINTER ST
OPEN,143,,,BELVIEW,AVE, 02/12/2020,BELVIEW AVE
OPEN,143,,,KING,ST, 03/25/2021,KING ST
OPEN,144,,S,LOCUST,ST, 11/16/2020,S LOCUST ST
OPEN,145,-147,,EAST,AVE, 12/31/2020,EAST AVE
OPEN,145,,,ALEXANDER,ST, 04/20/2021,ALEXANDER ST
OPEN,145,,,EAST,AV, 11/18/2020,EAST AV
OPEN,145,,S,PROSPECT,ST, 10/15/2020,S PROSPECT ST
OPEN,146,,S,LOCUST,ST, 03/31/2020,S LOCUST ST
OPEN,147,,E,FRANKLIN,ST, 07/01/2020,E FRANKLIN ST
OPEN,147,,N,CANNON,AVE, 04/29/2021,N CANNON AVE
OPEN,148,,W,NORTH AVE GARAGES,AV, 06/24/2020,W NORTH AVE GARAGES AV
OPEN,148,,W,NORTH AVE GARAGES,AV, 09/14/2020,W NORTH AVE GARAGES AV
OPEN,154,-158,S,POTOMAC,ST, 03/30/2021,S POTOMAC ST
OPEN,154,-158,S,POTOMAC,ST, 10/07/2020,S POTOMAC ST
OPEN,154,-158,S,POTOMAC,ST, 11/12/2020,S POTOMAC ST
OPEN,154,-160,W,WASHINGTON,ST, 11/03/2020,W WASHINGTON ST
OPEN,155,-157,S,POTOMAC,ST, 12/11/2020,S POTOMAC ST
OPEN,157,-159,W,WASHINGTON,ST, 11/03/2020,W WASHINGTON ST
OPEN,158,,S,PROSPECT,ST, 09/03/2020,S PROSPECT ST
OPEN,158,,S,PROSPECT,ST, 10/30/2020,S PROSPECT ST
OPEN,159,,S,POTOMAC,ST, 04/20/2021,S POTOMAC ST
OPEN,159,,S,POTOMAC,ST, 12/11/2020,S POTOMAC ST
OPEN,160,,S,POTOMAC,ST, 11/12/2020,S POTOMAC ST
OPEN,160,,W,WASHINGTON,ST, 03/28/2020,W WASHINGTON ST
OPEN,162,,S,POTOMAC,ST, 11/12/2020,S POTOMAC ST
OPEN,163,,S,POTOMAC,ST, 07/14/2020,S POTOMAC ST
OPEN,181,,S,PROSPECT,ST, 10/30/2020,S PROSPECT ST
OPEN,199,,,BERKSON,PL, 01/30/2020,BERKSON PL
OPEN,200,-212,S,POTOMAC,ST, 03/30/2021,S POTOMAC ST
OPEN,200,-212,S,POTOMAC,ST, 10/28/2020,S POTOMAC ST
OPEN,201,-203,E,WASHINGTON,ST, 05/14/2020,E WASHINGTON ST
OPEN,201,-203,E,WASHINGTON,ST, 05/16/2020,E WASHINGTON ST
OPEN,201,-203,E,WASHINGTON,ST, 11/03/2020,E WASHINGTON ST
OPEN,201,-207,,WAKEFIELD,RD, 10/15/2020,WAKEFIELD RD
OPEN,201,,E,FRANKLIN,ST, 05/15/2020,E FRANKLIN ST
OPEN,201,,E,FRANKLIN,ST, 10/19/2020,E FRANKLIN ST
OPEN,201,,E,WASHINGTON,ST, 12/15/2020,E WASHINGTON ST
OPEN,201,,,MEALEY,PKY, 04/01/2021,MEALEY PKY
OPEN,201,,,TAYLOR,AVE, 06/08/2020,TAYLOR AVE
OPEN,202,-204,N,POTOMAC,ST, 01/13/2021,N POTOMAC ST
OPEN,202,-204,N,POTOMAC,ST, 03/12/2020,N POTOMAC ST
OPEN,202,-204,N,POTOMAC,ST, 11/30/2020,N POTOMAC ST
OPEN,202,,E,FRANKLIN,ST, 10/20/2020,E FRANKLIN ST
OPEN,202,,,HIGH,ST, 04/27/2021,HIGH ST
OPEN,202,,N,CANNON,AVE, 02/23/2021,N CANNON AVE
OPEN,202,,N,CANNON,AVE, 04/29/2021,N CANNON AVE
OPEN,202,,,ROCK WILLOW,AVE, 02/10/2020,ROCK WILLOW AVE
OPEN,202,,,ROCK WILLOW,AVE, 08/12/2020,ROCK WILLOW AVE
OPEN,202,,W,HOWARD,ST, 01/11/2021,W HOWARD ST
OPEN,202,,W,HOWARD,ST, 03/25/2021,W HOWARD ST
OPEN,202,,W,HOWARD,ST, 12/30/2020,W HOWARD ST
OPEN,204,,,DEVONSHIRE,RD, 03/03/2021,DEVONSHIRE RD
OPEN,204,,,DEVONSHIRE,RD, 03/05/2021,DEVONSHIRE RD
OPEN,204,,,HAGER,ST, 08/24/2020,HAGER ST
OPEN,204,,S,MONT VALLA,AVE, 04/28/2021,S MONT VALLA AVE
OPEN,206,-208,,EAST,AVE, 10/29/2020,EAST AVE
OPEN,206,,N,POTOMAC,ST, 03/12/2020,N POTOMAC ST
OPEN,207,,N,MULBERRY,ST, 01/23/2020,N MULBERRY ST
OPEN,207,,N,MULBERRY,ST, 02/09/2021,N MULBERRY ST
OPEN,208,-210,,ALEXANDER,ST, 09/16/2020,ALEXANDER ST
OPEN,208,,N,POTOMAC,ST, 03/12/2020,N POTOMAC ST
OPEN,208,,N,POTOMAC,ST, 11/30/2020,N POTOMAC ST
OPEN,208,,S,MONT VALLA,AVE, 04/28/2021,S MONT VALLA AVE
OPEN,209,-211,,ALEXANDER,ST, 04/20/2021,ALEXANDER ST
OPEN,209,-211,,ALEXANDER,ST, 09/16/2020,ALEXANDER ST
OPEN,209,-219,,WAKEFIELD,RD, 10/15/2020,WAKEFIELD RD
OPEN,209,,N,MULBERRY,ST, 02/04/2020,N MULBERRY ST
OPEN,209,,N,MULBERRY,ST, 03/16/2021,N MULBERRY ST
OPEN,209,,N,MULBERRY,ST, 04/07/2020,N MULBERRY ST
OPEN,209,,,SUMMER,ST, 05/21/2020,SUMMER ST
OPEN,209,,,SUMMER,ST, 07/05/2020,SUMMER ST
OPEN,209,,,SUMMER,ST, 07/23/2020,SUMMER ST
OPEN,209,,,SUMMER,ST, 07/24/2020,SUMMER ST
OPEN,210,-212,N,POTOMAC,ST, 03/12/2020,N POTOMAC ST
OPEN,210,-212,N,POTOMAC,ST, 11/30/2020,N POTOMAC ST
OPEN,210,,,EAST,AVE, 02/17/2020,EAST AVE
OPEN,210,,,JONATHAN,ST, 10/02/2020,JONATHAN ST
OPEN,210,,N,POTOMAC,ST, 07/21/2020,N POTOMAC ST
OPEN,210,,N,POTOMAC,ST, 10/13/2020,N POTOMAC ST
OPEN,210,,,POTOMAC,HTS, 09/01/2020,POTOMAC HTS
OPEN,211,,E,FRANKLIN,ST, 10/27/2020,E FRANKLIN ST
OPEN,211,,W,FRANKLIN,ST, 10/27/2020,W FRANKLIN ST
OPEN,212,-214,,SUMMIT,AVE, 11/04/2020,SUMMIT AVE
OPEN,212,,,JONATHAN,ST, 01/18/2020,JONATHAN ST
OPEN,212,,,JONATHAN,ST, 03/12/2020,JONATHAN ST
OPEN,212,,,JONATHAN,ST, 04/09/2020,JONATHAN ST
OPEN,212,,N,LOCUST,ST, 03/09/2020,N LOCUST ST
OPEN,212,,N,LOCUST,ST, 08/24/2020,N LOCUST ST
OPEN,212,,N,MULBERRY,ST, 02/04/2020,N MULBERRY ST
OPEN,212,,S,MONT VALLA,AVE, 04/13/2021,S MONT VALLA AVE
OPEN,213,-215,E,FRANKLIN,ST, 11/05/2020,E FRANKLIN ST
OPEN,213,,N,MULBERRY,ST, 05/12/2020,N MULBERRY ST
OPEN,214,,N,POTOMAC,ST, 03/12/2020,N POTOMAC ST
OPEN,215,,,TAYLOR,AVE, 06/08/2020,TAYLOR AVE
OPEN,215,,,WEST SIDE,AVE, 08/13/2020,WEST SIDE AVE
OPEN,215,,,WINTER,ST, 10/16/2020,WINTER ST
OPEN,216,-218,,WEST SIDE,AVE, 10/16/2020,WEST SIDE AVE
OPEN,216,,,ALEXANDER,ST, 06/27/2020,ALEXANDER ST
OPEN,216,,N,CANNON,AVE, 09/17/2020,N CANNON AVE
OPEN,216,,N,LOCUST,ST, 03/09/2020,N LOCUST ST
OPEN,216,,N,LOCUST,ST, 12/23/2020,N LOCUST ST
OPEN,217,,,ALEXANDER,ST, 04/20/2021,ALEXANDER ST
OPEN,217,,N,CANNON,AVE, 02/07/2020,N CANNON AVE
OPEN,217,,N,CANNON,AVE, 02/08/2020,N CANNON AVE
OPEN,217,,N,LOCUST,ST, 03/15/2021,N LOCUST ST
OPEN,217,,S,PROSPECT,ST, 07/20/2020,S PROSPECT ST
OPEN,217,,W,WASHINGTON,ST, 08/06/2020,W WASHINGTON ST
OPEN,218,-222,,JONATHAN,ST, 10/30/2020,JONATHAN ST
OPEN,218,,E,ANTIETAM,ST, 03/30/2021,E ANTIETAM ST
OPEN,218,,,JONATHAN,ST, 03/13/2020,JONATHAN ST
OPEN,218,,,JONATHAN,ST, 05/27/2020,JONATHAN ST
OPEN,218,,,JONATHAN,ST, 07/02/2020,JONATHAN ST
OPEN,219,-221,,MILL,ST, 04/29/2021,MILL ST
OPEN,219,,,ALEXANDER,ST, 04/20/2021,ALEXANDER ST
OPEN,219,,N,CLEVELAND,AVE, 02/23/2020,N CLEVELAND AVE
OPEN,220,-222,,FREDERICK,ST, 01/06/2020,FREDERICK ST
OPEN,220,-222,,FREDERICK,ST, 10/12/2020,FREDERICK ST
OPEN,220,-222,S,LOCUST,ST, 04/20/2021,S LOCUST ST
OPEN,220,,N,LOCUST,ST, 02/11/2021,N LOCUST ST
OPEN,220,,N,POTOMAC,ST, 03/12/2020,N POTOMAC ST
OPEN,220,,W,FRANKLIN,ST, 12/02/2020,W FRANKLIN ST
OPEN,221,-223,S,MULBERRY,ST, 09/17/2020,S MULBERRY ST
OPEN,221,-223,W,FRANKLIN,ST, 11/12/2020,W FRANKLIN ST
OPEN,221,,,ALEXANDER,ST, 04/20/2021,ALEXANDER ST
OPEN,221,,,JEFFERSON,ST, 04/20/2021,JEFFERSON ST
OPEN,221,,S,PROSPECT,ST, 10/07/2020,S PROSPECT ST
OPEN,221,,,SUMMIT,AVE, 11/04/2020,SUMMIT AVE
OPEN,222,,,JONATHAN,ST, 08/24/2020,JONATHAN ST
OPEN,222,,,JONATHAN,ST, 08/29/2020,JONATHAN ST
OPEN,222,,W,WILSON,BLVD, 05/14/2020,W WILSON BLVD
OPEN,223,,,ALEXANDER,ST, 04/20/2021,ALEXANDER ST
OPEN,223,,S,LOCUST,ST, 02/17/2021,S LOCUST ST
OPEN,223,,S,LOCUST,ST, 03/18/2021,S LOCUST ST
OPEN,224,-226,,WEST SIDE,AVE, 10/16/2020,WEST SIDE AVE
OPEN,224,,,FREDERICK,ST, 04/03/2020,FREDERICK ST
OPEN,224,,S,LOCUST,ST, 10/02/2020,S LOCUST ST
OPEN,224,,,WEST SIDE,AVE, 07/10/2020,WEST SIDE AVE
OPEN,224,,,WEST SIDE,AVE, 09/29/2020,WEST SIDE AVE
OPEN,225,-227,,ALEXANDER,ST, 04/20/2021,ALEXANDER ST
OPEN,225,-227,W,FRANKLIN,ST, 11/12/2020,W FRANKLIN ST
OPEN,225,-229,,JONATHAN,ST, 10/30/2020,JONATHAN ST
OPEN,225,,,JONATHAN,ST, 01/21/2020,JONATHAN ST
OPEN,225,,N,LOCUST,ST, 03/15/2021,N LOCUST ST
OPEN,226,,,ALEXANDER,ST, 02/23/2020,ALEXANDER ST
OPEN,226,,S,MULBERRY,ST, 07/10/2020,S MULBERRY ST
OPEN,226,,,WEST SIDE,AVE, 07/10/2020,WEST SIDE AVE
OPEN,227,-229,,EAST,AVE, 02/09/2021,EAST AVE
OPEN,227,,N,MULBERRY,ST, 08/03/2020,N MULBERRY ST
OPEN,227,,N,MULBERRY,ST, 08/12/2020,N MULBERRY ST
OPEN,227,,S,LOCUST,ST, 02/23/2021,S LOCUST ST
OPEN,227,,S,LOCUST,ST, 08/12/2020,S LOCUST ST
OPEN,228,,N,LOCUST,ST, 01/19/2020,N LOCUST ST
OPEN,228,,N,LOCUST,ST, 04/06/2020,N LOCUST ST
OPEN,228,,N,MULBERRY,ST, 12/22/2020,N MULBERRY ST
OPEN,229,,,WEST SIDE,AVE, 10/19/2020,WEST SIDE AVE
OPEN,230,,,FREDERICK,ST, 08/11/2020,FREDERICK ST
OPEN,230,,N,MULBERRY,ST, 02/01/2021,N MULBERRY ST
OPEN,230,,N,MULBERRY,ST, 02/04/2021,N MULBERRY ST
OPEN,230,,S,LOCUST,ST, 07/22/2020,S LOCUST ST
OPEN,230,,S,LOCUST,ST, 11/12/2020,S LOCUST ST
OPEN,231,-233,S,PROSPECT,ST, 10/30/2020,S PROSPECT ST
OPEN,231,,,EAST,AVE, 11/03/2020,EAST AVE
OPEN,231,,,EAST,AVE, 12/11/2020,EAST AVE
OPEN,231,,W,FRANKLIN,ST, 02/22/2020,W FRANKLIN ST
OPEN,232,-234,,JEFFERSON,ST, 02/28/2020,JEFFERSON ST
OPEN,232,,,BELVIEW,AVE, 04/16/2020,BELVIEW AVE
OPEN,232,,E,FRANKLIN,ST, 11/05/2020,E FRANKLIN ST
OPEN,232,,N,POTOMAC,ST, 11/30/2020,N POTOMAC ST
OPEN,233,,S,LOCUST,ST, 11/12/2020,S LOCUST ST
OPEN,234,,,ALEXANDER,ST, 03/06/2020,ALEXANDER ST
OPEN,235,,S,PROSPECT,ST, 10/30/2020,S PROSPECT ST
OPEN,236,,N,MULBERRY,ST, 02/04/2020,N MULBERRY ST
OPEN,236,,S,MULBERRY,ST, 09/17/2020,S MULBERRY ST
OPEN,237,,,JEFFERSON,ST, 10/19/2020,JEFFERSON ST
OPEN,237,,,WINTER,ST, 04/19/2021,WINTER ST
OPEN,238,,N,LOCUST,ST, 03/09/2020,N LOCUST ST
OPEN,238,,S,MULBERRY,ST, 09/17/2020,S MULBERRY ST
OPEN,239,-241,N,MULBERRY,ST, 02/04/2020,N MULBERRY ST
OPEN,239,,E,BALTIMORE,ST, 03/07/2020,E BALTIMORE ST
OPEN,239,,,MERRBAUGH,DR, 04/16/2021,MERRBAUGH DR
OPEN,239,,N,MULBERRY,ST, 01/15/2020,N MULBERRY ST
OPEN,240,-242,,WEST SIDE,AVE, 10/16/2020,WEST SIDE AVE
OPEN,240,,E,WASHINGTON,ST, 03/10/2020,E WASHINGTON ST
OPEN,240,,E,WASHINGTON,ST, 10/12/2020,E WASHINGTON ST
OPEN,240,,,JEFFERSON,ST, 01/28/2020,JEFFERSON ST
OPEN,240,,,JONATHAN,ST, 10/30/2020,JONATHAN ST
OPEN,240,,S,MULBERRY,ST, 02/24/2021,S MULBERRY ST
OPEN,240,,S,MULBERRY,ST, 09/17/2020,S MULBERRY ST
OPEN,241,,N,LOCUST,ST, 06/10/2020,N LOCUST ST
OPEN,241,,N,LOCUST,ST, 12/03/2020,N LOCUST ST
OPEN,241,,S,LOCUST,ST, 09/08/2020,S LOCUST ST
OPEN,241,,S,LOCUST,ST, 11/12/2020,S LOCUST ST
OPEN,241,,S,POTOMAC,ST, 04/19/2021,S POTOMAC ST
OPEN,242,-244,,WINTER,ST, 04/20/2021,WINTER ST
OPEN,242,-244,,WINTER,ST, 10/15/2020,WINTER ST
OPEN,243,,N,LOCUST,ST, 06/10/2020,N LOCUST ST
OPEN,243,,N,POTOMAC,ST, 11/30/2020,N POTOMAC ST
OPEN,244,-246,N,LOCUST,ST, 03/09/2020,N LOCUST ST
OPEN,245,-247,,WEST SIDE,AVE, 04/20/2021,WEST SIDE AVE
OPEN,245,,,BRYAN,PL, 09/17/2020,BRYAN PL
OPEN,245,,,JONATHAN,ST, 10/30/2020,JONATHAN ST
OPEN,245,,N,POTOMAC,ST, 11/30/2020,N POTOMAC ST
OPEN,246,-248,N,MULBERRY,ST, 02/04/2020,N MULBERRY ST
OPEN,247,,S,PROSPECT,ST, 07/12/2020,S PROSPECT ST
OPEN,247,,S,PROSPECT,ST, 09/02/2020,S PROSPECT ST
OPEN,247,,S,PROSPECT,ST, 09/15/2020,S PROSPECT ST
OPEN,248,,,FREDERICK,ST, 04/06/2021,FREDERICK ST
OPEN,249,-251,,FREDERICK,ST, 10/21/2020,FREDERICK ST
OPEN,249,,,FREDERICK,ST, 02/26/2021,FREDERICK ST
OPEN,250,,N,MULBERRY,ST, 11/25/2020,N MULBERRY ST
OPEN,252,,S,MULBERRY,ST, 09/17/2020,S MULBERRY ST
OPEN,253,,E,HOWARD,ST, 08/24/2020,E HOWARD ST
OPEN,253,,S,MULBERRY,ST, 01/23/2020,S MULBERRY ST
OPEN,253,,S,MULBERRY,ST, 01/28/2020,S MULBERRY ST
OPEN,253,,,SUMMIT,AVE, 04/22/2021,SUMMIT AVE
OPEN,256,,S,MULBERRY,ST, 09/17/2020,S MULBERRY ST
OPEN,257,,S,PROSPECT,ST, 10/30/2020,S PROSPECT ST
OPEN,260,,,FREDERICK,ST, 10/12/2020,FREDERICK ST
OPEN,265,-267,S,PROSPECT,ST, 10/30/2020,S PROSPECT ST
OPEN,266,,S,PROSPECT,ST, 02/21/2020,S PROSPECT ST
OPEN,267,-269,S,POTOMAC,ST, 10/16/2020,S POTOMAC ST
OPEN,280,,,MILL,ST, 09/15/2020,MILL ST
OPEN,280,,S,PROSPECT,ST, 10/30/2020,S PROSPECT ST
OPEN,282,-284,S,POTOMAC,ST, 01/03/2020,S POTOMAC ST
OPEN,284,,,FREDERICK,ST, 02/24/2021,FREDERICK ST
OPEN,284,,,FREDERICK,ST, 03/31/2021,FREDERICK ST
OPEN,284,,S,POTOMAC,ST, 01/03/2020,S POTOMAC ST
OPEN,284,,S,POTOMAC,ST, 01/18/2020,S POTOMAC ST
OPEN,291,-293,,FREDERICK,ST, 10/23/2020,FREDERICK ST
OPEN,291,-293,,FREDERICK,ST, 12/19/2020,FREDERICK ST
OPEN,300,,,NORTHERN,AVE, 09/16/2020,NORTHERN AVE
OPEN,300,,S,CANNON,AVE, 02/25/2020,S CANNON AVE
OPEN,300,,S,CANNON,AVE, 11/09/2020,S CANNON AVE
OPEN,300,,S,MULBERRY,ST, 09/17/2020,S MULBERRY ST
OPEN,300,,,WOODPOINT,AVE, 05/27/2020,WOODPOINT AVE
OPEN,301,,E,ANTIETAM,ST, 10/23/2020,E ANTIETAM ST
OPEN,301,,E,WASHINGTON,ST, 09/05/2020,E WASHINGTON ST
OPEN,301,,E,WILSON,BLVD, 11/09/2020,E WILSON BLVD
OPEN,301,,N,CANNON,AVE, 03/05/2021,N CANNON AVE
OPEN,301,,N,MULBERRY,ST, 02/04/2020,N MULBERRY ST
OPEN,301,,S,POTOMAC,ST, 03/29/2021,S POTOMAC ST
OPEN,301,,S,POTOMAC,ST, 03/30/2021,S POTOMAC ST
OPEN,301,,S,POTOMAC,ST, 09/16/2020,S POTOMAC ST
OPEN,301,,W,WILSON,BLVD, 10/12/2020,W WILSON BLVD
OPEN,302,,N,CANNON,AVE, 02/23/2021,N CANNON AVE
OPEN,302,,S,MULBERRY,ST, 09/17/2020,S MULBERRY ST
OPEN,303,-305,E,WILSON,BLVD, 01/10/2020,E WILSON BLVD
OPEN,303,-305,E,WILSON,BLVD, 11/09/2020,E WILSON BLVD
OPEN,303,,,VALLEY,RD, 05/14/2020,VALLEY RD
OPEN,304,-306,S,LOCUST,ST, 03/23/2021,S LOCUST ST
OPEN,304,,,BELVIEW,AVE, 04/27/2021,BELVIEW AVE
OPEN,305,,N,LOCUST,ST, 03/09/2020,N LOCUST ST
OPEN,307,,N,LOCUST,ST, 09/16/2020,N LOCUST ST
OPEN,307,,N,LOCUST,ST, 11/25/2020,N LOCUST ST
OPEN,307,,S,POTOMAC,ST, 02/01/2020,S POTOMAC ST
OPEN,307,,S,POTOMAC,ST, 04/08/2021,S POTOMAC ST
OPEN,307,,S,POTOMAC,ST, 07/19/2020,S POTOMAC ST
OPEN,308,,,AVON,RD, 06/14/2020,AVON RD
OPEN,308,,E,WILSON,BLVD, 10/02/2020,E WILSON BLVD
OPEN,308,,S,LOCUST,ST, 07/13/2020,S LOCUST ST
OPEN,308,,S,LOCUST,ST, 09/23/2020,S LOCUST ST
OPEN,309,-311,N,LOCUST,ST, 03/09/2020,N LOCUST ST
OPEN,309,,N,LOCUST,ST, 03/02/2020,N LOCUST ST
OPEN,309,,N,LOCUST,ST, 07/15/2020,N LOCUST ST
OPEN,309,,N,MULBERRY,ST, 02/04/2020,N MULBERRY ST
OPEN,309,,,SUMMIT,AVE, 04/09/2021,SUMMIT AVE
OPEN,309,,,SUMMIT,AVE, 11/04/2020,SUMMIT AVE
OPEN,309,,,SUMMIT,AVE, 12/07/2020,SUMMIT AVE
OPEN,310,-312,N,MULBERRY,ST, 02/04/2020,N MULBERRY ST
OPEN,310,,W,HOWARD,ST, 07/01/2020,W HOWARD ST
OPEN,311,,,JONATHAN,ST, 01/30/2020,JONATHAN ST
OPEN,312,,,HENRY,AVE, 07/04/2020,HENRY AVE
OPEN,312,,N,LOCUST,ST, 03/09/2020,N LOCUST ST
OPEN,312,,N,MULBERRY,ST, 02/24/2020,N MULBERRY ST
OPEN,312,,S,LOCUST,ST, 02/13/2020,S LOCUST ST
OPEN,312,,S,POTOMAC,ST, 03/11/2021,S POTOMAC ST
OPEN,312,,,WEST SIDE,AVE, 03/02/2021,WEST SIDE AVE
OPEN,312,,,WEST SIDE,AVE, 04/20/2021,WEST SIDE AVE
OPEN,313,-315,S,BURHANS,BLVD, 09/11/2020,S BURHANS BLVD
OPEN,313,,E,WILSON,BLVD, 10/07/2020,E WILSON BLVD
OPEN,313,,N,LOCUST,ST, 03/09/2020,N LOCUST ST
OPEN,313,,S,CANNON,AVE, 04/27/2021,S CANNON AVE
OPEN,313,,S,CANNON,AVE, 07/16/2020,S CANNON AVE
OPEN,314,,,HENRY,AVE, 07/04/2020,HENRY AVE
OPEN,314,,,KEY,AVE, 09/16/2020,KEY AVE
OPEN,314,,,WEST SIDE,AVE, 04/29/2021,WEST SIDE AVE
OPEN,315,-317,,CENTRAL,AVE, 09/22/2020,CENTRAL AVE
OPEN,315,,S,CANNON,AVE, 04/27/2021,S CANNON AVE
OPEN,316,-318,S,POTOMAC,ST, 04/30/2020,S POTOMAC ST
OPEN,316,-318,S,POTOMAC,ST, 08/30/2020,S POTOMAC ST
OPEN,316,,,HENRY,AVE, 07/04/2020,HENRY AVE
OPEN,316,,,JONATHAN,ST, 02/15/2020,JONATHAN ST
OPEN,316,,,LIBERTY,ST, 04/29/2021,LIBERTY ST
OPEN,316,,,LINGANORE,AVE, 03/04/2021,LINGANORE AVE
OPEN,316,,N,MULBERRY,ST, 08/03/2020,N MULBERRY ST
OPEN,316,,N,PROSPECT,ST, 01/03/2020,N PROSPECT ST
OPEN,316,,S,POTOMAC,ST, 10/14/2020,S POTOMAC ST
OPEN,316,,,WEST SIDE,AVE, 04/20/2021,WEST SIDE AVE
OPEN,317,,S,BURHANS,BLVD, 03/26/2020,S BURHANS BLVD
OPEN,317,,S,CANNON,AVE, 04/27/2021,S CANNON AVE
OPEN,317,,S,LOCUST,ST, 09/08/2020,S LOCUST ST
OPEN,318,,,HENRY,AVE, 07/04/2020,HENRY AVE
OPEN,318,,,LINGANORE,AVE, 03/04/2021,LINGANORE AVE
OPEN,318,,S,POTOMAC,ST, 08/29/2020,S POTOMAC ST
OPEN,318,,S,POTOMAC,ST, 08/30/2020,S POTOMAC ST
OPEN,318,,S,POTOMAC,ST, 09/18/2020,S POTOMAC ST
OPEN,319,,,JONATHAN,ST, 10/29/2020,JONATHAN ST
OPEN,319,,,RIDGE,AVE, 04/26/2021,RIDGE AVE
OPEN,319,,,WAKEFIELD,RD, 04/19/2021,WAKEFIELD RD
OPEN,320,-322,N,LOCUST,ST, 03/09/2020,N LOCUST ST
OPEN,320,-322,S,MULBERRY,ST, 09/17/2020,S MULBERRY ST
OPEN,320,,,AVON,RD, 04/16/2020,AVON RD
OPEN,320,,,AVON,RD, 04/20/2021,AVON RD
OPEN,320,,,HENRY,AVE, 07/04/2020,HENRY AVE
OPEN,320,,,LINGANORE,AVE, 02/25/2021,LINGANORE AVE
OPEN,320,,S,BURHANS,BLVD, 01/11/2020,S BURHANS BLVD
OPEN,320,,S,BURHANS,BLVD, 06/16/2020,S BURHANS BLVD
OPEN,320,,S,BURHANS,BLVD, 06/28/2020,S BURHANS BLVD
OPEN,320,,S,BURHANS,BLVD, 07/26/2020,S BURHANS BLVD
OPEN,320,,S,BURHANS,BLVD, 09/11/2020,S BURHANS BLVD
OPEN,320,,S,MONT VALLA,AVE, 07/29/2020,S MONT VALLA AVE
OPEN,321,,,MITCHELL,AVE, 04/20/2021,MITCHELL AVE
OPEN,321,,N,LOCUST,ST, 04/16/2021,N LOCUST ST
OPEN,321,,S,MULBERRY,ST, 06/04/2020,S MULBERRY ST
OPEN,321,,S,MULBERRY,ST, 09/16/2020,S MULBERRY ST
OPEN,321,,S,POTOMAC,ST, 10/26/2020,S POTOMAC ST
OPEN,322,,,HENRY,AVE, 07/04/2020,HENRY AVE
OPEN,322,,,LINGANORE,AVE, 02/26/2021,LINGANORE AVE
OPEN,322,,N,POTOMAC,ST, 01/18/2020,N POTOMAC ST
OPEN,322,,N,POTOMAC,ST, 03/01/2020,N POTOMAC ST
OPEN,322,,W,HOWARD,ST, 06/21/2020,W HOWARD ST
OPEN,323,-325,N,POTOMAC,ST, 03/12/2020,N POTOMAC ST
OPEN,323,-325,S,CANNON,AVE, 09/29/2020,S CANNON AVE
OPEN,323,,,RIDGE,AVE, 04/16/2021,RIDGE AVE
OPEN,323,,S,LOCUST,ST, 05/22/2020,S LOCUST ST
OPEN,323,,,WAKEFIELD,RD, 04/19/2021,WAKEFIELD RD
OPEN,324,,N,LOCUST,ST, 07/06/2020,N LOCUST ST
OPEN,324,,,WAKEFIELD,RD, 10/15/2020,WAKEFIELD RD
OPEN,325,-327,,MITCHELL,AVE, 04/20/2021,MITCHELL AVE
OPEN,326,,,HENRY,AVE, 07/04/2020,HENRY AVE
OPEN,326,,,JONATHAN,ST, 01/04/2020,JONATHAN ST
OPEN,326,,,JONATHAN,ST, 01/11/2020,JONATHAN ST
OPEN,327,,E,WILSON,BLVD, 04/06/2021,E WILSON BLVD
OPEN,327,,E,WILSON,BLVD, 10/07/2020,E WILSON BLVD
OPEN,327,,,JONATHAN,ST, 06/15/2020,JONATHAN ST
OPEN,327,,,JONATHAN,ST, 08/10/2020,JONATHAN ST
OPEN,328,-330,,WEST SIDE,AVE, 10/19/2020,WEST SIDE AVE
OPEN,328,,,HENRY,AVE, 07/04/2020,HENRY AVE
OPEN,328,,S,POTOMAC,ST, 05/25/2020,S POTOMAC ST
OPEN,328,,W,HOWARD,ST, 04/28/2021,W HOWARD ST
OPEN,329,-331,S,MONT VALLA,AVE, 04/19/2021,S MONT VALLA AVE
OPEN,329,,,JONATHAN,ST, 06/15/2020,JONATHAN ST
OPEN,329,,,JONATHAN,ST, 08/10/2020,JONATHAN ST
OPEN,330,,,CENTRAL,AVE, 09/22/2020,CENTRAL AVE
OPEN,330,,,FREDERICK,ST, 04/27/2021,FREDERICK ST
OPEN,330,,,HENRY,AVE, 07/04/2020,HENRY AVE
OPEN,330,,,MCDOWELL,AVE, 10/22/2020,MCDOWELL AVE
OPEN,330,,N,MULBERRY,ST, 01/30/2020,N MULBERRY ST
OPEN,330,,N,MULBERRY,ST, 07/24/2020,N MULBERRY ST
OPEN,330,,N,MULBERRY,ST, 11/25/2020,N MULBERRY ST
OPEN,330,,S,BURHANS,BLVD, 05/26/2020,S BURHANS BLVD
OPEN,331,,,SUMMIT,AVE, 04/02/2020,SUMMIT AVE
OPEN,331,,,SUMMIT,AVE, 07/29/2020,SUMMIT AVE
OPEN,332,-334,S,LOCUST,ST, 11/12/2020,S LOCUST ST
OPEN,332,,,HENRY,AVE, 07/04/2020,HENRY AVE
OPEN,332,,S,BURHANS,BLVD, 09/05/2020,S BURHANS BLVD
OPEN,333,,N,CANNON,AVE, 04/27/2021,N CANNON AVE
OPEN,333,,N,LOCUST,ST, 07/06/2020,N LOCUST ST
OPEN,333,,N,LOCUST,ST, 07/22/2020,N LOCUST ST
OPEN,333,,,SOUTH,ST, 04/20/2021,SOUTH ST
OPEN,334,,,HENRY,AVE, 07/04/2020,HENRY AVE
OPEN,334,,,LIBERTY,ST, 03/14/2020,LIBERTY ST
OPEN,334,,,MCDOWELL,AVE, 04/20/2021,MCDOWELL AVE
OPEN,334,,,MITCHELL,AVE, 08/05/2020,MITCHELL AVE
OPEN,334,,S,LOCUST,ST, 02/07/2020,S LOCUST ST
OPEN,335,,,BELVIEW,AVE, 06/17/2020,BELVIEW AVE
OPEN,335,,,JONATHAN,ST, 04/06/2020,JONATHAN ST
OPEN,335,,,JONATHAN,ST, 08/10/2020,JONATHAN ST
OPEN,335,,S,LOCUST,ST, 04/13/2021,S LOCUST ST
OPEN,335,,S,LOCUST,ST, 11/16/2020,S LOCUST ST
OPEN,335,,S,MULBERRY,ST, 09/17/2020,S MULBERRY ST
OPEN,335,,,SOUTH,ST, 11/02/2020,SOUTH ST
OPEN,336,,,HENRY,AVE, 07/03/2020,HENRY AVE
OPEN,336,,,HENRY,AVE, 07/04/2020,HENRY AVE
OPEN,336,,S,LOCUST,ST, 09/08/2020,S LOCUST ST
OPEN,337,,,JONATHAN,ST, 08/10/2020,JONATHAN ST
OPEN,337,,N,POTOMAC,ST, 03/12/2020,N POTOMAC ST
OPEN,337,,N,POTOMAC,ST, 11/30/2020,N POTOMAC ST
OPEN,338,,,HENRY,AVE, 07/04/2020,HENRY AVE
OPEN,338,,S,LOCUST,ST, 03/31/2021,S LOCUST ST
OPEN,338,,S,LOCUST,ST, 11/12/2020,S LOCUST ST
OPEN,339,,,JONATHAN,ST, 04/20/2021,JONATHAN ST
OPEN,339,,S,BURHANS,BLVD, 07/19/2020,S BURHANS BLVD
OPEN,339,,S,LOCUST,ST, 11/16/2020,S LOCUST ST
OPEN,340,,,HENRY,AVE, 07/04/2020,HENRY AVE
OPEN,340,,,JONATHAN,ST, 02/25/2020,JONATHAN ST
OPEN,340,,,JONATHAN,ST, 10/30/2020,JONATHAN ST
OPEN,341,,,WOODPOINT,AVE, 06/30/2020,WOODPOINT AVE
OPEN,342,-344,,SOUTH,ST, 11/02/2020,SOUTH ST
OPEN,342,,,HENRY,AVE, 07/04/2020,HENRY AVE
OPEN,342,,N,MULBERRY,ST, 11/25/2020,N MULBERRY ST
OPEN,343,-345,,CENTRAL,AVE, 10/22/2020,CENTRAL AVE
OPEN,344,-346,S,LOCUST,ST, 11/12/2020,S LOCUST ST
OPEN,344,,,HENRY,AVE, 07/04/2020,HENRY AVE
OPEN,345,,,EASTRIDGE,DR, 08/24/2020,EASTRIDGE DR
OPEN,345,,N,POTOMAC,ST, 11/30/2020,N POTOMAC ST
OPEN,345,,,RIDGE,AVE, 04/16/2021,RIDGE AVE
OPEN,345,,,WEST SIDE,AVE, 10/16/2020,WEST SIDE AVE
OPEN,345,,,WOODPOINT,AVE, 10/16/2020,WOODPOINT AVE
OPEN,346,,,HENRY,AVE, 07/04/2020,HENRY AVE
OPEN,347,,,BELVIEW,AVE, 04/22/2021,BELVIEW AVE
OPEN,347,,,BELVIEW,AVE, 10/06/2020,BELVIEW AVE
OPEN,347,,S,POTOMAC,ST, 04/07/2021,S POTOMAC ST
OPEN,347,,S,POTOMAC,ST, 09/24/2020,S POTOMAC ST
OPEN,348,,,HENRY,AVE, 07/04/2020,HENRY AVE
OPEN,348,,S,CANNON,AVE, 03/26/2020,S CANNON AVE
OPEN,348,,S,LOCUST,ST, 10/19/2020,S LOCUST ST
OPEN,349,,,HENRY,AVE, 07/11/2020,HENRY AVE
OPEN,349,,,HENRY,AVE, 07/15/2020,HENRY AVE
OPEN,349,,,LINGANORE,AVE, 09/22/2020,LINGANORE AVE
OPEN,349,,,RADCLIFFE,AVE, 07/16/2020,RADCLIFFE AVE
OPEN,350,,,DUAL,HWY, 09/07/2020,DUAL HWY
OPEN,350,,S,MULBERRY,ST, 09/11/2020,S MULBERRY ST
OPEN,350,,,YORKSHIRE,DR, 08/21/2020,YORKSHIRE DR
OPEN,351,,,HENRY,AVE, 07/02/2020,HENRY AVE
OPEN,351,,,HENRY,AVE, 07/11/2020,HENRY AVE
OPEN,351,,,VALE,ST, 08/28/2020,VALE ST
OPEN,352,-354,,CENTRAL,AVE, 04/29/2021,CENTRAL AVE
OPEN,352,-354,S,LOCUST,ST, 11/12/2020,S LOCUST ST
OPEN,352,,,HENRY,AVE, 07/04/2020,HENRY AVE
OPEN,352,,S,CLEVELAND,AVE, 09/15/2020,S CLEVELAND AVE
OPEN,353,,,YORKSHIRE,DR, 04/28/2021,YORKSHIRE DR
OPEN,354,,,HENRY,AVE, 07/04/2020,HENRY AVE
OPEN,355,,S,CANNON,AVE, 04/27/2021,S CANNON AVE
OPEN,356,-358,,CENTRAL,AVE, 04/29/2021,CENTRAL AVE
OPEN,356,,,CENTRAL,AVE, 08/13/2020,CENTRAL AVE
OPEN,356,,,HENRY,AVE, 07/01/2020,HENRY AVE
OPEN,356,,,HENRY,AVE, 07/08/2020,HENRY AVE
OPEN,356,,,HENRY,AVE, 07/11/2020,HENRY AVE
OPEN,356,,,HENRY,AVE, 10/03/2020,HENRY AVE
OPEN,357,,,HENRY,AVE, 07/11/2020,HENRY AVE
OPEN,359,,,HENRY,AVE, 05/29/2020,HENRY AVE
OPEN,359,,S,CANNON,AVE, 04/27/2021,S CANNON AVE
OPEN,364,,S,LOCUST,ST, 07/27/2020,S LOCUST ST
OPEN,366,-368,,CENTRAL,AVE, 04/22/2021,CENTRAL AVE
OPEN,366,-368,,CENTRAL,AVE, 04/29/2021,CENTRAL AVE
OPEN,366,,S,CANNON,AVE, 04/27/2021,S CANNON AVE
OPEN,369,,,NOTTINGHAM,RD, 06/20/2020,NOTTINGHAM RD
OPEN,376,,S,CLEVELAND,AVE, 04/21/2021,S CLEVELAND AVE
OPEN,377,,S,CANNON,AVE, 05/23/2020,S CANNON AVE
OPEN,382,,S,CLEVELAND,AVE, 09/25/2020,S CLEVELAND AVE
OPEN,385,,S,CANNON,AVE, 08/24/2020,S CANNON AVE
OPEN,400,-402,,MITCHELL,AVE, 05/27/2020,MITCHELL AVE
OPEN,400,-410,N,PROSPECT,ST, 03/02/2020,N PROSPECT ST
OPEN,400,,,MECHANIC,ST, 07/22/2020,MECHANIC ST
OPEN,400,,,MICHIGAN,AVE, 02/04/2021,MICHIGAN AVE
OPEN,400,,,PARK,PL, 07/04/2020,PARK PL
OPEN,400,,S,BURHANS,BLVD, 03/29/2021,S BURHANS BLVD
OPEN,400,,S,BURHANS,BLVD, 04/26/2021,S BURHANS BLVD
OPEN,400,,,VIRGINIA,AVE, 07/27/2020,VIRGINIA AVE
OPEN,401,,,GUILFORD,AVE, 01/02/2020,GUILFORD AVE
OPEN,401,,,JEFFERSON,ST, 05/28/2020,JEFFERSON ST
OPEN,401,,N,BURHANS,BLVD, 07/29/2020,N BURHANS BLVD
OPEN,402,,,MITCHELL,AVE, 05/27/2020,MITCHELL AVE
OPEN,402,,,PARK,PL, 07/04/2020,PARK PL
OPEN,403,-405,,JONATHAN,ST, 10/30/2020,JONATHAN ST
OPEN,403,,,BROWN,AVE, 03/11/2021,BROWN AVE
OPEN,404,,,LIBERTY,ST, 07/16/2020,LIBERTY ST
OPEN,404,,,MITCHELL,AVE, 04/20/2021,MITCHELL AVE
OPEN,405,,,REYNOLDS,AVE, 12/01/2020,REYNOLDS AVE
OPEN,406,,,LINGANORE,AVE, 03/04/2020,LINGANORE AVE
OPEN,406,,,MCDOWELL,AVE, 09/11/2020,MCDOWELL AVE
OPEN,407,-409,S,POTOMAC,ST, 11/16/2020,S POTOMAC ST
OPEN,408,,,PARK,PL, 01/28/2020,PARK PL
OPEN,409,,,GEORGE,ST, 09/01/2020,GEORGE ST
OPEN,409,,N,MULBERRY,ST, 02/04/2020,N MULBERRY ST
OPEN,409,,S,POTOMAC,ST, 04/21/2021,S POTOMAC ST
OPEN,410,-412,W,FRANKLIN,ST, 04/20/2021,W FRANKLIN ST
OPEN,410,2-Jan,,GUILFORD,AVE, 12/01/2020,GUILFORD AVE
OPEN,410,,,GUILFORD,AVE, 12/01/2020,GUILFORD AVE
OPEN,410,,,MCDOWELL,AVE, 10/09/2020,MCDOWELL AVE
OPEN,410,,S,POTOMAC,ST, 11/16/2020,S POTOMAC ST
OPEN,411,,N,MULBERRY,ST, 02/04/2020,N MULBERRY ST
OPEN,411,,,PARK,PL, 01/11/2021,PARK PL
OPEN,411,,S,POTOMAC,ST, 05/11/2020,S POTOMAC ST
OPEN,413,�-415,,GEORGE,ST, 01/15/2020,GEORGE ST
OPEN,413,�-415,,GEORGE,ST, 04/19/2021,GEORGE ST
OPEN,413,-415,,MITCHELL,AVE, 10/22/2020,MITCHELL AVE
OPEN,413,,,INDIANA,AVE, 06/23/2020,INDIANA AVE
OPEN,414,-416,,JONATHAN,ST, 10/30/2020,JONATHAN ST
OPEN,414,-416,W,FRANKLIN,ST, 10/21/2020,W FRANKLIN ST
OPEN,414,,,MCDOWELL,AVE, 04/20/2021,MCDOWELL AVE
OPEN,414,,,PARK,PL, 06/16/2020,PARK PL
OPEN,414,,S,POTOMAC,ST, 09/19/2020,S POTOMAC ST
OPEN,415,,,REYNOLDS,AVE, 06/13/2020,REYNOLDS AVE
OPEN,415,,,REYNOLDS,AVE, 06/21/2020,REYNOLDS AVE
OPEN,415,,,REYNOLDS,AVE, 06/29/2020,REYNOLDS AVE
OPEN,415,,,REYNOLDS,AVE, 07/05/2020,REYNOLDS AVE
OPEN,415,,W,WASHINGTON,ST, 04/06/2021,W WASHINGTON ST
OPEN,416,,,SALEM,AVE, 03/12/2021,SALEM AVE
OPEN,416,,,SALEM,AVE, 10/02/2020,SALEM AVE
OPEN,416,,W,FRANKLIN,ST, 06/09/2020,W FRANKLIN ST
OPEN,417,-419,N,PROSPECT,ST, 03/02/2020,N PROSPECT ST
OPEN,417,-419,,SALEM,AVE, 08/18/2020,SALEM AVE
OPEN,417,,,CARROLTON,AVE, 04/20/2021,CARROLTON AVE
OPEN,417,,,PARK,PL, 08/28/2020,PARK PL
OPEN,417,,S,POTOMAC,ST, 09/16/2020,S POTOMAC ST
OPEN,418,,,MCDOWELL,AVE, 04/20/2021,MCDOWELL AVE
OPEN,418,,,MITCHELL,AVE, 04/19/2021,MITCHELL AVE
OPEN,418,,N,PROSPECT,ST, 03/01/2020,N PROSPECT ST
OPEN,418,,N,PROSPECT,ST, 07/02/2020,N PROSPECT ST
OPEN,419,-421,W,WASHINGTON,ST, 11/12/2020,W WASHINGTON ST
OPEN,419,,,LINGANORE,AVE, 04/20/2021,LINGANORE AVE
OPEN,419,,,SUMMIT,AVE, 03/04/2021,SUMMIT AVE
OPEN,420,-422,,SALEM,AVE, 08/19/2020,SALEM AVE
OPEN,420,,,FREEMONT,ST, 04/20/2021,FREEMONT ST
OPEN,420,,,FREEMONT,ST, 10/08/2020,FREEMONT ST
OPEN,420,,,SUMANS,AVE, 08/10/2020,SUMANS AVE
OPEN,421,,,CHURCH,ST, 03/29/2020,CHURCH ST
OPEN,421,,,CHURCH,ST, 05/26/2020,CHURCH ST
OPEN,421,,,CHURCH,ST, 07/01/2020,CHURCH ST
OPEN,421,,,CHURCH,ST, 07/02/2020,CHURCH ST
OPEN,421,,,CHURCH,ST, 08/05/2020,CHURCH ST
OPEN,421,,,CLARENDON,AVE, 06/20/2020,CLARENDON AVE
OPEN,421,,,GUILFORD,AVE, 10/30/2020,GUILFORD AVE
OPEN,421,,,SUMANS,AVE, 02/25/2020,SUMANS AVE
OPEN,421,,,SUMANS,AVE, 07/31/2020,SUMANS AVE
OPEN,422,,,SALEM,AVE, 04/28/2021,SALEM AVE
OPEN,423,,N,MULBERRY,ST, 05/08/2020,N MULBERRY ST
OPEN,423,,N,MULBERRY,ST, 05/21/2020,N MULBERRY ST
OPEN,423,,N,MULBERRY,ST, 07/21/2020,N MULBERRY ST
OPEN,423,,,WYOMING,AVE, 04/20/2021,WYOMING AVE
OPEN,424,-426,,MITCHELL,AVE, 04/20/2021,MITCHELL AVE
OPEN,424,-426,N,LOCUST,ST, 03/09/2020,N LOCUST ST
OPEN,424,-426,W,WASHINGTON,ST, 11/12/2020,W WASHINGTON ST
OPEN,424,,,PARK,PL, 01/01/2020,PARK PL
OPEN,424,,W,FRANKLIN,ST, 08/08/2020,W FRANKLIN ST
OPEN,425,,,GANDY DANCER,CT, 08/18/2020,GANDY DANCER CT
OPEN,425,,,MCDOWELL,AVE, 09/11/2020,MCDOWELL AVE
OPEN,425,,N,MULBERRY,ST, 02/04/2020,N MULBERRY ST
OPEN,425,,W,ANTIETAM,ST, 10/06/2020,W ANTIETAM ST
OPEN,426,-428,W,FRANKLIN,ST, 04/20/2021,W FRANKLIN ST
OPEN,426,,,GEORGE,ST, 10/21/2020,GEORGE ST
OPEN,426,,,MCDOWELL,AVE, 06/25/2020,MCDOWELL AVE
OPEN,426,,,MCDOWELL,AVE, 09/11/2020,MCDOWELL AVE
OPEN,426,,,PARK,PL, 07/11/2020,PARK PL
OPEN,426,,,PARK,PL, 07/14/2020,PARK PL
OPEN,427,,,CLARENDON,AVE, 09/22/2020,CLARENDON AVE
OPEN,427,,,JEFFERSON,ST, 08/19/2020,JEFFERSON ST
OPEN,428,,,MCDOWELL,AVE, 09/11/2020,MCDOWELL AVE
OPEN,428,,,MITCHELL,AVE, 04/19/2021,MITCHELL AVE
OPEN,428,,,VIRGINIA,AVE, 06/19/2020,VIRGINIA AVE
OPEN,428,,,VIRGINIA,AVE, 07/12/2020,VIRGINIA AVE
OPEN,429,,,CLARENDON,AVE, 11/04/2020,CLARENDON AVE
OPEN,430,,W,FRANKLIN,ST, 04/20/2021,W FRANKLIN ST
OPEN,431,-437,,CENTRAL,AVE, 09/22/2020,CENTRAL AVE
OPEN,431,,,DUAL,HWY, 06/23/2020,DUAL HWY
OPEN,431,,,DUAL,HWY, 06/30/2020,DUAL HWY
OPEN,431,,,DUAL,HWY, 09/02/2020,DUAL HWY
OPEN,431,,N,MULBERRY,ST, 08/12/2020,N MULBERRY ST
OPEN,432,,,MCDOWELL,AVE, 04/20/2021,MCDOWELL AVE
OPEN,432,,W,FRANKLIN,ST, 04/20/2021,W FRANKLIN ST
OPEN,433,-435,W,FRANKLIN,ST, 03/24/2021,W FRANKLIN ST
OPEN,433,,,CARROLTON,AVE, 04/20/2021,CARROLTON AVE
OPEN,433,,,CHURCH,ST, 08/04/2020,CHURCH ST
OPEN,433,,,CLARENDON,AVE, 09/16/2020,CLARENDON AVE
OPEN,433,,S,BURHANS,BLVD, 06/17/2020,S BURHANS BLVD
OPEN,434,-436,,CARROLTON,AVE, 04/20/2021,CARROLTON AVE
OPEN,434,,,KINSLOW,ST, 04/20/2021,KINSLOW ST
OPEN,434,,,MCDOWELL,AVE, 10/22/2020,MCDOWELL AVE
OPEN,434,,,MCDOWELL,AVE, 10/23/2020,MCDOWELL AVE
OPEN,434,,N,PROSPECT,ST, 03/02/2020,N PROSPECT ST
OPEN,434,,W,FRANKLIN,ST, 04/20/2021,W FRANKLIN ST
OPEN,435,,S,BURHANS,BLVD, 04/26/2021,S BURHANS BLVD
OPEN,436,-438,N,PROSPECT,ST, 03/02/2020,N PROSPECT ST
OPEN,436,,,LIBERTY,ST, 05/14/2020,LIBERTY ST
OPEN,436,,,MECHANIC,ST, 04/20/2021,MECHANIC ST
OPEN,436,,W,FRANKLIN,ST, 04/20/2021,W FRANKLIN ST
OPEN,436,,W,FRANKLIN,ST, 10/21/2020,W FRANKLIN ST
OPEN,436,,W,WASHINGTON,ST, 05/25/2020,W WASHINGTON ST
OPEN,437,-439,,JONATHAN,ST, 10/30/2020,JONATHAN ST
OPEN,437,,,CARROLTON,AVE, 01/23/2020,CARROLTON AVE
OPEN,437,,,CARROLTON,AVE, 04/20/2021,CARROLTON AVE
OPEN,437,,E,BALTIMORE,ST, 02/09/2021,E BALTIMORE ST
OPEN,437,,E,BALTIMORE,ST, 12/11/2020,E BALTIMORE ST
OPEN,437,,N,PROSPECT,ST, 03/02/2020,N PROSPECT ST
OPEN,438,-440,,MITCHELL,AVE, 07/01/2020,MITCHELL AVE
OPEN,438,,,MCDOWELL,AVE, 04/20/2021,MCDOWELL AVE
OPEN,438,,,MCDOWELL,AVE, 10/19/2020,MCDOWELL AVE
OPEN,438,,,MECHANIC,ST, 09/18/2020,MECHANIC ST
OPEN,438,,W,FRANKLIN,ST, 04/20/2021,W FRANKLIN ST
OPEN,438,,W,FRANKLIN,ST, 10/21/2020,W FRANKLIN ST
OPEN,439,,N,MULBERRY,ST, 02/04/2020,N MULBERRY ST
OPEN,439,,N,MULBERRY,ST, 03/10/2021,N MULBERRY ST
OPEN,439,,W,WASHINGTON,ST, 04/07/2021,W WASHINGTON ST
OPEN,439,,W,WASHINGTON,ST, 05/17/2020,W WASHINGTON ST
OPEN,440,-442,N,PROSPECT,ST, 03/02/2020,N PROSPECT ST
OPEN,440,,,COOK,ST, 09/17/2020,COOK ST
OPEN,440,,,GEORGE,ST, 10/21/2020,GEORGE ST
OPEN,440,,,MECHANIC,ST, 02/14/2020,MECHANIC ST
OPEN,440,,W,FRANKLIN,ST, 04/20/2021,W FRANKLIN ST
OPEN,441,,,CLARENDON,AVE, 04/13/2020,CLARENDON AVE
OPEN,441,,,CLARENDON,AVE, 09/03/2020,CLARENDON AVE
OPEN,441,,N,POTOMAC,ST, 04/10/2020,N POTOMAC ST
OPEN,441,,N,POTOMAC,ST, 06/07/2020,N POTOMAC ST
OPEN,441,,N,POTOMAC,ST, 11/30/2020,N POTOMAC ST
OPEN,442,,,JEFFERSON,ST, 12/15/2020,JEFFERSON ST
OPEN,444,,W,WASHINGTON,ST, 02/07/2020,W WASHINGTON ST
OPEN,444,,W,WASHINGTON,ST, 06/25/2020,W WASHINGTON ST
OPEN,444,,W,WASHINGTON,ST, 07/02/2020,W WASHINGTON ST
OPEN,446,,W,FRANKLIN,ST, 04/20/2021,W FRANKLIN ST
OPEN,446,,W,WASHINGTON,ST, 06/09/2020,W WASHINGTON ST
OPEN,447,-449,W,WASHINGTON,ST, 09/16/2020,W WASHINGTON ST
OPEN,448,,E,FIRST,ST, 01/28/2020,E FIRST ST
OPEN,448,,E,FIRST,ST, 09/24/2020,E FIRST ST
OPEN,448,,N,MULBERRY,ST, 02/04/2020,N MULBERRY ST
OPEN,448,,N,MULBERRY,ST, 09/18/2020,N MULBERRY ST
OPEN,449,,,CLARENDON,AVE, 02/02/2020,CLARENDON AVE
OPEN,449,,,CLARENDON,AVE, 04/13/2020,CLARENDON AVE
OPEN,449,,W,WASHINGTON,ST, 01/30/2020,W WASHINGTON ST
OPEN,451,-453,,CLARENDON,AVE, 02/04/2020,CLARENDON AVE
OPEN,451,-453,,CLARENDON,AVE, 09/02/2020,CLARENDON AVE
OPEN,451,-453,,CLARENDON,AVE, 09/03/2020,CLARENDON AVE
OPEN,451,-453,,CLARENDON,AVE, 10/06/2020,CLARENDON AVE
OPEN,451,-453,W,WASHINGTON,ST, 11/12/2020,W WASHINGTON ST
OPEN,451,,,PARK,PL, 12/02/2020,PARK PL
OPEN,452,,,PARK,PL, 12/02/2020,PARK PL
OPEN,453,,W,ANTIETAM,ST, 01/04/2020,W ANTIETAM ST
OPEN,453,,W,ANTIETAM,ST, 01/08/2020,W ANTIETAM ST
OPEN,453,,W,ANTIETAM,ST, 01/21/2020,W ANTIETAM ST
OPEN,453,,W,ANTIETAM,ST, 03/24/2021,W ANTIETAM ST
OPEN,454,,,JEFFERSON,ST, 08/31/2020,JEFFERSON ST
OPEN,455,,,JONATHAN,ST, 10/30/2020,JONATHAN ST
OPEN,455,,,PARK,PL, 02/20/2020,PARK PL
OPEN,456,,,PARK,PL, 08/03/2020,PARK PL
OPEN,456,,,SUMMIT,AVE, 08/28/2020,SUMMIT AVE
OPEN,457,-459,W,WASHINGTON,ST, 11/12/2020,W WASHINGTON ST
OPEN,457,,W,WASHINGTON,ST, 05/07/2020,W WASHINGTON ST
OPEN,457,,W,WASHINGTON,ST, 05/30/2020,W WASHINGTON ST
OPEN,457,,W,WASHINGTON,ST, 06/01/2020,W WASHINGTON ST
OPEN,457,,W,WASHINGTON,ST, 08/06/2020,W WASHINGTON ST
OPEN,457,,W,WASHINGTON,ST, 10/15/2020,W WASHINGTON ST
OPEN,458,-460,,PARK,PL, 12/02/2020,PARK PL
OPEN,460,,N,POTOMAC,ST, 11/30/2020,N POTOMAC ST
OPEN,462,,,JONATHAN,ST, 01/12/2020,JONATHAN ST
OPEN,463,,,PARK,PL, 05/14/2020,PARK PL
OPEN,464,,,JONATHAN,ST, 10/22/2020,JONATHAN ST
OPEN,474,,N,POTOMAC,ST, 11/30/2020,N POTOMAC ST
OPEN,494,,,MITCHELL,AVE, 09/17/2020,MITCHELL AVE
OPEN,500,,N,MULBERRY,ST, 02/04/2020,N MULBERRY ST
OPEN,500,,N,MULBERRY,ST, 08/04/2020,N MULBERRY ST
OPEN,501,,,INDIANA,AVE, 12/10/2020,INDIANA AVE
OPEN,503,,W,WASHINGTON,ST, 04/08/2020,W WASHINGTON ST
OPEN,505,-507,W,WASHINGTON,ST, 04/07/2021,W WASHINGTON ST
OPEN,505,,W,FRANKLIN,ST, 08/07/2020,W FRANKLIN ST
OPEN,509,,,FREDERICK,ST, 01/06/2020,FREDERICK ST
OPEN,509,,,FREDERICK,ST, 11/12/2020,FREDERICK ST
OPEN,510,-512,,SALEM,AVE, 08/19/2020,SALEM AVE
OPEN,510,,,CHURCH,ST, 03/10/2020,CHURCH ST
OPEN,511,,,FREDERICK,ST, 11/12/2020,FREDERICK ST
OPEN,512,,,CHURCH,ST, 04/20/2021,CHURCH ST
OPEN,513,,,CHURCH,ST, 01/09/2020,CHURCH ST
OPEN,514,,,CHURCH,ST, 04/20/2021,CHURCH ST
OPEN,515,,,HAMMOND,ST, 03/20/2020,HAMMOND ST
OPEN,515,,,PAPA,CT, 06/06/2020,PAPA CT
OPEN,515,,,PAPA,CT, 06/13/2020,PAPA CT
OPEN,516,-518,,GEORGE,ST, 04/19/2021,GEORGE ST
OPEN,516,-518,,GEORGE,ST, 05/03/2020,GEORGE ST
OPEN,516,-518,,GEORGE,ST, 05/24/2020,GEORGE ST
OPEN,516,-518,,GEORGE,ST, 06/25/2020,GEORGE ST
OPEN,516,,,GEORGE,ST, 04/03/2020,GEORGE ST
OPEN,516,,,GEORGE,ST, 07/15/2020,GEORGE ST
OPEN,517,-521,,FREDERICK,ST, 10/26/2020,FREDERICK ST
OPEN,517,,,CHURCH,ST, 04/20/2021,CHURCH ST
OPEN,518,,,CHURCH,ST, 06/06/2020,CHURCH ST
OPEN,518,,,GEORGE,ST, 01/29/2020,GEORGE ST
OPEN,518,,,GEORGE,ST, 02/02/2020,GEORGE ST
OPEN,518,,,GEORGE,ST, 06/21/2020,GEORGE ST
OPEN,518,,,GEORGE,ST, 06/25/2020,GEORGE ST
OPEN,518,,,GEORGE,ST, 06/28/2020,GEORGE ST
OPEN,518,,,GEORGE,ST, 07/15/2020,GEORGE ST
OPEN,518,,,GEORGE,ST, 07/17/2020,GEORGE ST
OPEN,521,,,LYNNEHAVEN,DR, 05/01/2020,LYNNEHAVEN DR
OPEN,521,,N,MULBERRY,ST, 09/18/2020,N MULBERRY ST
OPEN,521,,W,FRANKLIN,ST, 01/27/2020,W FRANKLIN ST
OPEN,522,,,GEORGE,ST, 04/19/2021,GEORGE ST
OPEN,523,,,SUMMIT,AVE, 04/28/2021,SUMMIT AVE
OPEN,524,,,FREDERICK,ST, 07/13/2020,FREDERICK ST
OPEN,524,,,JEFFERSON,ST, 08/19/2020,JEFFERSON ST
OPEN,525,-527,S,POTOMAC,ST, 11/16/2020,S POTOMAC ST
OPEN,529,,W,WILSON,BLVD, 01/10/2020,W WILSON BLVD
OPEN,529,,W,WILSON,BLVD, 10/12/2020,W WILSON BLVD
OPEN,530,-532,,WASHINGTON,AVE, 02/03/2020,WASHINGTON AVE
OPEN,531,,,SALEM,AVE, 04/28/2021,SALEM AVE
OPEN,532,,N,MULBERRY,ST, 02/04/2020,N MULBERRY ST
OPEN,533,-535,,FREDERICK,ST, 10/26/2020,FREDERICK ST
OPEN,533,,N,LOCUST,ST, 07/22/2020,N LOCUST ST
OPEN,533,,N,MULBERRY,ST, 02/03/2020,N MULBERRY ST
OPEN,535,-537,,SALEM,AVE, 08/19/2020,SALEM AVE
OPEN,535,,N,LOCUST,ST, 03/09/2020,N LOCUST ST
OPEN,535,,W,FRANKLIN,ST, 12/16/2020,W FRANKLIN ST
OPEN,537,,,BROWN,AVE, 01/26/2021,BROWN AVE
OPEN,537,,,MARYLAND,AVE, 04/22/2021,MARYLAND AVE
OPEN,538,,,GUILFORD,AVE, 04/28/2021,GUILFORD AVE
OPEN,539,,,FREDERICK,ST, 10/23/2020,FREDERICK ST
OPEN,540,-542,N,MULBERRY,ST, 02/03/2020,N MULBERRY ST
OPEN,540,,,GUILFORD,AVE, 06/21/2020,GUILFORD AVE
OPEN,541,,,CHURCH,ST, 06/18/2020,CHURCH ST
OPEN,542,,,CHURCH,ST, 04/19/2021,CHURCH ST
OPEN,543,,,FREDERICK,ST, 04/06/2021,FREDERICK ST
OPEN,546,,,FREDERICK,ST, 11/09/2020,FREDERICK ST
OPEN,546,,N,LOCUST,ST, 07/22/2020,N LOCUST ST
OPEN,547,,N,MULBERRY,ST, 02/03/2020,N MULBERRY ST
OPEN,551,,,CHURCH,ST, 01/07/2021,CHURCH ST
OPEN,551,,,CHURCH,ST, 04/11/2020,CHURCH ST
OPEN,551,,,CHURCH,ST, 04/20/2021,CHURCH ST
OPEN,551,,,CHURCH,ST, 06/18/2020,CHURCH ST
OPEN,551,,,CHURCH,ST, 06/25/2020,CHURCH ST
OPEN,551,,,CHURCH,ST, 07/04/2020,CHURCH ST
OPEN,551,,,CHURCH,ST, 07/15/2020,CHURCH ST
OPEN,551,,,CHURCH,ST, 07/26/2020,CHURCH ST
OPEN,552,,,SALEM,AVE, 05/22/2020,SALEM AVE
OPEN,553,,,CHURCH,ST, 10/21/2020,CHURCH ST
OPEN,553,,,SALEM,AVE, 08/19/2020,SALEM AVE
OPEN,554,,,SALEM,AVE, 03/12/2021,SALEM AVE
OPEN,560,,,LIBERTY,ST, 09/03/2020,LIBERTY ST
OPEN,565,-567,,SALEM,AVE, 01/05/2021,SALEM AVE
OPEN,568,,,SALEM,AVE, 04/22/2021,SALEM AVE
OPEN,597,-599,N,PROSPECT,ST, 03/02/2020,N PROSPECT ST
OPEN,597,-599,N,PROSPECT,ST, 09/18/2020,N PROSPECT ST
OPEN,600,-602,N,PROSPECT,ST, 03/02/2020,N PROSPECT ST
OPEN,600,-602,N,PROSPECT,ST, 07/17/2020,N PROSPECT ST
OPEN,600,-602,N,PROSPECT,ST, 08/24/2020,N PROSPECT ST
OPEN,600,,,GUILFORD,AVE, 08/28/2020,GUILFORD AVE
OPEN,600,,N,MULBERRY,ST, 04/27/2020,N MULBERRY ST
OPEN,600,,N,MULBERRY,ST, 06/10/2020,N MULBERRY ST
OPEN,600,,N,MULBERRY,ST, 08/10/2020,N MULBERRY ST
OPEN,601,-605,W,WASHINGTON,ST, 04/13/2021,W WASHINGTON ST
OPEN,601,-605,W,WASHINGTON,ST, 04/28/2021,W WASHINGTON ST
OPEN,603,,,PENNSYLVANIA,AVE, 10/12/2020,PENNSYLVANIA AVE
OPEN,603,,,PICADILLY,DR, 02/09/2020,PICADILLY DR
OPEN,605,-609,S,POTOMAC,ST, 08/24/2020,S POTOMAC ST
OPEN,605,,,BRIGHTON,PL, 04/19/2021,BRIGHTON PL
OPEN,605,,,BRIGHTON,PL, 10/05/2020,BRIGHTON PL
OPEN,605,,,PICADILLY,DR, 09/22/2020,PICADILLY DR
OPEN,605,,W,WASHINGTON,ST, 05/31/2020,W WASHINGTON ST
OPEN,607,,,GUILFORD,AVE, 01/15/2020,GUILFORD AVE
OPEN,607,,,PICADILLY,DR, 09/22/2020,PICADILLY DR
OPEN,609,,,KNIGHTSBRIDGE,DR, 09/22/2020,KNIGHTSBRIDGE DR
OPEN,609,,,MARYLAND,AVE, 09/29/2020,MARYLAND AVE
OPEN,610,,,FREDERICK,ST, 10/06/2020,FREDERICK ST
OPEN,610,,,GEORGE,ST, 04/19/2021,GEORGE ST
OPEN,610,,,SUMMIT,AVE, 08/13/2020,SUMMIT AVE
OPEN,611,,,CHURCH,ST, 04/20/2021,CHURCH ST
OPEN,613,,,MARYLAND,AVE, 10/08/2020,MARYLAND AVE
OPEN,613,,W,WASHINGTON,ST, 03/24/2021,W WASHINGTON ST
OPEN,614,,,GEORGE,ST, 08/29/2020,GEORGE ST
OPEN,615,,,SUNSET,AVE, 05/26/2020,SUNSET AVE
OPEN,616,,W,FRANKLIN,ST, 03/01/2020,W FRANKLIN ST
OPEN,616,,W,FRANKLIN,ST, 08/05/2020,W FRANKLIN ST
OPEN,616,,W,FRANKLIN,ST, 10/21/2020,W FRANKLIN ST
OPEN,617,,,FREDERICK,ST, 10/06/2020,FREDERICK ST
OPEN,618,,,CHESTNUT,ST, 08/11/2020,CHESTNUT ST
OPEN,618,,,CHURCH,ST, 10/21/2020,CHURCH ST
OPEN,619,-621,,PENNSYLVANIA,AVE, 12/02/2020,PENNSYLVANIA AVE
OPEN,619,,N,LOCUST,ST, 01/24/2020,N LOCUST ST
OPEN,619,,,POTOMAC,AVE, 11/30/2020,POTOMAC AVE
OPEN,619,,W,WASHINGTON,ST, 04/30/2020,W WASHINGTON ST
OPEN,619,,W,WASHINGTON,ST, 12/31/2020,W WASHINGTON ST
OPEN,620,-622,,CHURCH,ST, 10/21/2020,CHURCH ST
OPEN,620,-622,W,FRANKLIN,ST, 10/21/2020,W FRANKLIN ST
OPEN,620,,W,WASHINGTON,ST, 04/04/2020,W WASHINGTON ST
OPEN,620,,W,WASHINGTON,ST, 04/11/2020,W WASHINGTON ST
OPEN,620,,W,WASHINGTON,ST, 04/26/2021,W WASHINGTON ST
OPEN,620,,W,WASHINGTON,ST, 05/29/2020,W WASHINGTON ST
OPEN,620,,W,WASHINGTON,ST, 06/19/2020,W WASHINGTON ST
OPEN,620,,W,WASHINGTON,ST, 12/28/2020,W WASHINGTON ST
OPEN,620,,W,WASHINGTON,ST, 12/30/2020,W WASHINGTON ST
OPEN,621,-623,W,WASHINGTON,ST, 04/09/2020,W WASHINGTON ST
OPEN,621,-623,W,WASHINGTON,ST, 12/31/2020,W WASHINGTON ST
OPEN,622,,,ADAMS,AVE, 04/09/2020,ADAMS AVE
OPEN,622,,W,WASHINGTON,ST, 05/29/2020,W WASHINGTON ST
OPEN,623,,,GEORGE,ST, 02/04/2021,GEORGE ST
OPEN,623,,,GEORGE,ST, 04/19/2021,GEORGE ST
OPEN,623,,,SUMMIT,AVE, 08/18/2020,SUMMIT AVE
OPEN,623,,,WASHINGTON,AVE, 03/29/2020,WASHINGTON AVE
OPEN,624,,,GEORGE,ST, 04/28/2021,GEORGE ST
OPEN,625,-627,W,WASHINGTON,ST, 03/23/2021,W WASHINGTON ST
OPEN,625,-627,W,WASHINGTON,ST, 04/26/2021,W WASHINGTON ST
OPEN,625,-627,W,WASHINGTON,ST, 12/31/2020,W WASHINGTON ST
OPEN,626,,N,MULBERRY,ST, 02/03/2020,N MULBERRY ST
OPEN,628,,W,WASHINGTON,ST, 12/31/2020,W WASHINGTON ST
OPEN,629,-631,,GEORGE,ST, 10/21/2020,GEORGE ST
OPEN,630,,,LINGANORE,AVE, 04/20/2021,LINGANORE AVE
OPEN,631,,,HAYES,AVE, 09/27/2020,HAYES AVE
OPEN,632,-634,W,WASHINGTON,ST, 04/01/2021,W WASHINGTON ST
OPEN,632,,,MEDWAY,RD, 04/20/2021,MEDWAY RD
OPEN,632,,,SALEM,AVE, 01/04/2020,SALEM AVE
OPEN,633,-635,W,WASHINGTON,ST, 12/31/2020,W WASHINGTON ST
OPEN,633,,,WASHINGTON,AVE, 09/17/2020,WASHINGTON AVE
OPEN,636,,,GEORGE,ST, 10/21/2020,GEORGE ST
OPEN,636,,,HIGHLAND,WAY, 03/05/2020,HIGHLAND WAY
OPEN,638,-640,,GEORGE,ST, 07/28/2020,GEORGE ST
OPEN,639,,,OAK HILL,AVE, 04/22/2021,OAK HILL AVE
OPEN,640,,,OAK HILL,AVE, 10/08/2020,OAK HILL AVE
OPEN,643,-645,,PENNSYLVANIA,AVE, 04/26/2021,PENNSYLVANIA AVE
OPEN,643,,S,POTOMAC,ST, 08/24/2020,S POTOMAC ST
OPEN,644,,N,PROSPECT,ST, 03/02/2020,N PROSPECT ST
OPEN,645,,,FOREST,DR, 10/19/2020,FOREST DR
OPEN,646,,N,PROSPECT,ST, 03/02/2020,N PROSPECT ST
OPEN,647,,,FOREST,DR, 10/19/2020,FOREST DR
OPEN,647,,S,POTOMAC,ST, 10/23/2020,S POTOMAC ST
OPEN,647,,W,WASHINGTON,ST, 03/24/2021,W WASHINGTON ST
OPEN,648,-650,N,PROSPECT,ST, 03/02/2020,N PROSPECT ST
OPEN,650,-652,W,WASHINGTON,ST, 03/17/2020,W WASHINGTON ST
OPEN,650,-652,W,WASHINGTON,ST, 04/06/2020,W WASHINGTON ST
OPEN,650,-652,W,WASHINGTON,ST, 12/31/2020,W WASHINGTON ST
OPEN,651,,,COURT,AVE, 06/09/2020,COURT AVE
OPEN,651,,,FOREST,DR, 10/19/2020,FOREST DR
OPEN,651,,,PENNSYLVANIA,AVE, 10/29/2020,PENNSYLVANIA AVE
OPEN,652,,W,WASHINGTON,ST, 06/23/2020,W WASHINGTON ST
OPEN,655,,N,LOCUST,ST, 02/01/2021,N LOCUST ST
OPEN,655,,N,LOCUST,ST, 03/09/2020,N LOCUST ST
OPEN,655,,N,LOCUST,ST, 04/27/2020,N LOCUST ST
OPEN,655,,N,LOCUST,ST, 07/23/2020,N LOCUST ST
OPEN,655,,N,LOCUST,ST, 09/17/2020,N LOCUST ST
OPEN,658,,,KNIGHTSBRIDGE,DR, 09/22/2020,KNIGHTSBRIDGE DR
OPEN,660,,N,PROSPECT,ST, 04/12/2020,N PROSPECT ST
OPEN,661,-663,,PENNSYLVANIA,AVE, 12/03/2020,PENNSYLVANIA AVE
OPEN,670,-672,,OAK HILL,AVE, 10/14/2020,OAK HILL AVE
OPEN,670,-672,,PENNSYLVANIA,AVE, 12/02/2020,PENNSYLVANIA AVE
OPEN,671,,,HIGHLAND,WAY, 01/26/2021,HIGHLAND WAY
OPEN,671,,,HIGHLAND,WAY, 01/31/2020,HIGHLAND WAY
OPEN,671,,,HIGHLAND,WAY, 08/10/2020,HIGHLAND WAY
OPEN,673,,,FOREST,DR, 10/19/2020,FOREST DR
OPEN,673,,,OAK HILL,AVE, 08/24/2020,OAK HILL AVE
OPEN,674,,,HIGHLAND,WAY, 04/01/2021,HIGHLAND WAY
OPEN,674,,,HIGHLAND,WAY, 04/26/2021,HIGHLAND WAY
OPEN,683,,,HAYES,AVE, 02/11/2020,HAYES AVE
OPEN,701,,,SPRUCE,ST, 09/22/2020,SPRUCE ST
OPEN,702,,W,WASHINGTON,ST, 04/06/2021,W WASHINGTON ST
OPEN,702,,W,WASHINGTON,ST, 05/02/2020,W WASHINGTON ST
OPEN,703,-705,,CHESTNUT,ST, 08/20/2020,CHESTNUT ST
OPEN,705,,,FOREST,DR, 10/19/2020,FOREST DR
OPEN,707,,,FOREST,DR, 09/24/2020,FOREST DR
OPEN,707,,,FOREST,DR, 10/19/2020,FOREST DR
OPEN,707,,,PENNSYLVANIA,AVE, 04/28/2021,PENNSYLVANIA AVE
OPEN,707,,,PENNSYLVANIA,AVE, 05/08/2020,PENNSYLVANIA AVE
OPEN,708,,,JEFFERSON,ST, 09/01/2020,JEFFERSON ST
OPEN,709,,N,MULBERRY,ST, 02/03/2020,N MULBERRY ST
OPEN,709,,N,MULBERRY,ST, 05/11/2020,N MULBERRY ST
OPEN,709,,,SALEM,AVE, 04/20/2021,SALEM AVE
OPEN,711,,,FOREST,DR, 10/19/2020,FOREST DR
OPEN,711,,,KNIGHTSBRIDGE,DR, 02/14/2020,KNIGHTSBRIDGE DR
OPEN,711,,,KNIGHTSBRIDGE,DR, 06/30/2020,KNIGHTSBRIDGE DR
OPEN,711,,,KNIGHTSBRIDGE,DR, 07/30/2020,KNIGHTSBRIDGE DR
OPEN,711,,,KNIGHTSBRIDGE,DR, 09/26/2020,KNIGHTSBRIDGE DR
OPEN,711,,,KNIGHTSBRIDGE,DR, 10/30/2020,KNIGHTSBRIDGE DR
OPEN,711,,N,LOCUST,ST, 07/22/2020,N LOCUST ST
OPEN,713,,N,LOCUST,ST, 07/22/2020,N LOCUST ST
OPEN,715,,N,LOCUST,ST, 07/22/2020,N LOCUST ST
OPEN,715,,N,LOCUST,ST, 09/17/2020,N LOCUST ST
OPEN,716,,,SECURITY,RD, 10/22/2020,SECURITY RD
OPEN,717,,,GEORGE,ST, 04/28/2021,GEORGE ST
OPEN,717,,,GEORGE,ST, 10/21/2020,GEORGE ST
OPEN,717,,W,WASHINGTON,ST, 09/15/2020,W WASHINGTON ST
OPEN,718,,,FOREST,ST, 01/12/2021,FOREST ST
OPEN,718,,,MARYLAND,AVE, 09/29/2020,MARYLAND AVE
OPEN,719,,N,LOCUST,ST, 07/22/2020,N LOCUST ST
OPEN,719,,,SPRUCE,ST, 09/22/2020,SPRUCE ST
OPEN,720,,,GEORGE,ST, 10/21/2020,GEORGE ST
OPEN,720,,W,FRANKLIN,ST, 04/20/2021,W FRANKLIN ST
OPEN,720,,W,FRANKLIN,ST, 10/21/2020,W FRANKLIN ST
OPEN,721,,,FOREST,ST, 12/10/2020,FOREST ST
OPEN,721,,W,WASHINGTON,ST, 09/15/2020,W WASHINGTON ST
OPEN,723,,S,POTOMAC,ST, 08/13/2020,S POTOMAC ST
OPEN,724,,,MEDWAY,RD, 03/30/2020,MEDWAY RD
OPEN,724,,,MEDWAY,RD, 10/25/2020,MEDWAY RD
OPEN,724,,,SALEM,AVE, 04/16/2021,SALEM AVE
OPEN,725,,S,POTOMAC,ST, 04/21/2021,S POTOMAC ST
OPEN,726,,,MARYLAND,AVE, 09/29/2020,MARYLAND AVE
OPEN,727,,,CHURCH,ST, 07/03/2020,CHURCH ST
OPEN,730,,,GEORGE,ST, 07/06/2020,GEORGE ST
OPEN,730,,,SPRUCE,ST, 04/21/2021,SPRUCE ST
OPEN,730,,W,WASHINGTON,ST, 05/06/2020,W WASHINGTON ST
OPEN,731,-733,W,WASHINGTON,ST, 12/31/2020,W WASHINGTON ST
OPEN,731,,,DALE,ST, 02/13/2020,DALE ST
OPEN,731,,,DALE,ST, 03/18/2020,DALE ST
OPEN,731,,,JEFFERSON,ST, 09/28/2020,JEFFERSON ST
OPEN,732,-734,W,WASHINGTON,ST, 12/31/2020,W WASHINGTON ST
OPEN,732,,,MARYLAND,AVE, 11/19/2020,MARYLAND AVE
OPEN,732,,,MEDWAY,RD, 09/23/2020,MEDWAY RD
OPEN,735,-737,,VIRGINIA,AVE, 04/08/2021,VIRGINIA AVE
OPEN,739,,S,POTOMAC,ST, 04/21/2021,S POTOMAC ST
OPEN,739,,W,WASHINGTON,ST, 04/28/2021,W WASHINGTON ST
OPEN,743,,S,POTOMAC,ST, 03/09/2021,S POTOMAC ST
OPEN,743,,S,POTOMAC,ST, 04/21/2021,S POTOMAC ST
OPEN,744,,W,WASHINGTON,ST, 10/06/2020,W WASHINGTON ST
OPEN,746,,,SUMMIT,AVE, 06/29/2020,SUMMIT AVE
OPEN,747,,,MARYLAND,AVE, 03/25/2021,MARYLAND AVE
OPEN,752,,,SPRUCE,ST, 03/09/2020,SPRUCE ST
OPEN,752,,,SPRUCE,ST, 03/10/2020,SPRUCE ST
OPEN,752,,,SPRUCE,ST, 03/12/2020,SPRUCE ST
OPEN,752,,,SPRUCE,ST, 05/09/2020,SPRUCE ST
OPEN,752,,,SPRUCE,ST, 06/10/2020,SPRUCE ST
OPEN,753,,W,WASHINGTON,ST, 05/07/2020,W WASHINGTON ST
OPEN,755,,S,POTOMAC,ST, 04/21/2021,S POTOMAC ST
OPEN,800,-802,,VIRGINIA,AVE, 04/13/2020,VIRGINIA AVE
OPEN,800,-802,,WASHINGTON,AVE, 09/17/2020,WASHINGTON AVE
OPEN,800,-802,W,FRANKLIN,ST, 10/21/2020,W FRANKLIN ST
OPEN,801,,,MARYLAND,AVE, 12/11/2020,MARYLAND AVE
OPEN,801,,S,POTOMAC,ST, 08/17/2020,S POTOMAC ST
OPEN,801,,W,FRANKLIN,ST, 03/24/2021,W FRANKLIN ST
OPEN,802,,,VIRGINIA,AVE, 03/12/2020,VIRGINIA AVE
OPEN,804,,,PINE,ST, 02/14/2020,PINE ST
OPEN,805,,W,WASHINGTON,ST, 03/26/2020,W WASHINGTON ST
OPEN,806,,W,FRANKLIN,ST, 05/20/2020,W FRANKLIN ST
OPEN,807,,,HAMILTON,BLVD, 07/10/2020,HAMILTON BLVD
OPEN,807,,S,POTOMAC,ST, 02/05/2020,S POTOMAC ST
OPEN,808,,,WASHINGTON,AVE, 06/16/2020,WASHINGTON AVE
OPEN,810,,,DALE,ST, 06/16/2020,DALE ST
OPEN,810,,,DALE,ST, 06/20/2020,DALE ST
OPEN,810,,,WASHINGTON,AVE, 06/01/2020,WASHINGTON AVE
OPEN,811,,W,WASHINGTON,ST, 04/19/2021,W WASHINGTON ST
OPEN,812,-814,,SALEM,AVE, 04/20/2021,SALEM AVE
OPEN,812,-814,W,WASHINGTON,ST, 06/09/2020,W WASHINGTON ST
OPEN,812,-814,W,WASHINGTON,ST, 11/04/2020,W WASHINGTON ST
OPEN,812,,,DALE,ST, 06/16/2020,DALE ST
OPEN,812,,W,WASHINGTON,ST, 09/09/2020,W WASHINGTON ST
OPEN,813,,,LANVALE,ST, 10/21/2020,LANVALE ST
OPEN,813,,,MARYLAND,AVE, 10/02/2020,MARYLAND AVE
OPEN,813,,S,POTOMAC,ST, 04/22/2021,S POTOMAC ST
OPEN,815,,,MONET,DR, 06/05/2020,MONET DR
OPEN,815,,,MONET,DR, 06/10/2020,MONET DR
OPEN,816,,,MARYLAND,AVE, 04/27/2021,MARYLAND AVE
OPEN,818,,S,POTOMAC,ST, 03/28/2020,S POTOMAC ST
OPEN,819,,,DALE,ST, 04/12/2021,DALE ST
OPEN,820,,,SALEM,AVE, 01/04/2021,SALEM AVE
OPEN,820,,,SALEM,AVE, 11/05/2020,SALEM AVE
OPEN,821,-823,,CONCORD,ST, 04/26/2021,CONCORD ST
OPEN,821,,,THE TERRACE,, 02/23/2021,THE TERRACE
OPEN,821,,,VIRGINIA,AVE, 12/01/2020,VIRGINIA AVE
OPEN,822,,,SALEM,AVE, 08/19/2020,SALEM AVE
OPEN,823,,,LANVALE,ST, 07/07/2020,LANVALE ST
OPEN,824,,,CONCORD,ST, 04/26/2021,CONCORD ST
OPEN,825,,,GUILFORD,AVE, 05/18/2020,GUILFORD AVE
OPEN,825,,S,POTOMAC,ST, 05/25/2020,S POTOMAC ST
OPEN,826,-828,,GUILFORD,AVE, 09/15/2020,GUILFORD AVE
OPEN,826,,,CHESTNUT,ST, 04/28/2021,CHESTNUT ST
OPEN,826,,,SALEM,AVE, 05/03/2020,SALEM AVE
OPEN,827,,,CHESTNUT,ST, 02/26/2020,CHESTNUT ST
OPEN,827,,,CHESTNUT,ST, 04/28/2021,CHESTNUT ST
OPEN,827,,,HAMILTON,BLVD, 02/27/2020,HAMILTON BLVD
OPEN,827,,,HAMILTON,BLVD, 03/08/2020,HAMILTON BLVD
OPEN,828,,,SPRUCE,ST, 09/23/2020,SPRUCE ST
OPEN,829,,,CHESTNUT,ST, 07/29/2020,CHESTNUT ST
OPEN,832,-834,W,WASHINGTON,ST, 10/05/2020,W WASHINGTON ST
OPEN,833,,W,FRANKLIN,ST, 07/19/2020,W FRANKLIN ST
OPEN,837,,,CHESTNUT,ST, 07/29/2020,CHESTNUT ST
OPEN,837,,,MULBERRY,AVE, 02/11/2020,MULBERRY AVE
OPEN,839,,,CHESTNUT,ST, 07/13/2020,CHESTNUT ST
OPEN,841,,,MARYLAND,AVE, 10/02/2020,MARYLAND AVE
OPEN,844,,,SUMMIT,AVE, 02/07/2020,SUMMIT AVE
OPEN,845,-847,W,WASHINGTON,ST, 06/29/2020,W WASHINGTON ST
OPEN,845,-847,W,WASHINGTON,ST, 10/19/2020,W WASHINGTON ST
OPEN,846,,,GUILFORD,AVE, 10/09/2020,GUILFORD AVE
OPEN,865,-867,,VIRGINIA,AVE, 08/03/2020,VIRGINIA AVE
OPEN,893,,,MONET,DR, 01/08/2020,MONET DR
OPEN,900,,,DUAL,HWY, 08/05/2020,DUAL HWY
OPEN,900,,,HAMILTON,BLVD, 05/19/2020,HAMILTON BLVD
OPEN,900,,,POPE,AVE, 04/21/2021,POPE AVE
OPEN,900,,,VIEW,ST, 09/24/2020,VIEW ST
OPEN,901,,,CHESTNUT,ST, 04/28/2021,CHESTNUT ST
OPEN,901,,,POPE,AVE, 04/09/2020,POPE AVE
OPEN,902,,,HAMILTON,BLVD, 09/06/2020,HAMILTON BLVD
OPEN,902,,,HAMILTON,BLVD, 09/29/2020,HAMILTON BLVD
OPEN,904,,,VIEW,ST, 06/01/2020,VIEW ST
OPEN,905,,,FAIRVIEW,RD, 12/03/2020,FAIRVIEW RD
OPEN,906,,,MARYLAND,AVE, 04/21/2021,MARYLAND AVE
OPEN,906,,,POTOMAC,AVE, 08/23/2020,POTOMAC AVE
OPEN,906,,,ROSE HILL,AVE, 09/21/2020,ROSE HILL AVE
OPEN,907,,,MARION,ST, 09/20/2020,MARION ST
OPEN,908,,,HAMILTON,BLVD, 01/12/2020,HAMILTON BLVD
OPEN,908,,,HAMILTON,BLVD, 02/16/2021,HAMILTON BLVD
OPEN,908,,,HAMILTON,BLVD, 02/20/2020,HAMILTON BLVD
OPEN,909,,,BEECHWOOD,DR, 04/05/2021,BEECHWOOD DR
OPEN,911,,,GUILFORD,AVE, 07/18/2020,GUILFORD AVE
OPEN,912,,,HAMILTON,BLVD, 05/25/2020,HAMILTON BLVD
OPEN,912,,,KENWOOD,DR, 09/04/2020,KENWOOD DR
OPEN,912,,,POTOMAC,AVE, 12/22/2020,POTOMAC AVE
OPEN,913,,,MULBERRY,AVE, 01/14/2021,MULBERRY AVE
OPEN,915,,,ROSE HILL,AVE, 09/18/2020,ROSE HILL AVE
OPEN,916,,,SUMMIT,AVE, 08/13/2020,SUMMIT AVE
OPEN,917,-919,,MARYLAND,AVE, 10/02/2020,MARYLAND AVE
OPEN,919,,W,WASHINGTON,ST, 01/04/2020,W WASHINGTON ST
OPEN,919,,W,WASHINGTON,ST, 08/11/2020,W WASHINGTON ST
OPEN,920,,,HAMILTON,BLVD, 02/20/2020,HAMILTON BLVD
OPEN,921,,,CONCORD,ST, 04/08/2020,CONCORD ST
OPEN,921,,,CONCORD,ST, 06/06/2020,CONCORD ST
OPEN,927,,,CONCORD,ST, 07/04/2020,CONCORD ST
OPEN,930,,,CONCORD,ST, 02/25/2020,CONCORD ST
OPEN,930,,,SPRUCE,ST, 04/22/2021,SPRUCE ST
OPEN,931,-933,S,POTOMAC,ST, 08/18/2020,S POTOMAC ST
OPEN,931,,,DUAL,HWY, 05/11/2020,DUAL HWY
OPEN,931,,,DUAL,HWY, 10/05/2020,DUAL HWY
OPEN,937,,,OAK,ST, 05/27/2020,OAK ST
OPEN,938,,,CONCORD,ST, 05/23/2020,CONCORD ST
OPEN,938,,,SPRUCE,ST, 04/22/2021,SPRUCE ST
OPEN,940,,,CONCORD,ST, 05/23/2020,CONCORD ST
OPEN,940,,,CONCORD,ST, 07/19/2020,CONCORD ST
OPEN,941,,,MAIN,AVE, 02/02/2020,MAIN AVE
OPEN,941,,,MAIN,AVE, 02/16/2020,MAIN AVE
OPEN,943,,,KASINOF,AVE, 03/11/2021,KASINOF AVE
OPEN,943,,,KASINOF,AVE, 04/16/2021,KASINOF AVE
OPEN,944,,,CONCORD,ST, 05/23/2020,CONCORD ST
OPEN,949,,,MARYLAND,AVE, 10/02/2020,MARYLAND AVE
OPEN,950,-1022,,SECURITY,RD, 06/17/2020,SECURITY RD
OPEN,950,,,CONCORD,ST, 05/31/2020,CONCORD ST
OPEN,950,,,CONCORD,ST, 06/13/2020,CONCORD ST
OPEN,950,,,SECURITY,RD, 06/12/2020,SECURITY RD
OPEN,951,,,MARYLAND,AVE, 04/22/2021,MARYLAND AVE
OPEN,954,,,SECURITY,RD, 07/20/2020,SECURITY RD
OPEN,954,,,SECURITY,RD, 08/06/2020,SECURITY RD
OPEN,956,,,SECURITY,RD, 08/05/2020,SECURITY RD
OPEN,957,,,VIEW,ST, 01/14/2021,VIEW ST
OPEN,958,,,MAIN,AVE, 05/14/2020,MAIN AVE
OPEN,958,,,MAIN,AVE, 06/18/2020,MAIN AVE
OPEN,958,,,MAIN,AVE, 06/23/2020,MAIN AVE
OPEN,958,,,MAIN,AVE, 07/04/2020,MAIN AVE
OPEN,958,,,MAIN,AVE, 07/08/2020,MAIN AVE
OPEN,958,,,MAIN,AVE, 07/13/2020,MAIN AVE
OPEN,958,,,MAIN,AVE, 07/15/2020,MAIN AVE
OPEN,958,,,MULBERRY,AVE, 04/21/2021,MULBERRY AVE
OPEN,958,,,SECURITY,RD, 05/05/2020,SECURITY RD
OPEN,958,,,SECURITY,RD, 06/18/2020,SECURITY RD
OPEN,958,,,SECURITY,RD, 07/20/2020,SECURITY RD
OPEN,960,,,MAIN,AVE, 06/23/2020,MAIN AVE
OPEN,960,,,ROSS,ST, 06/17/2020,ROSS ST
OPEN,961,,,MULBERRY,AVE, 04/29/2021,MULBERRY AVE
OPEN,966,,,MAIN,AVE, 05/21/2020,MAIN AVE
OPEN,966,,,ST CLAIR,ST, 06/11/2020,ST CLAIR ST
OPEN,966,,,ST CLAIR,ST, 10/10/2020,ST CLAIR ST
OPEN,968,,,MAIN,AVE, 07/15/2020,MAIN AVE
OPEN,974,,,MAIN,AVE, 06/23/2020,MAIN AVE
OPEN,976,,,MAIN,AVE, 05/20/2020,MAIN AVE
OPEN,976,,,MAIN,AVE, 05/29/2020,MAIN AVE
OPEN,976,,,MAIN,AVE, 06/10/2020,MAIN AVE
OPEN,976,,,MAIN,AVE, 06/22/2020,MAIN AVE
OPEN,976,,,MAIN,AVE, 06/23/2020,MAIN AVE
OPEN,976,,,MAIN,AVE, 07/01/2020,MAIN AVE
OPEN,976,,,MAIN,AVE, 07/25/2020,MAIN AVE
OPEN,978,,,SECURITY,RD, 03/14/2020,SECURITY RD
OPEN,991,,,MARYLAND,AVE, 04/26/2021,MARYLAND AVE
OPEN,998,,,POTOMAC,AVE, 12/22/2020,POTOMAC AVE
OPEN,1000,-1004,,BRINKER,DR, 02/20/2020,BRINKER DR
OPEN,1000,-1004,,BRINKER,DR, 10/23/2020,BRINKER DR
OPEN,1000,,,ROSE HILL,AVE, 02/05/2021,ROSE HILL AVE
OPEN,1002,,,BRAMLY,CT, 06/18/2020,BRAMLY CT
OPEN,1002,,,SECURITY,RD, 04/04/2020,SECURITY RD
OPEN,1006,,,SECURITY,RD, 09/10/2020,SECURITY RD
OPEN,1007,-1021,W,WASHINGTON,ST, 03/09/2021,W WASHINGTON ST
OPEN,1007,-1021,W,WASHINGTON,ST, 03/30/2021,W WASHINGTON ST
OPEN,1008,,,COLUMBIA,RD, 04/13/2020,COLUMBIA RD
OPEN,1008,,,COLUMBIA,RD, 04/19/2021,COLUMBIA RD
OPEN,1008,,,COLUMBIA,RD, 05/27/2020,COLUMBIA RD
OPEN,1008,,,COLUMBIA,RD, 09/14/2020,COLUMBIA RD
OPEN,1008,,,SECURITY,RD, 04/04/2020,SECURITY RD
OPEN,1008,,,SECURITY,RD, 05/26/2020,SECURITY RD
OPEN,1008,,,SECURITY,RD, 06/09/2020,SECURITY RD
OPEN,1009,-1011,,CORBETT,ST, 09/16/2020,CORBETT ST
OPEN,1012,,,MULBERRY,AVE, 04/16/2020,MULBERRY AVE
OPEN,1016,,,ROSE HILL,AVE, 09/18/2020,ROSE HILL AVE
OPEN,1018,,,ROSE HILL,AVE, 09/18/2020,ROSE HILL AVE
OPEN,1018,,,SECURITY,RD, 05/30/2020,SECURITY RD
OPEN,1020,,,BRAMLY,DR, 09/14/2020,BRAMLY DR
OPEN,1020,,,BRAMLY,DR, 12/22/2020,BRAMLY DR
OPEN,1020,,,SECURITY,RD, 09/10/2020,SECURITY RD
OPEN,1021,,W,WASHINGTON,ST, 05/09/2020,W WASHINGTON ST
OPEN,1021,,W,WASHINGTON,ST, 05/24/2020,W WASHINGTON ST
OPEN,1021,,W,WASHINGTON,ST, 05/29/2020,W WASHINGTON ST
OPEN,1022,,,SECURITY,RD, 04/07/2020,SECURITY RD
OPEN,1024,,,NOLAND,DR, 09/04/2020,NOLAND DR
OPEN,1025,,,MAIN,AVE, 06/09/2020,MAIN AVE
OPEN,1030,,,KUHN,AVE, 01/08/2020,KUHN AVE
OPEN,1030,,,KUHN,AVE, 01/09/2020,KUHN AVE
OPEN,1030,,,SALEM,AVE, 03/15/2021,SALEM AVE
OPEN,1031,,,GLENWOOD,AVE, 09/21/2020,GLENWOOD AVE
OPEN,1033,,,MAIN,AVE, 01/28/2020,MAIN AVE
OPEN,1033,,,MAIN,AVE, 05/05/2020,MAIN AVE
OPEN,1033,,,MAIN,AVE, 09/17/2020,MAIN AVE
OPEN,1033,,,MAIN,AVE, 10/15/2020,MAIN AVE
OPEN,1036,,,NOLAND,DR, 01/26/2020,NOLAND DR
OPEN,1036,,,THE TERRACE,, 06/17/2020,THE TERRACE
OPEN,1037,,,NOLAND,DR, 04/04/2020,NOLAND DR
OPEN,1037,,,NOLAND,DR, 09/05/2020,NOLAND DR
OPEN,1044,,,NOLAND,DR, 06/02/2020,NOLAND DR
OPEN,1044,,,NOLAND,DR, 07/26/2020,NOLAND DR
OPEN,1050,,,LINDSAY,LN, 01/19/2021,LINDSAY LN
OPEN,1055,,,VIEW,ST, 10/19/2020,VIEW ST
OPEN,1056,,,NOLAND,DR, 08/03/2020,  
OPEN,1057,,,NOLAND,DR, 04/13/2020,NOLAND DR
OPEN,1060,,,BEECHWOOD,DR, 01/27/2020,BEECHWOOD DR
OPEN,1061,,,NOLAND,DR, 05/24/2020,NOLAND DR
OPEN,1068,,,NOLAND,DR, 05/27/2020,NOLAND DR
OPEN,1068,,,NOLAND,DR, 07/23/2020,NOLAND DR
OPEN,1068,,,NOLAND,DR, 08/31/2020,NOLAND DR
OPEN,1068,,,NOLAND,DR, 10/30/2020,NOLAND DR
OPEN,1092,,,VIRGINIA,AVE, 06/13/2020,VIRGINIA AVE
OPEN,1098,,,MARSHALL,ST, 07/20/2020,MARSHALL ST
OPEN,1105,,,VIRGINIA,AVE, 08/12/2020,VIRGINIA AVE
OPEN,1106,,,SALEM,AVE, 04/26/2021,SALEM AVE
OPEN,1107,,,LINDSAY,LN, 06/08/2020,LINDSAY LN
OPEN,1113,,,CHURCH,ST, 02/09/2020,CHURCH ST
OPEN,1113,,,SALEM,AVE, 02/03/2021,SALEM AVE
OPEN,1120,-1180,,KENLY,AVE, 07/08/2020,KENLY AVE
OPEN,1120,-1180,,KENLY,AVE, 09/22/2020,KENLY AVE
OPEN,1127,-1129,W,WASHINGTON,ST, 04/16/2021,W WASHINGTON ST
OPEN,1133,,,HAMILTON,BLVD, 05/02/2020,HAMILTON BLVD
OPEN,1134,,,OUTER,DR, 01/31/2020,OUTER DR
OPEN,1135,,,VIRGINIA,AVE, 02/16/2021,VIRGINIA AVE
OPEN,1137,,,GREEN,LN, 01/13/2020,GREEN LN
OPEN,1150,,,KENLY,AVE, 05/06/2020,KENLY AVE
OPEN,1160,,,FAIRCHILD,AVE, 01/27/2021,FAIRCHILD AVE
OPEN,1170,,,KENLY,AVE, 02/12/2020,KENLY AVE
OPEN,1207,,,OUTER,DR, 06/03/2020,OUTER DR
OPEN,1220,,,DUAL,HWY, 02/13/2020,DUAL HWY
OPEN,1224,,,WAYNE,AVE, 03/16/2021,WAYNE AVE
OPEN,1242,,,PINECREST,AVE, 04/28/2021,PINECREST AVE
OPEN,1260,-1262,,PINECREST,AVE, 04/29/2021,PINECREST AVE
OPEN,1262,,,PINECREST,AVE, 04/29/2021,PINECREST AVE
OPEN,1300,,,JAY,DR, 10/26/2020,JAY DR
OPEN,1302,,,CEDARWOOD,DR, 09/22/2020,CEDARWOOD DR
OPEN,1303,,,HAMILTON,BLVD, 09/25/2020,HAMILTON BLVD
OPEN,1310,,,POTOMAC,AVE, 02/16/2021,POTOMAC AVE
OPEN,1324,,,POTOMAC,AVE, 01/10/2020,POTOMAC AVE
OPEN,1324,,,POTOMAC,AVE, 01/11/2020,POTOMAC AVE
OPEN,1328,,,OUTER,DR, 02/26/2021,OUTER DR
OPEN,1330,,,POTOMAC,AVE, 03/11/2021,POTOMAC AVE
OPEN,1330,,,POTOMAC,AVE, 04/21/2021,POTOMAC AVE
OPEN,1333,,,SALEM,AVE, 08/10/2020,SALEM AVE
OPEN,1400,,,MARSHALL,ST, 09/22/2020,MARSHALL ST
OPEN,1452,,,POTOMAC,AVE, 08/17/2020,POTOMAC AVE
OPEN,1495,,,EASTERN,BLVD, 04/06/2021,EASTERN BLVD
OPEN,1501,-1503,,BROADFORDING,RD, 06/08/2020,BROADFORDING RD
OPEN,1505,-1507,,BROADFORDING,RD, 09/16/2020,BROADFORDING RD
OPEN,1546,,,VIOLET,DR, 08/11/2020,VIOLET DR
OPEN,1591,,,POTOMAC,AVE, 02/09/2021,POTOMAC AVE
OPEN,1603,,,LANGLEY,DR, 02/20/2020,LANGLEY DR
OPEN,1606,,,DUAL,HWY, 05/03/2020,DUAL HWY
OPEN,1676,,,LANGLEY,DR, 01/28/2021,LANGLEY DR
OPEN,1730,-1744,,EDGEWOOD HILL,CIR, 10/23/2020,EDGEWOOD HILL CIR
OPEN,1730,,,EDGEWOOD HILL,CIR, 04/27/2021,EDGEWOOD HILL CIR
OPEN,1738,,,EDGEWOOD HILL,CIR, 10/09/2020,EDGEWOOD HILL CIR
OPEN,1738,,,EDGEWOOD HILL,CIR, 10/15/2020,EDGEWOOD HILL CIR
OPEN,1740,,,EDGEWOOD HILL,CIR, 10/08/2020,EDGEWOOD HILL CIR
OPEN,1749,,,EDGEWOOD HILL,CIR, 02/09/2020,EDGEWOOD HILL CIR
OPEN,1760,,,DUAL,HWY, 12/16/2020,DUAL HWY
OPEN,1920,,,DUAL,HWY, 11/19/2020,DUAL HWY
OPEN,12801,12950,,LITTLE ELLIOTT,DR, 09/22/2020,LITTLE ELLIOTT DR
OPEN,12817,,,LITTLE ELLIOTT,DR, 09/15/2020,LITTLE ELLIOTT DR
OPEN,12820,,,LITTLE ELLIOTT,DR, 06/23/2020,LITTLE ELLIOTT DR
OPEN,12825,,,LITTLE ELLIOTT,DR, 02/11/2020,LITTLE ELLIOTT DR
OPEN,12829,,,LITTLE ELLIOTT,DRIV, 09/04/2020,LITTLE ELLIOTT DRIV
OPEN,13006,,,YELLOW JACKET,RD, 08/08/2020,YELLOW JACKET RD
OPEN,17403,,,COBB,CT, 09/15/2020,COBB CT
OPEN,17602,,,POTTER BELL,WAY, 09/15/2020,POTTER BELL WAY
OPEN,17626,,,BASALT,WAY, 05/06/2020,BASALT WAY
OPEN,17804,,,FARRAGUT,WAY, 09/14/2020,FARRAGUT WAY
OPEN,18209,,,HURRICANE,CT, 09/17/2020,HURRICANE CT
